# Blender 4.3.2
# www.blender.org
mtllib rock2_high_res.mtl
o rock2
v -1.469122 -0.677137 -1.834483
v -1.226934 -0.511059 -1.829253
v -1.338030 -0.802532 -1.820203
v -1.482634 -0.353382 -1.844862
v -1.601752 -0.805043 -1.780543
v -1.469120 -0.924205 -1.756303
v -1.631596 -0.554082 -1.818494
v -1.307521 -0.102011 -1.827293
v -1.195614 -0.794829 -1.820365
v -1.282888 -0.913646 -1.798036
v -1.365232 -0.938980 -1.776875
v -1.372508 -0.951678 -1.660588
v -1.487929 -0.935510 -1.614856
v -1.599301 -0.879405 -1.648087
v -1.674926 -0.655385 -1.677996
v -1.678187 -0.398403 -1.711595
v -1.641815 -0.254387 -1.803398
v -1.545260 -0.020843 -1.829498
v -1.138953 0.215642 -1.814921
v -0.831596 -0.348430 -1.821434
v -1.199377 -0.927963 -1.795008
v -1.316113 -0.961688 -1.737826
v -1.245988 -0.972770 -1.754455
v -1.400307 -0.943159 -1.495751
v -1.252282 -0.983079 -1.575066
v -1.247481 -0.969694 -1.673703
v -1.558486 -0.886710 -1.505803
v -1.649107 -0.703799 -1.530131
v -1.661972 -0.355661 -1.548071
v -1.676909 -0.024245 -1.673913
v -1.649619 -0.050842 -1.771243
v -1.422752 0.275712 -1.825493
v -1.095048 -0.902473 -1.803295
v -1.154952 -0.978781 -1.736025
v -1.267428 -0.986183 -1.486652
v -1.274313 -0.934281 -1.397555
v -1.382583 -0.840923 -1.375744
v -1.499232 -0.824079 -1.385489
v -1.602617 -0.741400 -1.413965
v -1.625263 -0.521354 -1.419737
v -1.620966 -0.298113 -1.409992
v -1.627497 -0.033581 -1.420418
v -1.661809 0.131908 -1.539095
v -1.641520 0.134515 -1.764298
v -1.566606 0.238093 -1.818462
v -1.010613 -0.715107 -1.823572
v -0.951739 -0.900880 -1.803787
v -1.021965 -0.991425 -1.736305
v -1.098990 -1.002413 -1.623628
v -0.952366 -1.023750 -1.657001
v -0.938050 -1.049607 -1.540733
v -0.846264 -1.001190 -1.742246
v -0.762660 -0.800243 -1.825736
v -0.802518 0.299144 -1.795327
v -1.255742 0.555841 -1.811043
v -1.240082 0.801058 -1.813552
v -1.383176 0.775052 -1.821616
v -1.118930 0.702788 -1.804258
v -1.535180 0.632675 -1.822419
v -0.918028 0.580585 -1.791994
v -0.316419 -0.336895 -1.827124
v -0.449670 -0.644409 -1.827871
v -0.565918 0.010298 -1.804222
v -0.828765 0.755757 -1.799807
v -0.990179 0.750104 -1.803020
v -1.113578 0.852546 -1.810311
v -0.959756 0.874961 -1.805332
v -0.771806 0.875177 -1.800990
v -0.549805 0.596272 -1.786460
v -0.522242 -0.905067 -1.814428
v -0.686726 -0.976663 -1.776753
v -0.569664 -1.012903 -1.758230
v -0.491796 0.330769 -1.786821
v -0.826937 0.993837 -1.735806
v -1.074593 0.977224 -1.744201
v -0.919543 1.058381 -1.628350
v -0.120369 0.119176 -1.804069
v -0.451934 0.888837 -1.798963
v -1.119989 1.041704 -1.511567
v -0.800178 1.078628 -1.515089
v -0.591412 1.078182 -1.614401
v -0.424907 0.998299 -1.737800
v -0.194328 0.371679 -1.786601
v -0.039617 -0.737248 -1.831857
v -0.241075 0.764199 -1.803119
v -0.612391 1.105660 -1.497829
v -0.722605 1.082777 -1.423176
v -0.428153 1.112059 -1.515062
v -0.550715 1.124612 -1.420439
v -0.230012 1.061299 -1.651129
v -0.254363 0.913915 -1.800117
v -0.115019 0.553219 -1.789789
v 0.329214 -0.339957 -1.838521
v 0.256983 0.171980 -1.803621
v 0.039573 0.370749 -1.789259
v -0.023715 0.761448 -1.807752
v -0.138956 0.874306 -1.810876
v -0.163915 0.980060 -1.763001
v -0.059422 1.116519 -1.476158
v -0.043384 0.910136 -1.805418
v 0.228311 0.555622 -1.796827
v -0.004049 -0.929210 -1.818946
v 0.612928 0.048496 -1.815314
v 0.158051 0.776897 -1.813046
v 0.056172 0.876457 -1.814209
v 0.039372 0.990656 -1.757949
v 0.206697 1.057529 -1.646931
v 0.149672 0.911690 -1.808882
v 0.348960 -0.766086 -1.841033
v 0.152641 -0.904409 -1.827041
v 0.360579 -0.973481 -1.817234
v 0.299435 0.759378 -1.813562
v 0.245008 0.869960 -1.819321
v 0.239960 0.985088 -1.767271
v 0.306200 1.099500 -1.530244
v 0.362726 0.883385 -1.813730
v 0.461749 0.713843 -1.812114
v 0.478743 0.408555 -1.793321
v 0.734793 0.377525 -1.796619
v 0.647092 0.650624 -1.809990
v 0.485075 0.905283 -1.815206
v 0.402706 0.998638 -1.752335
v 0.489660 1.047967 -1.662381
v 0.531762 0.987622 -1.770910
v 0.623683 0.879240 -1.821625
v 0.791703 -0.420385 -1.848680
v 0.626276 -0.669097 -1.854306
v 0.570452 -0.918235 -1.835313
v 0.842895 -0.675972 -1.858701
v 0.747555 -0.861905 -1.848769
v 0.900438 0.080388 -1.810493
v 0.637301 1.017530 -1.735533
v 0.675051 1.086400 -1.543093
v 0.733556 0.976081 -1.779325
v 0.799218 0.849927 -1.825014
v 0.875513 0.643515 -1.819116
v 1.007740 0.428570 -1.809429
v 1.089715 -0.172673 -1.822357
v 1.086499 -0.614227 -1.845397
v 0.961082 -0.960001 -1.837578
v 1.218723 0.153368 -1.815803
v 1.082987 0.690807 -1.827860
v 0.961402 0.853433 -1.825137
v 0.841384 0.995558 -1.744618
v 0.869080 1.049102 -1.564488
v 1.009506 0.980117 -1.747847
v 1.082094 0.885443 -1.816958
v 1.261811 0.550750 -1.825955
v 1.212019 -0.977191 -1.815904
v 1.287586 -0.309376 -1.832569
v 1.451379 -0.058453 -1.825678
v 1.426051 0.331670 -1.832826
v 1.407941 0.634004 -1.839827
v 1.201539 0.849293 -1.818049
v 1.119796 0.965371 -1.762112
v 1.074587 1.001915 -1.643412
v 0.973643 1.031842 -1.514979
v 1.215538 0.981643 -1.717708
v 1.351523 0.837417 -1.821055
v 1.524921 0.625856 -1.811255
v 1.477164 0.820593 -1.829887
v 1.559941 0.442850 -1.770653
v 1.552100 0.212487 -1.763822
v 1.555935 0.009620 -1.737854
v 1.535002 -0.214450 -1.751328
v 1.447579 -0.403172 -1.830250
v 1.326232 -0.652104 -1.837776
v 1.465541 -0.649786 -1.816438
v 1.395124 -0.866064 -1.813559
v 1.522126 -0.461418 -1.738574
v 1.565700 -0.048301 -1.631835
v 1.540164 -0.281767 -1.622386
v 1.588617 0.180090 -1.639533
v 1.601129 0.420123 -1.659541
v 1.594438 0.651282 -1.692899
v 1.549225 0.855447 -1.731704
v 1.427743 0.952021 -1.735356
v 1.189752 0.994035 -1.594504
v 1.089741 1.011420 -1.536166
v 1.349437 0.976630 -1.591429
v 1.490142 0.949450 -1.633884
v 1.571577 0.858719 -1.589898
v 1.602196 0.638707 -1.540974
v 1.594845 0.370088 -1.510606
v 1.572286 0.117179 -1.501852
v 1.545631 -0.115935 -1.500664
v 1.521232 -0.338431 -1.482692
v 1.504380 -0.560131 -1.532956
v 1.514880 -0.667438 -1.721671
v 1.487561 -0.797690 -1.780678
v 1.466422 -0.943885 -1.720715
v 1.340208 -1.079809 -1.757707
v 1.236637 -1.139043 -1.745336
v 1.397602 -1.137145 -1.635769
v 1.270346 -1.159566 -1.657460
v 1.504619 -0.767620 -1.627077
v 1.488799 -0.975910 -1.571996
v 1.503522 -0.794500 -1.721357
v 1.503458 -0.179127 -1.383380
v 1.485237 -0.341360 -1.380687
v 1.489859 -0.464948 -1.422405
v 1.515608 0.032042 -1.379281
v 1.528772 0.277060 -1.370706
v 1.546412 0.570189 -1.380219
v 1.549202 0.860070 -1.431027
v 1.472180 0.960504 -1.514233
v 1.427549 0.949487 -1.402340
v 1.398887 0.755353 -1.333562
v 1.364777 0.429982 -1.322492
v 1.382426 0.152676 -1.335176
v 1.400994 -0.046009 -1.340386
v 1.397161 -0.244734 -1.344061
v 1.414717 -0.437162 -1.361095
v 1.454316 -0.604650 -1.406942
v 1.488224 -0.774542 -1.484945
v 1.467368 -0.953541 -1.436899
v 1.414217 -1.099496 -1.496455
v 1.298624 -1.140069 -1.533759
v 1.410519 -1.047187 -1.397370
v 1.329571 -1.088720 -1.419892
v 1.432653 -0.782337 -1.373590
v 1.417857 -0.937720 -1.354551
v 1.319075 -0.607287 -1.350615
v 1.290009 -0.360758 -1.360517
v 1.249160 -0.124497 -1.364821
v 1.298315 0.049628 -1.355977
v 1.148378 0.182196 -1.352327
v 1.123023 0.630421 -1.340339
v 1.275072 0.909767 -1.379220
v 1.353783 0.989477 -1.466204
v 1.169464 1.016389 -1.480219
v 1.102176 -0.467030 -1.377585
v 1.329757 -0.850301 -1.341316
v 1.150286 -0.790238 -1.364678
v 1.355058 -0.999463 -1.355397
v 1.255237 -0.985642 -1.367407
v 1.201027 -1.099265 -1.438937
v 1.144753 -1.143410 -1.559452
v 1.135548 -1.003546 -1.383070
v 0.975313 -0.159659 -1.373663
v 1.087390 0.928324 -1.382336
v 0.711917 0.380696 -1.338298
v 1.051220 -1.082879 -1.438191
v 1.178200 -1.164390 -1.689094
v 1.168707 -1.149328 -1.759306
v 1.061364 -1.158677 -1.765324
v 0.931862 -1.134944 -1.551162
v 0.989439 -0.927923 -1.376257
v 0.919296 -1.042623 -1.422335
v 0.808236 -0.680988 -1.386137
v 0.839256 -0.473584 -1.389237
v 0.846538 0.796425 -1.349340
v 1.038637 1.024402 -1.447232
v 0.944967 0.978264 -1.388946
v 0.951506 1.036417 -1.433005
v 0.616501 -0.524453 -1.385382
v 0.793029 -0.928251 -1.383831
v 0.795360 -1.076239 -1.454480
v 0.569180 -0.908240 -1.381089
v 0.861548 1.061913 -1.439389
v 0.715932 0.990424 -1.382650
v 0.753578 1.100730 -1.456848
v 0.406194 0.757147 -1.335617
v 0.353718 -0.758869 -1.379674
v 0.642298 -1.048831 -1.430679
v 0.327246 -0.977105 -1.387683
v 0.425841 -1.065407 -1.438904
v 0.352371 -0.440810 -1.376289
v 0.629353 1.106919 -1.429474
v 0.518613 1.004591 -1.377105
v 0.586739 -1.133376 -1.568537
v 0.389346 -1.118309 -1.701152
v 0.591282 -1.134094 -1.710342
v 0.221948 -1.125051 -1.548461
v 0.229034 -1.071276 -1.438281
v 0.087191 -0.959715 -1.389280
v 0.050949 -0.516958 -1.371551
v 0.324164 -0.005135 -1.349800
v 0.459282 1.120605 -1.432212
v 0.327296 0.981695 -1.368634
v 0.368545 0.468632 -1.329153
v 0.059833 -1.098948 -1.473010
v 0.105689 -1.102591 -1.694643
v 0.285591 -1.061632 -1.773011
v 0.397357 -1.060976 -1.784825
v 0.516367 -1.076548 -1.788726
v 0.140898 -1.017143 -1.793180
v -0.037354 -0.094247 -1.350325
v -0.130233 -1.105170 -1.551569
v -0.059267 -1.026349 -1.776329
v -0.138446 -1.087230 -1.693138
v -0.117866 -1.046965 -1.426957
v -0.207735 -0.856243 -1.366748
v 0.111623 0.489693 -1.321954
v -0.435823 -0.493198 -1.357832
v -0.324571 -1.040748 -1.426374
v 0.131387 0.852321 -1.340758
v -0.083196 0.774414 -1.327954
v -0.224399 0.435852 -1.315943
v -0.619276 0.190238 -1.326783
v -0.433276 -0.884227 -1.364399
v -0.490394 -1.082434 -1.546528
v -0.307806 -1.086590 -1.654579
v -0.291647 -1.013855 -1.771705
v -0.139607 -0.922184 -1.816966
v -0.278662 -0.850370 -1.826309
v -0.468035 -1.055579 -1.701705
v -0.798762 -0.200684 -1.343163
v -0.333800 0.768414 -1.321566
v -0.548442 0.551002 -1.311697
v -0.858171 -0.658601 -1.350090
v -0.637593 -0.871423 -1.357501
v -0.520941 -1.024213 -1.407489
v -0.464775 -0.999912 -1.775615
v -0.667787 -1.050954 -1.675310
v -0.685755 -1.059705 -1.432345
v -0.837341 -0.967046 -1.374674
v -1.067921 -0.448530 -1.351662
v -0.594385 0.910074 -1.343529
v -1.044001 0.119993 -1.338835
v -0.838653 -1.072673 -1.456252
v -0.748078 -1.075372 -1.546159
v -0.833138 -1.050237 -1.633876
v -0.951989 -1.046030 -1.424751
v -0.988021 -0.929967 -1.362294
v -0.856910 0.605681 -1.325666
v -0.829371 0.924700 -1.361813
v -1.111913 -0.805617 -1.353421
v -1.119804 -1.024204 -1.457597
v -1.275154 -0.703598 -1.354506
v -1.337732 -0.395640 -1.358760
v -0.362227 1.030668 -1.358656
v -0.469380 1.093229 -1.375623
v -0.397078 1.136898 -1.425280
v -0.378452 1.125198 -1.385387
v -0.127550 1.071328 -1.373700
v -0.245256 1.124332 -1.392834
v -0.034722 1.118883 -1.395624
v -0.005302 1.018834 -1.364135
v 0.035273 1.127611 -1.395857
v 0.131026 1.131715 -1.440115
v 0.147436 1.056729 -1.380008
v 0.275346 1.124600 -1.435165
v -0.920521 1.044998 -1.424875
v -1.042185 0.883846 -1.358735
v -1.202545 0.560226 -1.341963
v -1.367623 0.139069 -1.348656
v -1.056334 1.026037 -1.426419
v -1.190189 0.995049 -1.412114
v -1.336336 0.832239 -1.351054
v -1.244026 1.021677 -1.658222
v -1.392997 1.018151 -1.530327
v -1.407643 0.987283 -1.419638
v -1.510068 0.875145 -1.356640
v -1.503078 0.537515 -1.337625
v -1.542390 0.191587 -1.354123
v -1.517665 -0.010857 -1.351143
v -1.452586 -0.201984 -1.357530
v -1.560990 -0.181033 -1.362448
v -1.630337 0.307720 -1.418062
v -1.633160 0.530558 -1.416503
v -1.627757 0.755131 -1.413591
v -1.552463 0.986180 -1.470771
v -1.210848 0.940467 -1.770867
v -1.333209 0.935002 -1.769750
v -1.434661 0.999514 -1.688207
v -1.555248 0.990996 -1.615526
v -1.644387 0.821341 -1.556800
v -1.658889 0.485561 -1.515738
v -1.546818 -0.371402 -1.358261
v -1.452801 -0.444025 -1.359994
v -1.419104 -0.652264 -1.354116
v -1.535389 -0.600832 -1.350636
v -1.668579 0.283016 -1.656995
v -1.656811 0.584990 -1.666993
v -1.633510 0.860964 -1.691695
v -1.551199 0.966444 -1.737667
v -1.605863 0.875990 -1.780213
v -1.622914 0.724492 -1.768956
v -1.615587 0.554133 -1.779471
v -1.631285 0.371396 -1.763392
v -1.555579 0.430720 -1.820834
v -1.576059 0.791620 -1.819857
v -1.545327 0.891273 -1.808026
v -1.459422 0.914346 -1.788163
v -1.500329 0.790353 -1.825679
v 0.729146 -1.097712 -1.802060
v 0.813847 -1.154220 -1.690619
v 0.911789 -1.141815 -1.795820
v -1.393916 -0.739148 -1.827298
v -1.360161 -0.585837 -1.836399
v -1.291525 -0.666812 -1.828514
v -1.470028 -0.519524 -1.844850
v -1.362196 -0.415951 -1.838846
v -1.542888 -0.875265 -1.774004
v -1.547567 -0.759856 -1.816832
v -1.472373 -0.818285 -1.805684
v -1.407387 -0.866473 -1.799734
v -1.558476 -0.617696 -1.837746
v -1.565841 -0.461617 -1.842328
v -1.622743 -0.695377 -1.806448
v -1.400256 -0.227875 -1.837379
v -1.250173 -0.305417 -1.828724
v -1.265254 -0.780897 -1.822825
v -1.202680 -0.666986 -1.825503
v -1.246569 -0.858347 -1.812938
v -1.306385 -0.863271 -1.812953
v -1.327962 -0.925364 -1.793202
v -1.358723 -0.889866 -1.803082
v -1.407285 -0.937307 -1.769978
v -1.424102 -0.949184 -1.709452
v -1.433825 -0.944172 -1.635526
v -1.482349 -0.940971 -1.682240
v -1.377187 -0.952373 -1.729424
v -1.542120 -0.920189 -1.706256
v -1.542681 -0.922170 -1.632087
v -1.606422 -0.858738 -1.722377
v -1.647477 -0.782885 -1.662785
v -1.648787 -0.748598 -1.738582
v -1.665935 -0.617267 -1.757119
v -1.681105 -0.526473 -1.694794
v -1.667805 -0.484119 -1.769624
v -1.668793 -0.328325 -1.762143
v -1.638449 -0.408154 -1.818569
v -1.575261 -0.306752 -1.835466
v -1.511471 -0.185996 -1.840307
v -1.439502 -0.052152 -1.833016
v -1.596123 -0.156589 -1.823983
v -1.098245 -0.212849 -1.823342
v -1.221664 0.041183 -1.821847
v -1.011506 -0.038023 -1.817588
v -1.051503 -0.428515 -1.824871
v -1.238766 -0.918737 -1.799219
v -1.197604 -0.873924 -1.810747
v -1.281871 -0.969067 -1.745861
v -1.304705 -0.947609 -1.771487
v -1.265257 -0.951195 -1.778024
v -1.223527 -0.957839 -1.777246
v -1.343090 -0.954117 -1.757695
v -1.341636 -0.957645 -1.704944
v -1.386434 -0.950858 -1.581380
v -1.451890 -0.939867 -1.560663
v -1.316266 -0.963889 -1.612057
v -1.326614 -0.966564 -1.545615
v -1.248270 -0.973691 -1.627408
v -1.307978 -0.959881 -1.662685
v -1.522983 -0.922438 -1.562072
v -1.487194 -0.920899 -1.498318
v -1.584021 -0.888877 -1.575079
v -1.612358 -0.813409 -1.517846
v -1.633015 -0.803204 -1.588677
v -1.667159 -0.679581 -1.601998
v -1.661435 -0.554038 -1.540419
v -1.675467 -0.529384 -1.614670
v -1.675906 -0.382269 -1.638948
v -1.672689 -0.175398 -1.611719
v -1.678679 -0.228770 -1.688462
v -1.669779 -0.152505 -1.741474
v -1.668204 -0.036183 -1.733112
v -1.649798 -0.133024 -1.785022
v -1.614457 -0.047189 -1.801596
v -1.369935 0.092567 -1.826036
v -1.293105 0.240927 -1.820622
v -1.477565 0.115421 -1.830616
v -1.154622 -0.915419 -1.800723
v -1.139576 -0.846437 -1.816030
v -1.206486 -0.978362 -1.744937
v -1.177490 -0.957517 -1.772115
v -1.124002 -0.951720 -1.773459
v -1.247298 -0.975268 -1.717962
v -1.197283 -0.978706 -1.700487
v -1.291543 -0.965859 -1.704741
v -1.260956 -0.987387 -1.524717
v -1.322418 -0.968775 -1.492098
v -1.339374 -0.947054 -1.438619
v -1.334805 -0.889765 -1.385286
v -1.394963 -0.901310 -1.420002
v -1.272641 -0.977014 -1.446764
v -1.458991 -0.894095 -1.433719
v -1.438699 -0.839124 -1.379715
v -1.530274 -0.871206 -1.440006
v -1.559182 -0.791533 -1.394014
v -1.588949 -0.821177 -1.452643
v -1.630520 -0.730045 -1.464707
v -1.620273 -0.642619 -1.413628
v -1.645422 -0.607430 -1.472775
v -1.647397 -0.460025 -1.479024
v -1.625893 -0.403077 -1.417686
v -1.643513 -0.325266 -1.465320
v -1.629379 -0.188835 -1.420270
v -1.649652 -0.179063 -1.482405
v -1.651065 0.037653 -1.480722
v -1.662267 -0.094575 -1.544582
v -1.671721 0.050739 -1.603618
v -1.666130 0.077085 -1.717452
v -1.647337 0.027207 -1.766212
v -1.602099 0.062076 -1.802607
v -1.554399 0.126569 -1.825240
v -1.506346 0.246086 -1.827579
v -1.605891 0.183861 -1.798985
v -1.114911 -0.744061 -1.822709
v -1.095794 -0.601423 -1.825332
v -1.058633 -0.819869 -1.817620
v -1.023634 -0.899156 -1.805494
v -0.972431 -0.820508 -1.819041
v -1.091558 -0.985908 -1.734198
v -1.059468 -0.953878 -1.775001
v -0.985515 -0.955992 -1.776168
v -1.129297 -0.990664 -1.684778
v -1.059952 -1.001222 -1.684177
v -1.180285 -0.982559 -1.648319
v -1.177335 -0.994357 -1.593794
v -1.022552 -1.026358 -1.576623
v -1.017563 -1.014227 -1.639985
v -0.950374 -1.034065 -1.604830
v -0.986223 -1.011361 -1.695322
v -0.939916 -0.999075 -1.741076
v -0.907092 -1.020503 -1.698469
v -0.900024 -0.949561 -1.780866
v -0.873473 -0.857876 -1.816242
v -0.888053 -0.737755 -1.827478
v -0.810144 -0.917184 -1.792484
v -0.931625 -0.566665 -1.824832
v -1.343144 0.413831 -1.818114
v -1.200442 0.391679 -1.811821
v -1.306985 0.781625 -1.818043
v -1.249478 0.688164 -1.814573
v -1.333367 0.673965 -1.819705
v -1.186085 0.741663 -1.811678
v -1.168418 0.637884 -1.805086
v -1.403849 0.580926 -1.819454
v -1.448912 0.699685 -1.825833
v -1.471006 0.464585 -1.824652
v -1.035037 0.645277 -1.796740
v -1.090078 0.547595 -1.800453
v -1.032439 0.411572 -1.802348
v -0.968935 0.244459 -1.805329
v -0.861133 0.452551 -1.792440
v -0.779584 -0.607101 -1.828235
v -0.615916 -0.517329 -1.826164
v -0.567973 -0.350594 -1.823746
v -0.398243 -0.500877 -1.828151
v -0.617807 -0.701971 -1.829530
v -0.682665 -0.150565 -1.812205
v -0.465776 -0.161151 -1.815882
v -0.909991 0.750666 -1.800954
v -0.840767 0.676301 -1.793276
v -0.949812 0.681334 -1.795627
v -1.051691 0.722705 -1.802080
v -1.123417 0.777094 -1.810724
v -1.054522 0.798064 -1.810211
v -1.178220 0.829722 -1.813614
v -1.040903 0.865120 -1.809476
v -0.976811 0.809271 -1.809199
v -0.893378 0.820312 -1.807638
v -0.876691 0.888814 -1.803778
v -0.801865 0.815659 -1.803489
v -0.720612 0.692143 -1.792793
v -0.745799 0.583670 -1.787421
v -0.695594 0.466676 -1.787276
v -0.835672 0.006764 -1.808084
v -0.701496 0.135213 -1.798817
v -0.633610 -0.845692 -1.823869
v -0.493695 -0.779055 -1.826278
v -0.759650 -0.986629 -1.762732
v -0.721232 -0.908834 -1.804127
v -0.624246 -0.940412 -1.801041
v -0.626534 -0.999220 -1.767214
v -0.558084 -0.969525 -1.789591
v -0.654364 0.338769 -1.788729
v -0.539715 0.192745 -1.793795
v -0.528836 0.448959 -1.783870
v -0.667505 0.765957 -1.797752
v -0.807716 0.941588 -1.780101
v -0.924299 0.939731 -1.776171
v -0.969648 0.989046 -1.737177
v -1.020099 0.928834 -1.781111
v -1.006594 1.025342 -1.688645
v -0.874599 1.036279 -1.680953
v -0.368940 0.057530 -1.803997
v -0.328212 0.235506 -1.793311
v -0.628476 0.883960 -1.799322
v -0.490926 0.764336 -1.798296
v -0.636287 0.953166 -1.772768
v -0.849233 1.071876 -1.569683
v -1.022343 1.054801 -1.572722
v -0.956545 1.060594 -1.515518
v -0.757905 1.070865 -1.621992
v -0.699702 1.083106 -1.564382
v -0.713123 1.042660 -1.676705
v -0.618817 1.000236 -1.733058
v -0.516523 1.041362 -1.681658
v -0.446250 0.953318 -1.774925
v -0.337407 0.356881 -1.785821
v -0.348819 0.464715 -1.784344
v -0.154147 0.270883 -1.792477
v -0.206283 -0.116238 -1.818216
v -0.253422 -0.669878 -1.829875
v -0.160604 -0.532801 -1.831736
v -0.337585 0.817501 -1.804369
v -0.369548 0.685471 -1.794258
v -0.598385 1.094845 -1.548571
v -0.691389 1.092490 -1.508906
v -0.760206 1.090684 -1.467021
v -0.668249 1.107095 -1.461717
v -0.499928 1.129274 -1.465060
v -0.531770 1.110302 -1.508574
v -0.581792 1.123300 -1.459765
v -0.492945 1.096311 -1.567399
v -0.632792 1.105031 -1.419315
v -0.417905 1.071974 -1.633729
v -0.336816 1.091356 -1.577411
v -0.344214 1.033886 -1.696235
v -0.324717 0.956779 -1.777161
v -0.327348 0.904604 -1.801971
v -0.245735 0.850544 -1.807653
v -0.199657 0.658386 -1.795338
v -0.307827 0.563870 -1.787129
v -0.158410 0.454409 -1.786231
v -0.009470 -0.335102 -1.832615
v 0.087545 -0.100654 -1.821789
v 0.128281 -0.547740 -1.837051
v 0.094525 0.123139 -1.805467
v 0.293200 -0.055397 -1.820120
v -0.064504 0.363126 -1.787562
v -0.014705 0.260393 -1.794589
v -0.017369 0.462210 -1.787435
v -0.132901 0.752927 -1.804973
v -0.058819 0.655183 -1.797964
v -0.177343 0.824255 -1.810464
v -0.095124 0.824111 -1.812274
v -0.191471 0.893540 -1.807395
v -0.145976 0.929931 -1.794078
v -0.216261 0.950799 -1.783873
v -0.283527 0.994268 -1.747537
v -0.199888 1.022118 -1.716185
v -0.141004 1.090289 -1.568183
v -0.263622 1.112329 -1.504900
v -0.089406 0.949575 -1.787318
v -0.090691 0.892527 -1.809564
v -0.037364 0.847542 -1.812433
v 0.089391 0.658126 -1.801039
v 0.053062 0.554436 -1.792467
v 0.130219 0.445958 -1.791218
v 0.132472 0.285798 -1.795205
v 0.434359 0.091987 -1.810500
v 0.498839 -0.145659 -1.829163
v 0.080093 0.756488 -1.809729
v 0.187207 0.681321 -1.804930
v 0.022130 0.825446 -1.814480
v 0.097321 0.827120 -1.816183
v 0.006922 0.894111 -1.810990
v 0.050803 0.933708 -1.796119
v -0.009954 0.952104 -1.787526
v -0.074397 0.993144 -1.755305
v -0.074792 1.030728 -1.705827
v -0.009395 1.062723 -1.641997
v 0.074343 1.087375 -1.566549
v 0.106615 1.031000 -1.702238
v 0.107190 0.953824 -1.789270
v 0.102886 0.894837 -1.812724
v 0.152761 0.849360 -1.816498
v 0.247895 0.362220 -1.796372
v 0.176356 -0.733398 -1.837363
v 0.343587 -0.586904 -1.843157
v 0.077766 -0.834966 -1.831264
v 0.233268 -0.845134 -1.834423
v 0.064290 -0.915336 -1.823951
v -0.019656 -0.855413 -1.827240
v 0.254449 -0.934044 -1.823859
v 0.360059 -0.879483 -1.832225
v 0.232172 0.754849 -1.812558
v 0.280626 0.673284 -1.805569
v 0.206309 0.823861 -1.819183
v 0.271275 0.818064 -1.819923
v 0.198330 0.892442 -1.815569
v 0.245865 0.929455 -1.801305
v 0.185377 0.953968 -1.791417
v 0.150425 0.997429 -1.755978
v 0.230968 1.025954 -1.713775
v 0.255337 1.078888 -1.585421
v 0.133688 1.104756 -1.513672
v 0.307089 0.942933 -1.793076
v 0.298838 0.879617 -1.817802
v 0.337464 0.817090 -1.817921
v 0.369325 0.732340 -1.811711
v 0.362348 0.621603 -1.802676
v 0.412258 0.806079 -1.817316
v 0.357895 0.468624 -1.794383
v 0.374735 0.284301 -1.797207
v 0.464242 0.565663 -1.799822
v 0.538193 0.237391 -1.800615
v 0.605188 0.383468 -1.793411
v 0.678785 0.222167 -1.802022
v 0.679860 0.516608 -1.799858
v 0.562479 0.531583 -1.798106
v 0.552519 0.673974 -1.810125
v 0.448169 0.955386 -1.791608
v 0.428830 0.891340 -1.815481
v 0.381875 0.948528 -1.789484
v 0.481954 0.825141 -1.820637
v 0.318597 0.997845 -1.754316
v 0.327806 1.032559 -1.700773
v 0.362556 1.054564 -1.650153
v 0.413698 1.072286 -1.596618
v 0.441168 1.028049 -1.707986
v 0.475529 0.997086 -1.760640
v 0.517493 1.021294 -1.724263
v 0.511686 0.951582 -1.798921
v 0.575016 0.943637 -1.800938
v 0.546793 0.886832 -1.822743
v 0.551429 0.791967 -1.822194
v 0.634703 0.769200 -1.822113
v 0.585605 -0.386811 -1.846305
v 0.694376 -0.190530 -1.833435
v 0.510681 -0.530216 -1.849578
v 0.690533 -0.555147 -1.855474
v 0.489241 -0.702508 -1.848257
v 0.472344 -0.839205 -1.840443
v 0.594961 -0.798256 -1.847728
v 0.465883 -0.942506 -1.827339
v 0.743565 -0.660000 -1.859006
v 0.824204 -0.575857 -1.858008
v 0.694237 -0.767680 -1.854143
v 0.795130 -0.765297 -1.856425
v 0.665419 -0.891589 -1.843257
v 0.760727 0.047321 -1.813921
v 0.847615 -0.161247 -1.828225
v 0.810577 0.233204 -1.801509
v 0.575858 1.001442 -1.757175
v 0.628034 0.962104 -1.785468
v 0.574039 1.037933 -1.693131
v 0.573397 1.067129 -1.605542
v 0.495359 1.093440 -1.535992
v 0.664951 1.050921 -1.651933
v 0.692581 1.000066 -1.763357
v 0.689609 0.941390 -1.798570
v 0.766531 0.931733 -1.800780
v 0.712382 0.859931 -1.825712
v 0.728982 0.755629 -1.823525
v 0.759371 0.642446 -1.813727
v 0.834568 0.750532 -1.827148
v 0.804807 0.516643 -1.805355
v 0.934626 0.537180 -1.812583
v 0.868427 0.397562 -1.801680
v 0.953035 0.262981 -1.805874
v 1.002787 -0.048950 -1.816204
v 0.958819 -0.293677 -1.834278
v 0.948253 -0.652200 -1.854641
v 0.947306 -0.514147 -1.849484
v 0.906812 -0.794245 -1.852259
v 1.029148 -0.798983 -1.844827
v 0.842442 -0.907804 -1.845335
v 1.152541 -0.008911 -1.815083
v 1.057916 0.132400 -1.809755
v 0.984494 0.659579 -1.824204
v 1.053107 0.565170 -1.819104
v 0.926731 0.754177 -1.829087
v 1.018348 0.769839 -1.831006
v 0.882508 0.849948 -1.827495
v 0.910417 0.928658 -1.797502
v 0.834986 0.929415 -1.798395
v 0.779546 0.990744 -1.767944
v 0.734954 1.020260 -1.730450
v 0.769324 1.044227 -1.645456
v 0.857185 1.028857 -1.653693
v 0.783867 1.069079 -1.554772
v 0.931423 0.987505 -1.745296
v 0.944066 1.016214 -1.664963
v 0.987086 0.928697 -1.795908
v 1.049135 0.936374 -1.793226
v 1.029506 0.867877 -1.823471
v 1.086835 0.801715 -1.828639
v 1.107490 0.304980 -1.810511
v 1.141263 0.477082 -1.816795
v 1.240206 0.359645 -1.819591
v 1.089192 -0.380682 -1.834785
v 1.090618 -0.961105 -1.829734
v 1.153057 -0.804377 -1.836265
v 1.192954 -0.226874 -1.825341
v 1.263853 -0.081552 -1.822981
v 1.197373 -0.456686 -1.837797
v 1.344560 0.038398 -1.827448
v 1.368197 -0.181487 -1.833644
v 1.331603 0.240498 -1.828116
v 1.431357 0.135947 -1.830742
v 1.339816 0.424003 -1.832234
v 1.347297 0.587553 -1.834293
v 1.410544 0.495912 -1.838527
v 1.166303 0.620094 -1.825538
v 1.138164 0.868194 -1.821000
v 1.155547 0.761795 -1.828418
v 1.159805 0.924871 -1.792249
v 1.104374 0.932667 -1.795028
v 1.072342 0.975218 -1.756600
v 1.037324 0.998367 -1.693967
v 1.101581 0.989080 -1.712942
v 0.973773 1.022204 -1.608473
v 0.924933 1.040012 -1.537663
v 1.015174 1.017174 -1.576032
v 1.155987 0.976431 -1.741957
v 1.142568 0.995861 -1.682753
v 1.210512 0.928199 -1.778934
v 1.237327 0.716253 -1.827511
v 1.313982 0.708382 -1.829782
v 1.381880 0.732893 -1.837523
v 1.275175 0.841425 -1.818682
v 1.505327 0.736507 -1.828021
v 1.465443 0.619441 -1.835392
v 1.445730 0.736449 -1.843534
v 1.423737 0.837404 -1.832231
v 1.479868 0.483704 -1.827928
v 1.544069 0.523502 -1.793935
v 1.506512 0.386025 -1.807796
v 1.555294 0.334335 -1.770147
v 1.496487 0.247803 -1.807181
v 1.506353 0.088348 -1.802284
v 1.554987 0.099074 -1.753864
v 1.519044 -0.025133 -1.785736
v 1.545467 -0.095519 -1.747638
v 1.502485 -0.155001 -1.796905
v 1.497641 -0.303130 -1.799083
v 1.448112 -0.245031 -1.831371
v 1.376507 -0.364905 -1.837862
v 1.303367 -0.495163 -1.838134
v 1.389184 -0.523251 -1.839177
v 1.218850 -0.642535 -1.840894
v 1.267765 -0.804760 -1.831873
v 1.405115 -0.651715 -1.833739
v 1.455811 -0.535134 -1.827274
v 1.430549 -0.755859 -1.823119
v 1.360049 -0.773812 -1.830372
v 1.313679 -0.915978 -1.818852
v 1.529645 -0.339066 -1.750466
v 1.495125 -0.433379 -1.795898
v 1.498535 -0.552331 -1.788446
v 1.555192 -0.132419 -1.693672
v 1.553365 -0.162346 -1.631257
v 1.544330 -0.248033 -1.693285
v 1.565941 -0.019006 -1.690567
v 1.534090 -0.372553 -1.679763
v 1.575360 0.091666 -1.694310
v 1.578601 0.065697 -1.634281
v 1.578854 0.199095 -1.705116
v 1.583615 0.315595 -1.714687
v 1.596677 0.299026 -1.648987
v 1.586865 0.432080 -1.722372
v 1.583056 0.542564 -1.737774
v 1.602123 0.538472 -1.674755
v 1.568483 0.643127 -1.758432
v 1.548372 0.749660 -1.778565
v 1.578626 0.761123 -1.713981
v 1.518026 0.845359 -1.792230
v 1.462872 0.897346 -1.794044
v 1.498732 0.918699 -1.739197
v 1.388149 0.914105 -1.786024
v 1.325575 0.970858 -1.725890
v 1.287924 0.924776 -1.777366
v 1.202372 0.991808 -1.649309
v 1.140498 0.995896 -1.621927
v 1.085365 1.004249 -1.584579
v 1.139448 1.001613 -1.564651
v 1.036748 1.018150 -1.531430
v 1.285702 0.983575 -1.657369
v 1.258002 0.986861 -1.594081
v 1.387614 0.972482 -1.667302
v 1.465006 0.957469 -1.681817
v 1.524955 0.918840 -1.680862
v 1.432405 0.966044 -1.615287
v 1.567760 0.860557 -1.663364
v 1.533947 0.917786 -1.614442
v 1.591473 0.762375 -1.641926
v 1.594168 0.761042 -1.564051
v 1.604040 0.647968 -1.619900
v 1.607030 0.528133 -1.601835
v 1.601601 0.504795 -1.523514
v 1.603608 0.399344 -1.587071
v 1.596240 0.274309 -1.577018
v 1.585207 0.241181 -1.504746
v 1.584966 0.151434 -1.571631
v 1.571921 0.034786 -1.568305
v 1.559274 -0.000589 -1.501336
v 1.557878 -0.080695 -1.567049
v 1.544815 -0.195834 -1.565079
v 1.534183 -0.230076 -1.497279
v 1.531153 -0.316622 -1.550481
v 1.514075 -0.439764 -1.508249
v 1.523341 -0.417632 -1.583465
v 1.519750 -0.504952 -1.643424
v 1.513397 -0.614169 -1.637034
v 1.518706 -0.571674 -1.727089
v 1.500001 -0.653749 -1.777359
v 1.479079 -0.736311 -1.802364
v 1.504930 -0.732845 -1.763101
v 1.452225 -0.830671 -1.800789
v 1.478436 -0.868963 -1.761364
v 1.432833 -0.919425 -1.776404
v 1.366228 -0.980104 -1.791878
v 1.407083 -1.024317 -1.745170
v 1.288177 -1.033636 -1.793589
v 1.281795 -1.115028 -1.756028
v 1.232504 -1.081731 -1.781314
v 1.373679 -1.119232 -1.702656
v 1.436097 -1.058189 -1.681661
v 1.310095 -1.138137 -1.710849
v 1.334636 -1.159377 -1.650640
v 1.255779 -1.154163 -1.708878
v 1.493402 -0.860716 -1.671777
v 1.500969 -0.869366 -1.601761
v 1.482214 -0.968914 -1.647340
v 1.492174 -0.854548 -1.721828
v 1.504819 -0.781213 -1.685756
v 1.500302 -0.801305 -1.750785
v 1.452487 -1.070666 -1.608104
v 1.511325 -0.739728 -1.723043
v 1.504894 -0.672611 -1.579535
v 1.512164 -0.704151 -1.667430
v 1.519800 -0.256518 -1.433395
v 1.496304 -0.269167 -1.380857
v 1.508602 -0.341472 -1.424416
v 1.530164 -0.149724 -1.436315
v 1.507685 -0.416523 -1.452641
v 1.490713 -0.403710 -1.400972
v 1.539006 -0.040174 -1.435422
v 1.512010 -0.075608 -1.380236
v 1.550729 0.075445 -1.433988
v 1.560857 0.197615 -1.431122
v 1.524126 0.149685 -1.372675
v 1.571847 0.327692 -1.433205
v 1.581183 0.469524 -1.439764
v 1.539581 0.419892 -1.370137
v 1.586480 0.613124 -1.455384
v 1.586813 0.759351 -1.479640
v 1.555109 0.727859 -1.398809
v 1.569499 0.867995 -1.509109
v 1.528993 0.922235 -1.546870
v 1.519475 0.930091 -1.471349
v 1.481626 0.955568 -1.577220
v 1.489123 0.921392 -1.407766
v 1.419678 0.877502 -1.362390
v 1.489206 0.818963 -1.369290
v 1.480546 0.668230 -1.344696
v 1.456165 0.966972 -1.451291
v 1.377581 0.598217 -1.320922
v 1.466995 0.505878 -1.337122
v 1.458922 0.354965 -1.335904
v 1.368734 0.278704 -1.326861
v 1.460083 0.217007 -1.341429
v 1.459003 0.096204 -1.347201
v 1.397375 0.051736 -1.337231
v 1.462206 -0.008172 -1.350093
v 1.459834 -0.111006 -1.352407
v 1.397763 -0.144578 -1.340570
v 1.455379 -0.209077 -1.353791
v 1.450617 -0.297909 -1.355343
v 1.404263 -0.342604 -1.349360
v 1.454698 -0.384544 -1.365924
v 1.461232 -0.456949 -1.387264
v 1.433009 -0.523886 -1.379619
v 1.474303 -0.529528 -1.415991
v 1.483316 -0.593000 -1.458438
v 1.497666 -0.509251 -1.464089
v 1.494001 -0.672866 -1.503533
v 1.499967 -0.767212 -1.553858
v 1.496543 -0.875652 -1.529514
v 1.482167 -0.869704 -1.461274
v 1.483420 -0.967782 -1.501455
v 1.409788 -1.127789 -1.565339
v 1.457309 -1.054529 -1.535279
v 1.450265 -1.034976 -1.468356
v 1.350825 -1.153701 -1.585694
v 1.361264 -1.130438 -1.517649
v 1.283785 -1.155436 -1.596400
v 1.414684 -1.076691 -1.439829
v 1.441642 -1.013977 -1.413929
v 1.372022 -1.105892 -1.456998
v 1.376591 -1.076263 -1.407022
v 1.314927 -1.118942 -1.473455
v 1.459001 -0.866643 -1.401986
v 1.427883 -0.868683 -1.359297
v 1.447090 -0.944543 -1.386029
v 1.466612 -0.777340 -1.423397
v 1.420102 -0.998018 -1.371423
v 1.474500 -0.686215 -1.442980
v 1.441613 -0.690988 -1.389818
v 1.398299 -0.605168 -1.370379
v 1.369715 -0.512273 -1.355721
v 1.383903 -0.698755 -1.356551
v 1.339579 -0.293883 -1.351749
v 1.351999 -0.400230 -1.355228
v 1.294755 -0.473574 -1.356118
v 1.332419 -0.080598 -1.349797
v 1.328960 -0.182342 -1.350742
v 1.265499 -0.257117 -1.364200
v 1.328435 0.095546 -1.345908
v 1.345393 0.008803 -1.348054
v 1.276167 -0.009975 -1.361673
v 1.252570 0.320692 -1.333447
v 1.275567 0.179405 -1.341273
v 1.239691 0.096244 -1.357632
v 1.276211 0.692761 -1.329858
v 1.250389 0.518364 -1.327119
v 1.111613 0.402259 -1.342250
v 1.330465 0.834573 -1.347749
v 1.362529 0.934413 -1.383737
v 1.212981 0.790862 -1.352867
v 1.394022 0.978501 -1.431585
v 1.316723 0.968636 -1.421281
v 1.414182 0.981396 -1.489491
v 1.419136 0.970968 -1.551844
v 1.351385 0.987708 -1.521387
v 1.269974 1.002484 -1.473418
v 1.219779 0.975903 -1.424138
v 1.260495 1.000145 -1.534084
v 1.192246 0.014946 -1.363813
v 1.214037 -0.402148 -1.368807
v 1.215798 -0.545581 -1.362193
v 1.178699 -0.286205 -1.373635
v 1.321251 -0.738304 -1.343840
v 1.383613 -0.806171 -1.348028
v 1.235940 -0.690885 -1.354577
v 1.253834 -0.815445 -1.350175
v 1.116649 -0.632281 -1.371492
v 1.382721 -0.895020 -1.341678
v 1.343369 -0.935334 -1.342948
v 1.387938 -0.970657 -1.348206
v 1.384799 -1.031256 -1.371126
v 1.342859 -1.047143 -1.380314
v 1.311336 -0.993042 -1.358150
v 1.291250 -1.046620 -1.388877
v 1.229381 -1.051161 -1.398095
v 1.268490 -1.096358 -1.430256
v 1.247878 -1.124731 -1.484368
v 1.172544 -1.124758 -1.489943
v 1.225308 -1.142011 -1.542160
v 1.214467 -1.154550 -1.604320
v 1.193462 -0.992904 -1.375301
v 1.165093 -1.058630 -1.404693
v 1.287012 -0.915233 -1.349486
v 1.213182 -0.898744 -1.361421
v 1.144062 -0.915353 -1.369674
v 1.067754 0.030467 -1.363362
v 1.143511 -0.140201 -1.371819
v 1.179454 0.912504 -1.380516
v 1.131533 0.986921 -1.423587
v 1.103047 0.802250 -1.357590
v 1.185156 1.006561 -1.542308
v 0.927429 0.499807 -1.339519
v 0.950874 0.266511 -1.347580
v 0.838537 0.103582 -1.354831
v 1.065009 -0.315998 -1.379283
v 1.094160 -1.048006 -1.404244
v 1.126970 -1.096878 -1.439592
v 1.091446 -1.119484 -1.490595
v 1.163664 -1.157605 -1.636087
v 1.218557 -1.161909 -1.666100
v 1.209804 -1.160744 -1.714206
v 1.167809 -1.167417 -1.729320
v 1.199737 -1.145378 -1.753116
v 1.097687 -1.159609 -1.657827
v 1.129839 -1.168828 -1.718717
v 1.131936 -1.155342 -1.768955
v 1.002046 -1.112608 -1.488909
v 1.046149 -1.141460 -1.560887
v 1.000292 -1.158163 -1.658339
v 1.075073 -0.968519 -1.377532
v 1.024432 -1.016887 -1.399211
v 0.951541 -0.992862 -1.393645
v 0.980934 -1.064069 -1.430627
v 0.929546 -1.093851 -1.473632
v 1.055126 -0.856907 -1.369730
v 0.949476 -0.580400 -1.384379
v 0.986274 -0.720575 -1.377012
v 0.907147 -0.806342 -1.376928
v 0.909268 -0.361258 -1.384907
v 0.944527 -0.466390 -1.386145
v 0.804098 -0.558835 -1.390419
v 0.990142 0.860732 -1.360804
v 0.971942 0.706882 -1.344708
v 0.771345 0.611196 -1.338964
v 1.095259 1.023298 -1.460515
v 1.066061 0.992592 -1.414162
v 1.013167 0.951913 -1.382615
v 1.004017 1.002737 -1.410824
v 0.908316 0.905909 -1.366712
v 1.120713 1.018831 -1.509827
v 1.064237 1.023257 -1.492034
v 1.008075 1.030652 -1.481688
v 0.987967 1.031115 -1.437381
v 0.952075 1.017756 -1.410250
v 0.956802 1.039777 -1.465276
v 0.775062 -0.329630 -1.380580
v 0.750524 -0.492825 -1.389658
v 0.787925 -0.814972 -1.379532
v 0.887893 -0.909207 -1.376697
v 0.867083 -0.986567 -1.396731
v 0.798343 -1.010900 -1.411948
v 0.864444 -1.059306 -1.436655
v 0.849928 -1.109984 -1.496804
v 0.682405 -0.782836 -1.382166
v 0.698005 -0.621858 -1.388767
v 0.592208 -0.733870 -1.382583
v 0.689307 -0.910755 -1.380512
v 0.914705 1.047849 -1.432860
v 0.893886 1.024060 -1.406417
v 0.842801 0.976074 -1.382149
v 0.802557 1.038101 -1.407827
v 0.764924 0.892999 -1.360730
v 0.911888 1.051917 -1.478578
v 0.858335 1.066495 -1.491703
v 0.802520 1.084330 -1.446896
v 0.738003 1.067341 -1.418531
v 0.800718 1.085818 -1.498421
v 0.578174 0.881900 -1.355314
v 0.635776 0.763130 -1.341585
v 0.552533 0.585425 -1.333323
v 0.489577 -0.662574 -1.382963
v 0.468350 -0.836654 -1.378457
v 0.609402 -0.996378 -1.400134
v 0.715184 -0.992210 -1.401606
v 0.719419 -1.064428 -1.443065
v 0.339362 -0.893977 -1.379416
v 0.435970 -0.951039 -1.382315
v 0.378664 -1.022227 -1.404602
v 0.495296 -1.006269 -1.401885
v 0.543211 -1.060853 -1.436455
v 0.463890 -0.466116 -1.380119
v 0.361467 -0.586961 -1.379988
v 0.694450 1.109085 -1.443061
v 0.666473 1.062322 -1.405308
v 0.600184 0.989773 -1.376243
v 0.579971 1.068427 -1.400732
v 0.468679 0.902447 -1.355240
v 0.729691 1.102891 -1.491134
v 0.651405 1.114927 -1.471203
v 0.487750 -1.104322 -1.497799
v 0.613818 -1.096884 -1.486481
v 0.467541 -1.133674 -1.635497
v 0.498890 -1.128181 -1.701547
v 0.584817 -1.139704 -1.650784
v 0.336386 -1.103507 -1.491233
v 0.398315 -1.129627 -1.560693
v 0.310351 -1.128635 -1.626262
v 0.273396 -1.029770 -1.407245
v 0.317420 -1.071388 -1.438337
v 0.228012 -1.103888 -1.483582
v 0.214540 -0.852582 -1.380160
v 0.221512 -0.971335 -1.386400
v 0.165573 -1.035155 -1.412979
v 0.230448 -0.452971 -1.374171
v 0.208203 -0.654343 -1.377718
v 0.063784 -0.761453 -1.376139
v 0.505327 -0.270054 -1.370127
v 0.329932 -0.271493 -1.366768
v 0.663375 -0.075991 -1.361805
v 0.534072 0.192924 -1.342775
v 0.556722 1.120290 -1.431236
v 0.491438 1.071487 -1.397890
v 0.428184 0.982820 -1.369207
v 0.396806 1.063674 -1.396071
v 0.349775 0.878075 -1.348223
v 0.380611 0.595774 -1.328374
v 0.494191 0.432660 -1.332385
v 0.343169 0.299693 -1.334593
v 0.170868 -0.258586 -1.362218
v 0.068997 -1.053589 -1.429706
v 0.148714 -1.090274 -1.457947
v 0.121662 -1.118245 -1.508090
v 0.155202 -1.121659 -1.622044
v 0.250233 -1.114400 -1.691848
v 0.323165 -1.092190 -1.742115
v 0.351087 -1.059038 -1.781706
v 0.397903 -1.088782 -1.755622
v 0.211850 -1.085156 -1.740211
v 0.463572 -1.104527 -1.748913
v 0.552716 -1.115386 -1.752395
v 0.445408 -1.068528 -1.787190
v 0.388255 -1.027619 -1.802656
v 0.453494 -1.021698 -1.808943
v 0.316367 -1.022559 -1.799083
v 0.123246 -1.064114 -1.752787
v 0.219527 -1.043644 -1.782216
v 0.246863 -0.996268 -1.807377
v 0.137504 -0.060713 -1.350447
v 0.011221 -0.318050 -1.363425
v -0.018668 -1.109111 -1.507249
v 0.050092 -1.120112 -1.555759
v -0.002123 -1.111649 -1.622188
v 0.150229 -0.965400 -1.814485
v 0.018746 -1.069222 -1.739565
v 0.041677 -1.026171 -1.782758
v -0.029927 -0.978545 -1.803486
v 0.060106 -0.975868 -1.808659
v -0.129184 -1.102656 -1.632458
v -0.031810 -1.097216 -1.689056
v -0.098408 -1.064064 -1.737059
v -0.032727 -1.015381 -1.404658
v -0.030117 -1.079206 -1.452159
v -0.129343 -1.084643 -1.477580
v -0.102860 -0.699502 -1.366487
v -0.061356 -0.898090 -1.374794
v -0.159742 -0.975256 -1.390854
v 0.242823 0.643328 -1.325354
v 0.256997 0.485535 -1.325087
v 0.196138 0.244533 -1.333516
v -0.223850 -0.293159 -1.357191
v -0.174626 -0.506277 -1.365555
v -0.297634 -0.686499 -1.359998
v -0.271654 -0.966087 -1.388028
v -0.215745 -1.044964 -1.426462
v -0.245270 -1.081418 -1.484118
v 0.058560 0.181331 -1.335067
v 0.119499 0.698016 -1.327179
v 0.244701 0.793855 -1.335410
v 0.023255 0.803624 -1.332738
v -0.001899 0.640112 -1.320774
v -0.142630 0.608660 -1.317048
v -0.047588 0.437681 -1.319299
v -0.127616 0.180591 -1.331574
v -0.314299 0.016800 -1.339577
v -0.510642 -0.142792 -1.343906
v -0.433571 -0.730714 -1.357323
v -0.335118 -0.861257 -1.363137
v -0.379572 -0.971514 -1.386253
v -0.393794 -1.072838 -1.481260
v -0.313841 -1.093836 -1.545780
v -0.239838 -1.099447 -1.606104
v -0.222003 -1.089196 -1.672379
v -0.381701 -1.089072 -1.606056
v -0.207998 -1.059794 -1.731480
v -0.167857 -1.023273 -1.774433
v -0.300033 -1.062262 -1.711764
v -0.205669 -0.967241 -1.800730
v -0.111638 -0.977121 -1.801182
v -0.072488 -0.920136 -1.819422
v -0.101118 -0.848055 -1.827146
v -0.199089 -0.888819 -1.822953
v -0.182432 -0.795786 -1.830854
v -0.291259 -0.932836 -1.808264
v -0.482561 -1.073877 -1.632839
v -0.389485 -1.073035 -1.675460
v -0.380716 -1.042227 -1.735295
v -0.724878 -0.013508 -1.335869
v -0.641592 -0.308514 -1.348589
v -0.397778 0.299473 -1.320457
v -0.203306 0.763812 -1.323436
v -0.284895 0.604752 -1.313223
v -0.440831 0.645434 -1.312676
v -0.406485 0.483626 -1.310745
v -0.591799 0.404212 -1.314842
v -0.812595 -0.422071 -1.348337
v -0.663817 -0.561912 -1.353238
v -0.560304 -0.704368 -1.353802
v -0.527079 -0.864190 -1.357520
v -0.731343 -0.759191 -1.351398
v -0.577768 -0.965167 -1.377041
v -0.480789 -0.966907 -1.379449
v -0.432759 -1.037210 -1.418126
v -0.507999 -1.064308 -1.463170
v -0.459616 -1.027344 -1.748173
v -0.400957 -1.004453 -1.776228
v -0.485277 -0.965918 -1.795638
v -0.402460 -0.956199 -1.800817
v -0.394853 -0.868875 -1.822330
v -0.343337 -0.757553 -1.829320
v -0.529226 -1.037398 -1.731629
v -0.514511 -1.004058 -1.770323
v -0.586909 -1.070352 -1.613816
v -0.561877 -1.056914 -1.682354
v -0.612457 -1.034887 -1.723252
v -0.667803 -0.985274 -1.385800
v -0.598017 -1.044460 -1.419615
v -0.600013 -1.078198 -1.483635
v -0.846684 -0.832710 -1.355460
v -0.747787 -0.915394 -1.362642
v -0.759974 -1.018976 -1.397013
v -0.931041 -0.300832 -1.347186
v -0.962507 -0.539012 -1.350036
v -0.467579 0.820964 -1.326796
v -0.581835 0.710741 -1.320523
v -0.844627 0.190986 -1.330233
v -0.905196 -0.034234 -1.339266
v -1.057481 -0.185211 -1.346878
v -0.837176 -1.039752 -1.412787
v -0.770624 -1.072353 -1.443424
v -0.709407 -1.080587 -1.489104
v -0.633365 -1.079747 -1.547212
v -0.799105 -1.079502 -1.496781
v -0.700884 -1.067209 -1.606913
v -0.686110 -1.019986 -1.734026
v -0.759552 -1.031304 -1.710465
v -0.794200 -1.063420 -1.593824
v -0.760758 -1.052881 -1.653135
v -0.835468 -1.034963 -1.685271
v -0.882611 -1.068721 -1.494349
v -0.842923 -1.065285 -1.543557
v -0.879477 -1.051188 -1.590548
v -0.901736 -1.018331 -1.394633
v -0.896449 -1.062591 -1.440346
v -0.953509 -1.057873 -1.475197
v -0.940111 -0.816139 -1.349321
v -0.915897 -0.939414 -1.362078
v -0.975006 -1.004004 -1.388630
v -0.693474 0.567569 -1.316367
v -0.766703 0.400501 -1.321673
v -0.722196 0.753433 -1.329216
v -0.730048 0.909521 -1.351810
v -0.840369 0.794867 -1.339545
v -0.949235 0.382002 -1.329781
v -0.999977 -0.724775 -1.346877
v -1.043704 -0.871921 -1.355588
v -1.087278 -0.641623 -1.348800
v -1.123631 -0.933730 -1.391115
v -1.052940 -0.983525 -1.396091
v -1.024102 -1.042656 -1.438073
v -1.029770 -1.044312 -1.501948
v -0.894036 -1.037489 -1.645324
v -1.107502 -1.021512 -1.542979
v -1.186676 -1.010300 -1.525531
v -1.183745 -0.590101 -1.352699
v -1.192433 -0.749436 -1.351529
v -1.273544 -0.832297 -1.365957
v -1.199477 -0.883391 -1.371705
v -1.200635 -0.981687 -1.419725
v -1.204232 -0.149028 -1.350048
v -1.201623 -0.414856 -1.355182
v -0.668181 1.016906 -1.381348
v -0.774526 1.012098 -1.387584
v -0.579810 1.047514 -1.380603
v -0.353482 0.915584 -1.339706
v -0.466495 0.964048 -1.346294
v -0.432705 1.060424 -1.363439
v -0.519253 1.025651 -1.360090
v -0.512404 1.107541 -1.390705
v -0.481352 1.138105 -1.425001
v -0.405175 1.128474 -1.465871
v -0.451053 1.127568 -1.398374
v -0.369815 1.093807 -1.373084
v -0.421167 1.115844 -1.380851
v -0.391577 1.137522 -1.400329
v -0.247630 1.045792 -1.362594
v -0.178555 1.112525 -1.386864
v -0.288165 1.092066 -1.373339
v -0.323786 1.127885 -1.387068
v -0.226537 0.924695 -1.343365
v -0.305214 1.135910 -1.410504
v -0.256585 1.127925 -1.450959
v -0.166803 1.125884 -1.424642
v -0.115195 0.929094 -1.346751
v -0.091303 1.118212 -1.417644
v -0.027255 1.087644 -1.378659
v -0.064825 1.111067 -1.390291
v -0.062851 1.043276 -1.366877
v -0.041411 1.126439 -1.423262
v -0.040279 0.912841 -1.346189
v 0.050022 0.933190 -1.350844
v 0.019322 1.087524 -1.377180
v -0.005854 1.126573 -1.395463
v 0.003285 1.133973 -1.428186
v 0.062458 1.127929 -1.458232
v 0.074469 1.134450 -1.415074
v 0.192046 1.121599 -1.482100
v 0.084366 1.100410 -1.385183
v 0.140115 1.111676 -1.408131
v 0.068953 1.033235 -1.368185
v 0.141009 0.964796 -1.358126
v 0.234949 0.912411 -1.350841
v 0.232694 1.014188 -1.373014
v 0.304411 1.070551 -1.401067
v 0.216102 1.096526 -1.406444
v 0.204855 1.133257 -1.442510
v 0.288336 1.127652 -1.477446
v 0.357661 1.126362 -1.436051
v 0.400247 1.121018 -1.481943
v 0.555378 1.117372 -1.478769
v -0.818973 1.068087 -1.424547
v -0.873848 0.996012 -1.388324
v -0.924268 0.895836 -1.357049
v -0.968185 0.979048 -1.387828
v -0.962789 0.750518 -1.338731
v -0.870546 1.070586 -1.467820
v -1.008621 1.052861 -1.467879
v -1.119504 0.731853 -1.344805
v -1.035400 0.578379 -1.334785
v -1.123060 0.364928 -1.339872
v -1.283211 0.360227 -1.344292
v -1.219776 0.131906 -1.345938
v -1.003742 1.036404 -1.427217
v -1.041974 0.982220 -1.395167
v -1.085963 1.041018 -1.459436
v -1.104114 1.014612 -1.419061
v -1.120051 0.948328 -1.378594
v -1.169591 1.025051 -1.460826
v -1.192724 0.850624 -1.352844
v -1.251914 0.927800 -1.375937
v -1.278428 0.709015 -1.343131
v -1.338377 -0.120884 -1.354830
v -1.085233 1.043079 -1.638922
v -1.191833 1.036935 -1.582056
v -1.148039 1.008328 -1.701273
v -1.263769 1.026772 -1.520729
v -1.285133 1.014261 -1.464544
v -1.324789 1.023850 -1.592698
v -1.306313 0.990976 -1.416876
v -1.374117 0.928490 -1.380791
v -1.400231 1.012534 -1.466988
v -1.440335 0.850374 -1.346052
v -1.463660 0.948423 -1.384169
v -1.417343 0.698895 -1.335055
v -1.357298 0.545829 -1.336925
v -1.510807 0.737229 -1.337115
v -1.423726 0.352715 -1.338769
v -1.522403 0.337863 -1.343484
v -1.466952 0.189707 -1.344447
v -1.453219 0.056126 -1.347331
v -1.479196 -0.085177 -1.351020
v -1.411027 -0.062369 -1.354568
v -1.528189 0.085257 -1.351223
v -1.402280 -0.282892 -1.360422
v -1.542398 -0.098756 -1.356134
v -1.510005 -0.187570 -1.354655
v -1.590693 0.093137 -1.381022
v -1.575418 -0.016650 -1.374319
v -1.596210 -0.117480 -1.384387
v -1.579541 0.410148 -1.371407
v -1.590105 0.249401 -1.377264
v -1.633103 0.142837 -1.421725
v -1.591518 0.537327 -1.379221
v -1.632489 0.438156 -1.417032
v -1.573329 0.826918 -1.372741
v -1.579286 0.669164 -1.365357
v -1.635113 0.625849 -1.412381
v -1.482261 1.002592 -1.442465
v -1.537994 0.946570 -1.402949
v -1.601470 0.892247 -1.436249
v -1.485325 1.016980 -1.502020
v -1.156772 0.962810 -1.756851
v -1.229844 0.985710 -1.724380
v -1.099447 0.919345 -1.786137
v -1.165154 0.902498 -1.794815
v -1.226446 0.882299 -1.797713
v -1.268715 0.942121 -1.767888
v -1.301613 0.986602 -1.718482
v -1.288796 0.872550 -1.798504
v -1.352288 1.011595 -1.668264
v -1.420293 1.013992 -1.613826
v -1.380751 0.976514 -1.730766
v -1.487700 1.013891 -1.573504
v -1.556206 0.997720 -1.542489
v -1.495801 1.006673 -1.649857
v -1.643865 0.796047 -1.481022
v -1.608395 0.922242 -1.511337
v -1.607679 0.928733 -1.585461
v -1.653476 0.639418 -1.463312
v -1.651695 0.514330 -1.454686
v -1.657515 0.663549 -1.533573
v -1.651311 0.383226 -1.466456
v -1.651418 0.224369 -1.474981
v -1.660508 0.308267 -1.528658
v -1.595597 -0.232860 -1.380870
v -1.552483 -0.269821 -1.358234
v -1.497974 -0.287908 -1.356023
v -1.590799 -0.337711 -1.379014
v -1.447304 -0.334064 -1.361444
v -1.408927 -0.436083 -1.362216
v -1.496112 -0.403091 -1.356037
v -1.436255 -0.541575 -1.356831
v -1.384007 -0.552517 -1.357254
v -1.490694 -0.517944 -1.351074
v -1.478109 -0.630471 -1.348924
v -1.543255 -0.484961 -1.352644
v -1.590212 -0.447141 -1.380163
v -1.586081 -0.562763 -1.375668
v -1.521494 -0.720052 -1.358786
v -1.461883 -0.744953 -1.359678
v -1.576494 -0.680485 -1.374346
v -1.353054 -0.674785 -1.354093
v -1.303107 -0.570057 -1.355942
v -1.400126 -0.757603 -1.359378
v -1.335165 -0.784819 -1.360708
v -1.210201 -1.007010 -1.475544
v -1.665782 0.377150 -1.589034
v -1.668735 0.218489 -1.597757
v -1.673949 0.142366 -1.661318
v -1.661732 0.537117 -1.591094
v -1.664068 0.430013 -1.656412
v -1.657669 0.703901 -1.607411
v -1.642763 0.844070 -1.627345
v -1.603482 0.935770 -1.653924
v -1.651231 0.738787 -1.674581
v -1.498713 0.989871 -1.713274
v -1.554598 0.985600 -1.681275
v -1.597626 0.932933 -1.713952
v -1.622430 0.875704 -1.743080
v -1.587259 0.926962 -1.761777
v -1.636797 0.786915 -1.730833
v -1.642573 0.665982 -1.721119
v -1.619743 0.812022 -1.775749
v -1.621561 0.634458 -1.771456
v -1.639580 0.564527 -1.732371
v -1.649058 0.464950 -1.716080
v -1.655470 0.331911 -1.713801
v -1.624394 0.472708 -1.770311
v -1.660945 0.204339 -1.714928
v -1.638516 0.253725 -1.763808
v -1.554796 0.335515 -1.822014
v -1.602526 0.300838 -1.797693
v -1.594276 0.404166 -1.800367
v -1.588333 0.499496 -1.805336
v -1.546790 0.516334 -1.823606
v -1.588414 0.595162 -1.804522
v -1.593524 0.682008 -1.800595
v -1.566651 0.725091 -1.822179
v -1.600716 0.761296 -1.801504
v -1.595700 0.836069 -1.804908
v -1.548633 0.936004 -1.780333
v -1.578719 0.894282 -1.797981
v -1.562430 0.845147 -1.819456
v -1.447792 0.965206 -1.744602
v -1.504511 0.953846 -1.763821
v -1.508101 0.906294 -1.800387
v -1.475702 0.848185 -1.813460
v -1.521966 0.843700 -1.820500
v -1.541369 0.783982 -1.827576
v -1.516659 0.725312 -1.828178
v -1.501487 0.372993 -1.827637
v -1.451617 0.778338 -1.825392
v -1.418758 0.851602 -1.809058
v -1.399123 0.925944 -1.779001
v -1.355147 0.861297 -1.802792
v 0.548832 -1.012769 -1.816009
v 0.614578 -1.091098 -1.795767
v 0.648185 -1.012816 -1.823551
v 0.743406 -0.982566 -1.832729
v 0.656306 -1.129569 -1.754349
v 0.769151 -1.143320 -1.747432
v 0.690375 -1.144497 -1.694295
v 0.845365 -1.041066 -1.826287
v 0.839342 -1.130162 -1.798594
v 0.877027 -1.159832 -1.755316
v 0.936819 -1.085750 -1.819889
v 0.711731 -1.146835 -1.627419
v 0.869680 -1.151164 -1.628491
v 0.941857 -1.165148 -1.724451
v 0.976048 -1.151607 -1.791343
v 0.771652 -1.137528 -1.561208
v 1.028886 -1.074940 -1.816140
v 0.713841 -1.111433 -1.504657
v 1.127684 -1.079056 -1.804639
v 1.182684 -1.095374 -1.785784
v -1.345985 -0.660891 -1.832359
v -1.394586 -0.508123 -1.841159
v -1.520770 -0.824534 -1.801954
v -1.426009 -0.812213 -1.811997
v -1.534336 -0.533435 -1.844727
v -1.579492 -0.694852 -1.825906
v -1.341693 -0.312374 -1.835085
v -1.252957 -0.699693 -1.826031
v -1.273442 -0.836886 -1.817357
v -1.331356 -0.892781 -1.805866
v -1.392354 -0.902829 -1.793435
v -1.445873 -0.946074 -1.678050
v -1.404418 -0.950682 -1.737565
v -1.522935 -0.931613 -1.675232
v -1.565515 -0.896401 -1.736663
v -1.638541 -0.803016 -1.708270
v -1.651538 -0.690296 -1.770986
v -1.674837 -0.547257 -1.742397
v -1.662262 -0.412848 -1.788318
v -1.596085 -0.394137 -1.835946
v -1.452539 -0.154234 -1.838189
v -1.562454 -0.215472 -1.835853
v -1.108305 -0.078260 -1.821339
v -1.126971 -0.317639 -1.825116
v -1.227843 -0.882918 -1.808709
v -1.285003 -0.957201 -1.766306
v -1.243823 -0.945193 -1.786575
v -1.326030 -0.945130 -1.776634
v -1.355892 -0.955951 -1.730106
v -1.423950 -0.944667 -1.590752
v -1.343862 -0.960393 -1.578924
v -1.292053 -0.965004 -1.634951
v -1.487031 -0.930542 -1.538964
v -1.553029 -0.915361 -1.589197
v -1.611425 -0.840349 -1.560163
v -1.652822 -0.759636 -1.617655
v -1.670633 -0.586869 -1.585180
v -1.679078 -0.484881 -1.647371
v -1.676498 -0.262320 -1.643840
v -1.674252 -0.229796 -1.731631
v -1.666230 -0.107295 -1.751873
v -1.622150 -0.116012 -1.806999
v -1.302348 0.130345 -1.822846
v -1.431190 0.053848 -1.829913
v -1.164966 -0.879401 -1.811177
v -1.202078 -0.967928 -1.765428
v -1.151899 -0.943199 -1.783261
v -1.217775 -0.978785 -1.721034
v -1.274152 -0.971853 -1.722115
v -1.315900 -0.960024 -1.689150
v -1.306512 -0.973555 -1.522796
v -1.357360 -0.918763 -1.414513
v -1.315936 -0.965584 -1.458602
v -1.431984 -0.882207 -1.410216
v -1.492195 -0.900366 -1.456580
v -1.562046 -0.835111 -1.426273
v -1.613631 -0.791932 -1.477917
v -1.636296 -0.662722 -1.448972
v -1.652484 -0.538897 -1.497561
v -1.641006 -0.398359 -1.455244
v -1.642964 -0.234941 -1.457328
v -1.654919 -0.084855 -1.503304
v -1.669237 -0.073465 -1.585688
v -1.663814 0.024900 -1.736384
v -1.621080 0.014680 -1.791886
v -1.513064 0.162206 -1.829677
v -1.588813 0.119457 -1.811247
v -1.141133 -0.668088 -1.824824
v -1.103310 -0.805290 -1.819521
v -1.019893 -0.845721 -1.815654
v -1.092364 -0.965888 -1.762328
v -1.024361 -0.939361 -1.787332
v -1.093236 -0.994915 -1.700354
v -1.168623 -0.983445 -1.676608
v -1.200883 -0.982457 -1.623615
v -0.997254 -1.023924 -1.606884
v -1.024118 -1.008665 -1.673107
v -0.943527 -1.012632 -1.713369
v -0.941995 -0.973123 -1.766397
v -0.910648 -0.808051 -1.823467
v -0.858084 -0.909495 -1.798316
v -1.020825 -0.530314 -1.824741
v -1.281415 0.346172 -1.817143
v -1.293463 0.711074 -1.818940
v -1.206718 0.685142 -1.810374
v -1.396533 0.653863 -1.821680
v -1.409324 0.486943 -1.820352
v -1.094855 0.611533 -1.799537
v -1.106437 0.451443 -1.804623
v -0.960160 0.379418 -1.799656
v -0.865766 -0.635349 -1.827533
v -0.532330 -0.452656 -1.826235
v -0.673497 -0.605691 -1.828430
v -0.581694 -0.234447 -1.818004
v -0.899687 0.701998 -1.796060
v -1.008552 0.680260 -1.797010
v -1.080369 0.766419 -1.807780
v -1.164095 0.785281 -1.813660
v -1.025375 0.824639 -1.812120
v -0.925913 0.793799 -1.806332
v -0.861514 0.847443 -1.807874
v -0.760193 0.649795 -1.790155
v -0.762842 0.506365 -1.787958
v -0.940316 0.064542 -1.810769
v -0.745937 -0.009091 -1.806008
v -0.581383 -0.777233 -1.828048
v -0.767071 -0.937193 -1.788234
v -0.663051 -0.899719 -1.812674
v -0.601781 -0.971595 -1.787892
v -0.644338 0.231886 -1.792863
v -0.634349 0.428492 -1.785882
v -0.729284 0.756858 -1.797725
v -0.879631 0.927738 -1.787383
v -0.975681 0.953238 -1.766094
v -0.952463 1.019216 -1.702706
v -0.412099 0.166791 -1.796369
v -0.592212 0.803421 -1.800333
v -0.694846 0.935515 -1.784901
v -0.944216 1.062782 -1.551865
v -0.759878 1.077801 -1.585602
v -0.782961 1.052975 -1.659267
v -0.624428 1.029585 -1.697159
v -0.569081 0.969593 -1.761716
v -0.408539 0.429164 -1.783676
v -0.265891 0.286243 -1.790373
v -0.349710 -0.070467 -1.812610
v -0.273036 -0.570635 -1.829781
v -0.398653 0.753229 -1.799008
v -0.660660 1.089661 -1.541990
v -0.707995 1.097292 -1.478936
v -0.535616 1.122361 -1.476992
v -0.541442 1.100698 -1.542584
v -0.628870 1.118665 -1.446164
v -0.419879 1.087897 -1.594397
v -0.422338 1.050478 -1.670892
v -0.360254 0.940274 -1.786915
v -0.296521 0.860518 -1.806963
v -0.299650 0.632910 -1.791389
v -0.273209 0.492104 -1.785405
v -0.036159 -0.182623 -1.825263
v -0.009980 -0.476359 -1.834659
v 0.162190 -0.014337 -1.816248
v -0.071617 0.294450 -1.791405
v -0.074049 0.426009 -1.786378
v -0.129462 0.689687 -1.799345
v -0.135168 0.800936 -1.809925
v -0.204668 0.854302 -1.810235
v -0.180425 0.927539 -1.796262
v -0.275027 0.969164 -1.770358
v -0.277488 1.018389 -1.719493
v -0.246967 1.098178 -1.549570
v -0.110269 0.926747 -1.797809
v -0.072079 0.853439 -1.813124
v 0.030922 0.621249 -1.796845
v 0.058878 0.492589 -1.789541
v 0.065645 0.226245 -1.797630
v 0.411760 -0.041021 -1.820380
v 0.121727 0.696080 -1.804923
v 0.062747 0.803201 -1.814079
v -0.004501 0.854331 -1.814256
v 0.018035 0.929631 -1.799103
v -0.054025 0.967538 -1.777633
v -0.118895 1.017607 -1.725450
v -0.024455 1.081271 -1.591209
v 0.007437 1.042342 -1.684377
v 0.085076 0.930223 -1.800216
v 0.119561 0.855643 -1.816774
v 0.176591 0.364999 -1.794124
v 0.221919 -0.621668 -1.839383
v 0.157238 -0.809009 -1.834895
v 0.034776 -0.866594 -1.828221
v 0.286276 -0.885944 -1.830988
v 0.234165 0.697305 -1.806966
v 0.235378 0.799410 -1.817925
v 0.184976 0.853420 -1.818843
v 0.211328 0.928951 -1.803650
v 0.145797 0.971626 -1.780075
v 0.167311 1.020611 -1.722506
v 0.156790 1.090566 -1.553239
v 0.283957 0.919686 -1.805271
v 0.303768 0.839368 -1.820693
v 0.338816 0.674825 -1.806492
v 0.376525 0.785504 -1.815816
v 0.322723 0.369953 -1.795134
v 0.395177 0.553586 -1.798081
v 0.449415 0.204638 -1.802131
v 0.608605 0.280177 -1.797752
v 0.611728 0.477443 -1.795326
v 0.525418 0.589626 -1.802014
v 0.420288 0.934221 -1.800668
v 0.441133 0.838235 -1.819584
v 0.337025 0.965113 -1.780102
v 0.292491 1.022579 -1.720956
v 0.344160 1.068397 -1.612261
v 0.379812 1.039380 -1.685664
v 0.480882 1.017220 -1.730708
v 0.477390 0.971016 -1.785040
v 0.547905 0.928720 -1.811101
v 0.528343 0.833818 -1.824109
v 0.578960 0.746468 -1.818577
v 0.594576 -0.249433 -1.837652
v 0.595572 -0.495210 -1.851508
v 0.449477 -0.599133 -1.847602
v 0.521375 -0.783617 -1.846204
v 0.433368 -0.886878 -1.834017
v 0.754157 -0.596474 -1.858618
v 0.742139 -0.725505 -1.857713
v 0.652691 -0.817439 -1.849363
v 0.770063 -0.107824 -1.825991
v 0.749846 0.171109 -1.804796
v 0.593623 0.968096 -1.784275
v 0.554270 1.022791 -1.726416
v 0.499261 1.077345 -1.577525
v 0.607870 1.053845 -1.647208
v 0.665647 0.970440 -1.782097
v 0.724696 0.913551 -1.811105
v 0.691936 0.795710 -1.826421
v 0.774511 0.717315 -1.821881
v 0.746445 0.558247 -1.805666
v 0.868585 0.484691 -1.805675
v 0.874076 0.298639 -1.801750
v 0.933637 -0.170524 -1.826176
v 0.906536 -0.581177 -1.855643
v 0.964829 -0.746195 -1.851464
v 0.850422 -0.822435 -1.852671
v 1.074712 0.037406 -1.811968
v 0.991355 0.586894 -1.818698
v 0.977816 0.727570 -1.828903
v 0.883072 0.785678 -1.830700
v 0.876756 0.904655 -1.811007
v 0.798464 0.954422 -1.788172
v 0.737235 1.009742 -1.755280
v 0.725462 1.039195 -1.677394
v 0.804524 1.047729 -1.615345
v 0.910901 1.013369 -1.689420
v 0.945612 0.950124 -1.783572
v 1.022171 0.913494 -1.806575
v 1.045804 0.811915 -1.830201
v 1.039496 0.232450 -1.808256
v 1.165333 0.382523 -1.814568
v 0.998593 -0.403781 -1.839991
v 1.092353 -0.857615 -1.837582
v 1.208364 -0.097077 -1.819917
v 1.164070 -0.356295 -1.832299
v 1.325863 -0.075289 -1.827846
v 1.369027 0.137566 -1.830707
v 1.305328 0.341678 -1.826603
v 1.365141 0.498141 -1.836144
v 1.121857 0.553311 -1.820426
v 1.128083 0.812073 -1.827978
v 1.136668 0.911035 -1.805866
v 1.075053 0.951846 -1.783119
v 1.072827 0.988675 -1.723137
v 0.985286 1.013272 -1.654057
v 0.969688 1.026379 -1.573977
v 1.132147 0.990731 -1.711854
v 1.175166 0.946625 -1.771687
v 1.189899 0.697166 -1.827933
v 1.346269 0.676656 -1.833648
v 1.279593 0.755039 -1.827940
v 1.474224 0.699097 -1.839196
v 1.417759 0.773980 -1.842023
v 1.452432 0.526993 -1.835719
v 1.509821 0.461323 -1.813688
v 1.518981 0.321694 -1.797382
v 1.480109 0.152862 -1.816882
v 1.528047 0.051065 -1.783863
v 1.522722 -0.093213 -1.779541
v 1.484798 -0.233369 -1.812498
v 1.400319 -0.266700 -1.837266
v 1.357868 -0.462723 -1.838907
v 1.238706 -0.534551 -1.839866
v 1.212995 -0.753230 -1.836936
v 1.417788 -0.571575 -1.836374
v 1.399599 -0.727375 -1.830630
v 1.314893 -0.834784 -1.828348
v 1.509467 -0.360275 -1.784007
v 1.485066 -0.506743 -1.807070
v 1.551695 -0.180280 -1.673769
v 1.557743 -0.084255 -1.711521
v 1.538647 -0.318356 -1.711667
v 1.574658 0.046780 -1.673047
v 1.572148 0.131807 -1.718734
v 1.587682 0.271088 -1.690671
v 1.578486 0.359217 -1.736927
v 1.593111 0.505328 -1.711990
v 1.568423 0.571902 -1.765236
v 1.567610 0.718737 -1.751530
v 1.528138 0.780219 -1.803858
v 1.496569 0.894278 -1.777273
v 1.428659 0.888257 -1.808161
v 1.332460 0.941671 -1.763890
v 1.256543 0.904345 -1.793479
v 1.159777 0.995516 -1.652950
v 1.123606 0.998565 -1.591722
v 1.046710 1.011982 -1.566688
v 1.250531 0.986420 -1.634385
v 1.331554 0.979451 -1.683420
v 1.498536 0.936087 -1.702322
v 1.430210 0.967375 -1.654736
v 1.545757 0.903030 -1.653300
v 1.582736 0.799391 -1.673786
v 1.598477 0.723951 -1.609001
v 1.606485 0.572386 -1.632687
v 1.605851 0.478202 -1.571254
v 1.600503 0.324364 -1.604402
v 1.590376 0.222687 -1.551368
v 1.579430 0.083781 -1.591869
v 1.563824 -0.015042 -1.545601
v 1.552439 -0.145728 -1.588394
v 1.537423 -0.246421 -1.540320
v 1.522701 -0.394778 -1.546799
v 1.525728 -0.433244 -1.633928
v 1.518444 -0.563990 -1.667462
v 1.508023 -0.592410 -1.768616
v 1.496546 -0.707776 -1.783128
v 1.455390 -0.775899 -1.812654
v 1.456189 -0.875468 -1.780856
v 1.404401 -0.974829 -1.773478
v 1.321372 -0.981141 -1.804327
v 1.267112 -1.078282 -1.779907
v 1.407204 -1.073284 -1.712278
v 1.340031 -1.144846 -1.689858
v 1.283766 -1.139127 -1.726773
v 1.494724 -0.898847 -1.642276
v 1.496399 -0.832909 -1.693051
v 1.491894 -0.847705 -1.746343
v 1.460297 -1.037540 -1.647230
v 1.507674 -0.756289 -1.747557
v 1.510418 -0.662238 -1.625995
v 1.511071 -0.738671 -1.693352
v 1.511009 -0.290303 -1.412194
v 1.529023 -0.213422 -1.455666
v 1.504679 -0.387295 -1.426712
v 1.529721 -0.088415 -1.414956
v 1.550765 0.011275 -1.456762
v 1.548676 0.141145 -1.409408
v 1.574283 0.255151 -1.455770
v 1.568651 0.406330 -1.410741
v 1.591870 0.529177 -1.472032
v 1.580991 0.703704 -1.441811
v 1.587338 0.802354 -1.516750
v 1.542453 0.911954 -1.507751
v 1.516386 0.934208 -1.579285
v 1.468879 0.878841 -1.375886
v 1.512492 0.743698 -1.366214
v 1.491910 0.946100 -1.441857
v 1.444344 0.590623 -1.330115
v 1.491552 0.426848 -1.343697
v 1.431177 0.284991 -1.331661
v 1.484179 0.153265 -1.350693
v 1.439157 0.046335 -1.342486
v 1.481296 -0.064649 -1.358038
v 1.438972 -0.155681 -1.346542
v 1.469591 -0.257737 -1.360296
v 1.437362 -0.342478 -1.353921
v 1.470196 -0.416415 -1.382281
v 1.457813 -0.503474 -1.392876
v 1.485957 -0.545976 -1.445690
v 1.507212 -0.459180 -1.475224
v 1.499917 -0.700562 -1.543433
v 1.500928 -0.837862 -1.561991
v 1.490513 -0.906472 -1.497524
v 1.442336 -1.091109 -1.570046
v 1.466519 -1.021314 -1.501398
v 1.374717 -1.142743 -1.556834
v 1.324737 -1.160275 -1.611719
v 1.437168 -1.045393 -1.440224
v 1.388827 -1.091195 -1.433966
v 1.350328 -1.119563 -1.482115
v 1.447824 -0.893286 -1.380105
v 1.470399 -0.837443 -1.427752
v 1.439305 -0.987681 -1.388892
v 1.463287 -0.718387 -1.417516
v 1.484302 -0.649815 -1.467584
v 1.400243 -0.548121 -1.366981
v 1.408087 -0.663207 -1.370248
v 1.365757 -0.344638 -1.351121
v 1.339747 -0.463131 -1.354168
v 1.352312 -0.133882 -1.345076
v 1.311173 -0.238366 -1.355532
v 1.360666 0.053595 -1.342221
v 1.319138 -0.030129 -1.354290
v 1.296971 0.255275 -1.332069
v 1.276804 0.125896 -1.349324
v 1.299840 0.606549 -1.322413
v 1.207397 0.412471 -1.334568
v 1.372502 0.886428 -1.360411
v 1.271745 0.772413 -1.341348
v 1.359630 0.964781 -1.409844
v 1.423231 0.980424 -1.456969
v 1.398065 0.979597 -1.522191
v 1.443713 0.965516 -1.580324
v 1.266752 0.985026 -1.438344
v 1.292210 1.000054 -1.510701
v 1.232852 0.037711 -1.362815
v 1.239079 -0.475575 -1.362346
v 1.216646 -0.313012 -1.370481
v 1.364175 -0.745259 -1.347243
v 1.270885 -0.748052 -1.347798
v 1.194072 -0.623521 -1.362544
v 1.399629 -0.856425 -1.346923
v 1.371763 -0.933361 -1.341309
v 1.399358 -1.003075 -1.360402
v 1.368433 -1.055268 -1.384629
v 1.315285 -1.031090 -1.374291
v 1.263037 -1.066218 -1.404361
v 1.277449 -1.116111 -1.462231
v 1.215104 -1.131641 -1.505254
v 1.239896 -1.150993 -1.580275
v 1.197129 -1.037907 -1.391358
v 1.314395 -0.948427 -1.347836
v 1.250266 -0.876404 -1.353160
v 1.184511 -0.934294 -1.367669
v 1.143510 -0.032699 -1.367071
v 1.176874 0.964583 -1.408461
v 1.167806 0.833677 -1.362074
v 1.235922 0.997636 -1.555704
v 0.989294 0.391084 -1.343027
v 0.958308 0.129795 -1.355626
v 1.136182 -0.249150 -1.375489
v 1.128203 -1.072295 -1.415164
v 1.130300 -1.115325 -1.471733
v 1.198658 -1.158038 -1.630850
v 1.228997 -1.161060 -1.696530
v 1.192567 -1.162578 -1.730270
v 1.130902 -1.162643 -1.672007
v 1.139235 -1.170317 -1.741625
v 1.045648 -1.125793 -1.510527
v 1.050894 -1.154923 -1.628065
v 1.063059 -1.014038 -1.392092
v 0.987577 -1.025534 -1.405390
v 0.970146 -1.093423 -1.464734
v 1.096508 -0.914295 -1.370251
v 1.015759 -0.641923 -1.378664
v 0.980432 -0.793273 -1.374287
v 0.979854 -0.378475 -1.383800
v 0.893188 -0.537455 -1.388033
v 1.025490 0.793033 -1.353402
v 0.891213 0.604639 -1.339874
v 1.096506 1.005023 -1.432662
v 1.031662 0.984557 -1.401121
v 0.972663 0.908317 -1.368322
v 1.147537 1.009702 -1.537304
v 1.092941 1.024985 -1.486546
v 1.034984 1.024004 -1.500874
v 0.982218 1.017600 -1.417123
v 0.984911 1.035353 -1.461900
v 0.818480 -0.397478 -1.386274
v 0.858858 -0.836655 -1.376684
v 0.904284 -0.963690 -1.385669
v 0.842765 -1.017103 -1.411930
v 0.887042 -1.091259 -1.469203
v 0.657131 -0.712802 -1.384784
v 0.737250 -0.560344 -1.390931
v 0.716489 -0.834738 -1.379369
v 0.920964 1.031232 -1.413481
v 0.846490 1.014586 -1.397633
v 0.843717 0.925270 -1.368740
v 0.925650 1.048976 -1.458442
v 0.895802 1.053175 -1.502026
v 0.778775 1.065474 -1.421807
v 0.821439 1.083053 -1.478388
v 0.654192 0.850435 -1.351394
v 0.646231 0.649373 -1.336840
v 0.519643 -0.750402 -1.381122
v 0.671719 -0.969112 -1.391294
v 0.748678 -1.021386 -1.415620
v 0.417410 -0.897410 -1.378157
v 0.438008 -0.995601 -1.394151
v 0.548509 -1.023411 -1.410166
v 0.449519 -0.579158 -1.382412
v 0.699934 1.082808 -1.420483
v 0.621773 1.043116 -1.393153
v 0.544773 0.921671 -1.360649
v 0.771301 1.087923 -1.512134
v 0.693591 1.113723 -1.469123
v 0.549131 -1.090662 -1.474557
v 0.516279 -1.134955 -1.661888
v 0.405760 -1.114772 -1.516092
v 0.393137 -1.133000 -1.607338
v 0.325400 -1.043211 -1.414781
v 0.292158 -1.094632 -1.470248
v 0.256692 -0.911755 -1.380573
v 0.215450 -1.014959 -1.399677
v 0.263525 -0.568620 -1.377887
v 0.161863 -0.757110 -1.378367
v 0.429326 -0.325000 -1.372138
v 0.651122 -0.227960 -1.371097
v 0.676805 0.074943 -1.352697
v 0.540365 1.093456 -1.408674
v 0.440163 1.041467 -1.386095
v 0.413984 0.915229 -1.355440
v 0.478757 0.545915 -1.330739
v 0.451848 0.306782 -1.335975
v 0.236020 -0.314116 -1.367237
v 0.127579 -1.061493 -1.432390
v 0.169000 -1.108666 -1.485365
v 0.238089 -1.123489 -1.647498
v 0.359410 -1.081720 -1.759757
v 0.262587 -1.099568 -1.725858
v 0.500590 -1.117214 -1.735052
v 0.437636 -1.089909 -1.763995
v 0.430246 -1.039655 -1.801974
v 0.352449 -1.033270 -1.797328
v 0.181866 -1.066484 -1.758143
v 0.264069 -1.020438 -1.798270
v 0.113513 -0.219300 -1.359390
v 0.049276 -1.119038 -1.524362
v 0.064761 -1.118823 -1.598162
v 0.218030 -0.968945 -1.815449
v 0.062458 -1.055574 -1.758049
v 0.022786 -0.994609 -1.799747
v 0.090916 -0.955231 -1.816355
v -0.054299 -1.105794 -1.646827
v -0.033405 -1.079279 -1.723129
v 0.004216 -1.053247 -1.427376
v -0.062800 -1.094368 -1.480979
v -0.032118 -0.787750 -1.370933
v -0.085848 -0.969111 -1.386799
v 0.287780 0.588404 -1.324963
v 0.256947 0.348308 -1.330024
v -0.122366 -0.386476 -1.363984
v -0.197968 -0.627086 -1.363764
v -0.219731 -0.997062 -1.399076
v -0.196276 -1.074575 -1.462503
v 0.135875 0.118024 -1.339745
v 0.200649 0.709771 -1.328362
v 0.046050 0.712696 -1.325850
v -0.064064 0.568534 -1.317330
v -0.027945 0.259739 -1.328436
v -0.350563 -0.145771 -1.347463
v -0.358870 -0.755995 -1.358242
v -0.327003 -0.938794 -1.377190
v -0.317594 -1.084809 -1.504344
v -0.195350 -1.099395 -1.634442
v -0.312036 -1.096126 -1.584443
v -0.161055 -1.050092 -1.749697
v -0.244939 -1.071422 -1.707336
v -0.163425 -0.991872 -1.793132
v -0.072695 -0.960483 -1.809035
v -0.064930 -0.870649 -1.825608
v -0.154484 -0.843730 -1.828667
v -0.233051 -0.932623 -1.811123
v -0.421932 -1.080339 -1.636149
v -0.356187 -1.059824 -1.709898
v -0.626431 -0.147757 -1.342340
v -0.277132 0.163052 -1.330743
v -0.211448 0.654588 -1.316371
v -0.372738 0.572298 -1.310524
v -0.471618 0.396144 -1.313833
v -0.700081 -0.433836 -1.350748
v -0.505322 -0.760883 -1.354799
v -0.649470 -0.674832 -1.352476
v -0.531992 -0.936725 -1.368191
v -0.430145 -0.996789 -1.392421
v -0.446750 -1.061571 -1.454571
v -0.409448 -1.026130 -1.754276
v -0.429195 -0.975491 -1.793316
v -0.363979 -0.924555 -1.811031
v -0.253338 -0.741907 -1.830582
v -0.413566 -0.797708 -1.827139
v -0.501392 -1.025136 -1.750016
v -0.522056 -0.976951 -1.788050
v -0.544000 -1.067613 -1.642188
v -0.569294 -1.045034 -1.712945
v -0.616445 -1.000909 -1.391371
v -0.568646 -1.067519 -1.456330
v -0.780494 -0.835574 -1.354416
v -0.724328 -0.977642 -1.379524
v -0.904096 -0.421913 -1.348773
v -0.498772 0.726580 -1.318650
v -0.828327 0.062307 -1.334160
v -0.964129 -0.163474 -1.344372
v -0.789936 -1.047766 -1.415781
v -0.645611 -1.081723 -1.506325
v -0.760026 -1.081633 -1.475671
v -0.638813 -1.073178 -1.589443
v -0.643614 -1.020594 -1.740712
v -0.736299 -1.017081 -1.735463
v -0.751398 -1.062298 -1.618446
v -0.784337 -1.041079 -1.684599
v -0.842876 -1.072129 -1.512757
v -0.840186 -1.060463 -1.574621
v -0.879091 -1.042866 -1.413931
v -0.911580 -1.066126 -1.470825
v -0.901208 -0.859257 -1.353704
v -0.930375 -0.992545 -1.378118
v -0.690680 0.454662 -1.316389
v -0.670268 0.679308 -1.320861
v -0.763737 0.818095 -1.338273
v -0.855170 0.327440 -1.326633
v -0.994321 -0.803019 -1.346864
v -1.016773 -0.637247 -1.348427
v -1.076538 -0.933817 -1.379542
v -1.021341 -1.016476 -1.406200
v -1.004532 -1.052182 -1.471402
v -0.908736 -1.041640 -1.611840
v -0.879063 -1.031253 -1.678232
v -1.053386 -1.031745 -1.539470
v -1.157316 -1.010020 -1.553227
v -1.153459 -0.659317 -1.349623
v -1.224389 -0.825290 -1.360255
v -1.174781 -0.938609 -1.393091
v -1.156003 -0.251232 -1.351022
v -0.720831 0.983229 -1.372356
v -0.626489 1.059092 -1.392386
v -0.433168 0.898903 -1.336321
v -0.476462 1.017141 -1.355041
v -0.539544 1.059175 -1.374768
v -0.469131 1.134751 -1.452071
v -0.483535 1.130307 -1.403756
v -0.407836 1.092906 -1.371590
v -0.425077 1.129895 -1.393569
v -0.235310 1.090587 -1.372756
v -0.326497 1.104756 -1.376691
v -0.273817 0.964519 -1.348324
v -0.343548 1.138336 -1.398996
v -0.306905 1.123392 -1.473214
v -0.237909 1.130744 -1.428683
v -0.180458 0.875935 -1.337028
v -0.134911 1.121658 -1.410796
v -0.052671 1.087245 -1.377408
v -0.064641 1.121589 -1.412676
v -0.072050 0.966508 -1.353486
v 0.007759 0.882273 -1.342265
v -0.005159 1.102343 -1.381576
v -0.015611 1.132756 -1.416877
v 0.040336 1.135842 -1.433367
v 0.125393 1.117856 -1.484566
v 0.101154 1.118173 -1.400460
v 0.056456 1.076723 -1.375446
v 0.085528 0.978192 -1.358956
v 0.202417 0.962624 -1.358950
v 0.252468 1.061984 -1.392828
v 0.184660 1.118265 -1.418386
v 0.230685 1.130090 -1.470696
v 0.355001 1.090913 -1.409623
v 0.346161 1.130747 -1.466993
v 0.276683 0.860940 -1.343697
v 0.485190 1.111328 -1.497731
v 0.592446 1.122448 -1.460241
v -0.823300 1.031582 -1.399789
v -0.924718 0.960188 -1.376106
v -0.909364 0.811472 -1.342898
v -0.813251 1.081497 -1.452789
v -0.949614 1.060755 -1.482907
v -1.036736 0.691076 -1.338695
v -1.037066 0.444460 -1.334254
v -1.206290 0.291173 -1.344096
v -1.001120 1.001437 -1.401974
v -1.035820 1.048215 -1.453756
v -1.083545 0.983361 -1.395200
v -1.119536 1.030560 -1.447293
v -1.185220 0.911715 -1.365987
v -1.198797 0.768140 -1.346566
v -1.255929 -0.048008 -1.350179
v -1.100737 1.046863 -1.597886
v -1.079960 1.028504 -1.676386
v -1.240009 1.021778 -1.480058
v -1.268658 1.029324 -1.564396
v -1.309710 0.951306 -1.390057
v -1.328409 1.009605 -1.449721
v -1.428218 0.914464 -1.367557
v -1.355276 0.652091 -1.337479
v -1.459550 0.761164 -1.334264
v -1.357584 0.422449 -1.339703
v -1.472059 0.294243 -1.339814
v -1.444366 -0.021948 -1.350642
v -1.479641 0.111437 -1.345604
v -1.387271 -0.160021 -1.357471
v -1.509905 -0.125946 -1.351981
v -1.568371 0.051108 -1.367900
v -1.574301 -0.076123 -1.371103
v -1.565593 0.340191 -1.360619
v -1.608457 0.157632 -1.392234
v -1.601009 0.460818 -1.386810
v -1.557759 0.742266 -1.352824
v -1.603044 0.614707 -1.382728
v -1.497046 0.975015 -1.408161
v -1.575440 0.897785 -1.400380
v -1.459826 1.015255 -1.472029
v -1.183428 0.988424 -1.726656
v -1.055777 0.905149 -1.794669
v -1.140208 0.930771 -1.780898
v -1.190396 0.871923 -1.804711
v -1.268108 0.975297 -1.735995
v -1.262121 0.900564 -1.789970
v -1.368026 1.018128 -1.624024
v -1.344312 0.994488 -1.706427
v -1.511317 1.015263 -1.537991
v -1.469255 1.012263 -1.611779
v -1.622065 0.877665 -1.474941
v -1.593182 0.956262 -1.546813
v -1.651115 0.595958 -1.444078
v -1.654610 0.699794 -1.490463
v -1.648730 0.442346 -1.447748
v -1.647532 0.137647 -1.458422
v -1.654819 0.308623 -1.489096
v -1.609892 -0.174752 -1.393533
v -1.519167 -0.248219 -1.354774
v -1.580585 -0.282099 -1.370067
v -1.418053 -0.356072 -1.362559
v -1.479263 -0.336477 -1.358428
v -1.409515 -0.512090 -1.359732
v -1.467803 -0.563643 -1.351353
v -1.510752 -0.469179 -1.351164
v -1.603934 -0.396708 -1.390327
v -1.574362 -0.498372 -1.366983
v -1.487772 -0.700457 -1.353159
v -1.596828 -0.628254 -1.384775
v -1.554185 -0.734541 -1.370992
v -1.350891 -0.602008 -1.355274
v -1.361584 -0.738620 -1.356452
v -1.435632 -0.783595 -1.363471
v -1.232640 -0.532614 -1.355488
v -1.314897 -0.839127 -1.368061
v -1.226032 -0.995175 -1.445413
v -1.216449 -1.004441 -1.509453
v -1.665359 0.301802 -1.571347
v -1.672872 0.142456 -1.621451
v -1.664974 0.447430 -1.611313
v -1.659707 0.634438 -1.576529
v -1.620705 0.907199 -1.622330
v -1.653871 0.764674 -1.636435
v -1.517474 0.999338 -1.682414
v -1.586989 0.955873 -1.683602
v -1.604950 0.915695 -1.740240
v -1.645130 0.728766 -1.708700
v -1.629138 0.828228 -1.750714
v -1.636487 0.621029 -1.740257
v -1.657669 0.410168 -1.695832
v -1.639664 0.501877 -1.738652
v -1.668538 0.141566 -1.698262
v -1.653170 0.262324 -1.732222
v -1.585301 0.348943 -1.808401
v -1.602983 0.457468 -1.794125
v -1.617971 0.246804 -1.788162
v -1.576020 0.543340 -1.813468
v -1.602365 0.639784 -1.793803
v -1.588497 0.721859 -1.809174
v -1.607558 0.803379 -1.795789
v -1.572753 0.924497 -1.781222
v -1.580891 0.861607 -1.810176
v -1.484088 0.971948 -1.741156
v -1.520871 0.936315 -1.782853
v -1.501621 0.867286 -1.812847
v -1.541852 0.824525 -1.824750
v -1.543893 0.740599 -1.827957
v -1.508357 0.452423 -1.827067
v -1.516629 0.317580 -1.827440
v -1.475473 0.732780 -1.828089
v -1.446319 0.825416 -1.817211
v -1.410117 0.958498 -1.752569
v -1.390853 0.881585 -1.798655
v -1.317299 0.841021 -1.808138
v 0.489802 -0.993194 -1.817990
v 0.606916 -1.043854 -1.813501
v 0.684225 -0.966952 -1.833753
v 0.608274 -1.116542 -1.769853
v 0.706872 -1.140537 -1.732180
v 0.812464 -0.982984 -1.835135
v 0.826231 -1.149821 -1.766547
v 0.874251 -1.089484 -1.818462
v 0.660117 -1.144816 -1.655058
v 0.941842 -1.159492 -1.672692
v 0.936292 -1.166023 -1.759627
v 0.782203 -1.146320 -1.602402
v 0.985787 -1.107342 -1.813325
v 0.777780 -1.122713 -1.521729
v 0.680113 -1.095528 -1.479765
v 1.148686 -1.112609 -1.789398
v 1.084802 -1.042600 -1.818763
v 1.205444 -1.106306 -1.775448
vn 0.0279 -0.0815 -0.9963
vn 0.0731 -0.0351 -0.9967
vn 0.0413 -0.0751 -0.9963
vn 0.0519 0.0039 -0.9986
vn 0.0708 0.0001 -0.9975
vn 0.0372 -0.0654 -0.9972
vn -0.3170 -0.3479 -0.8823
vn -0.0099 -0.1997 -0.9798
vn -0.0640 -0.4233 -0.9037
vn -0.0697 -0.1979 -0.9777
vn -0.0725 -0.1738 -0.9821
vn -0.2288 -0.4171 -0.8796
vn -0.0072 -0.0657 -0.9978
vn -0.2593 -0.0057 -0.9658
vn -0.0276 -0.0022 -0.9996
vn -0.3344 -0.1008 -0.9370
vn -0.0549 -0.1368 -0.9891
vn -0.3625 -0.2794 -0.8891
vn 0.0623 0.0239 -0.9978
vn 0.0715 0.0272 -0.9971
vn 0.0788 0.0115 -0.9968
vn -0.0198 -0.0543 -0.9983
vn 0.0338 -0.0188 -0.9993
vn 0.0353 -0.0382 -0.9986
vn 0.0228 -0.2741 -0.9614
vn -0.0266 -0.1322 -0.9909
vn 0.0153 -0.0994 -0.9949
vn -0.2228 -0.4358 -0.8720
vn -0.0992 -0.1687 -0.9807
vn 0.0411 -0.2660 -0.9631
vn -0.0756 -0.4616 -0.8839
vn -0.2829 -0.4528 -0.8455
vn -0.1430 -0.1577 -0.9771
vn -0.0854 -0.9956 0.0394
vn -0.1319 -0.9888 0.0692
vn -0.2513 -0.9334 -0.2562
vn -0.0856 -0.9530 -0.2906
vn -0.0618 -0.9980 0.0143
vn -0.3275 -0.9276 -0.1799
vn -0.2254 -0.9408 -0.2532
vn -0.2142 -0.9749 0.0613
vn -0.5978 -0.8012 -0.0259
vn -0.6053 -0.5601 -0.5656
vn -0.3892 -0.7697 -0.5060
vn -0.6429 -0.7595 -0.0995
vn -0.8709 -0.4887 -0.0525
vn -0.9722 -0.2191 -0.0823
vn -0.8271 -0.3842 -0.4102
vn -0.9707 -0.1502 -0.1878
vn -0.8213 -0.0994 -0.5618
vn -0.8034 -0.2781 -0.5264
vn -0.9845 -0.0006 -0.1753
vn -0.8683 -0.1117 -0.4833
vn -0.9834 -0.0922 -0.1562
vn -0.8612 0.0312 -0.5073
vn -0.8289 -0.0392 -0.5580
vn -0.9781 0.0218 -0.2071
vn -0.3213 -0.0156 -0.9468
vn -0.3791 0.0826 -0.9217
vn -0.0877 0.0264 -0.9958
vn 0.0006 0.0654 -0.9979
vn 0.0595 0.0430 -0.9973
vn 0.0391 0.0339 -0.9987
vn -0.0933 0.0110 -0.9956
vn -0.3998 0.0522 -0.9151
vn -0.1801 0.0275 -0.9833
vn 0.0278 0.0170 -0.9995
vn 0.0299 0.0255 -0.9992
vn 0.0191 0.0234 -0.9995
vn 0.0266 0.0145 -0.9995
vn 0.0121 0.0097 -0.9999
vn 0.0197 0.0112 -0.9997
vn -0.0537 -0.2404 -0.9692
vn 0.0060 -0.1209 -0.9927
vn 0.0186 -0.2801 -0.9598
vn -0.2875 -0.8468 -0.4475
vn -0.1853 -0.5285 -0.8284
vn -0.1257 -0.7808 -0.6120
vn -0.1830 -0.5279 -0.8293
vn -0.0044 -0.4305 -0.9026
vn -0.1646 -0.7429 -0.6489
vn -0.1295 -0.8456 -0.5179
vn 0.0872 -0.6477 -0.7569
vn -0.0130 -0.9209 -0.3896
vn -0.1607 -0.9868 0.0209
vn -0.3200 -0.8877 -0.3312
vn -0.1684 -0.9753 -0.1430
vn -0.1451 -0.9873 0.0652
vn -0.1489 -0.9887 0.0195
vn -0.1263 -0.9919 -0.0119
vn -0.2453 -0.9664 -0.0771
vn -0.2769 -0.9600 0.0415
vn -0.2169 -0.9758 -0.0280
vn -0.1603 -0.9694 -0.1862
vn -0.1287 -0.9867 -0.0992
vn -0.1740 -0.9814 -0.0814
vn -0.2597 -0.9634 0.0661
vn -0.2495 -0.9567 0.1498
vn -0.4393 -0.8576 0.2673
vn -0.6402 -0.7675 0.0344
vn -0.2622 -0.9609 0.0893
vn -0.5052 -0.8365 0.2124
vn -0.7855 -0.5377 0.3063
vn -0.9302 -0.2861 0.2301
vn -0.8872 -0.4546 0.0796
vn -0.9349 -0.2799 0.2182
vn -0.9820 -0.1840 0.0418
vn -0.8967 -0.4393 0.0545
vn -0.9823 0.0046 0.1872
vn -0.9960 -0.0436 0.0783
vn -0.9728 -0.0761 0.2187
vn -0.9993 0.0288 0.0250
vn -0.9969 -0.0388 0.0687
vn -0.9898 0.0230 0.1406
vn -0.9971 0.0033 0.0756
vn -0.9991 -0.0087 0.0423
vn -0.9885 0.0013 0.1512
vn -0.9900 0.0185 -0.1396
vn -0.9112 0.0003 -0.4119
vn -0.9873 0.0186 -0.1576
vn -0.8791 0.0986 -0.4664
vn -0.9094 0.0031 -0.4159
vn -0.9840 0.0371 -0.1744
vn -0.5596 0.0880 -0.8241
vn -0.6634 0.1251 -0.7377
vn -0.4093 0.1168 -0.9049
vn 0.0392 0.0143 -0.9991
vn 0.0397 0.0168 -0.9991
vn 0.0343 0.0174 -0.9993
vn -0.0240 0.0311 -0.9992
vn 0.0459 0.0162 -0.9988
vn 0.0520 0.0231 -0.9984
vn -0.0410 -0.2893 -0.9563
vn -0.0336 -0.1198 -0.9922
vn 0.0502 -0.1832 -0.9818
vn -0.0160 -0.8896 -0.4564
vn 0.1551 -0.5945 -0.7890
vn 0.0876 -0.8334 -0.5457
vn -0.0012 -0.6130 -0.7901
vn 0.0842 -0.5521 -0.8296
vn -0.0318 -0.7974 -0.6027
vn -0.1254 -0.9895 -0.0722
vn -0.0071 -1.0000 -0.0063
vn -0.1142 -0.9864 0.1178
vn -0.1439 -0.9819 0.1231
vn -0.2601 -0.9629 0.0718
vn -0.1205 -0.9897 -0.0769
vn -0.1246 -0.9913 0.0427
vn -0.1129 -0.9930 0.0344
vn -0.1447 -0.9859 0.0836
vn -0.2912 -0.9565 -0.0193
vn -0.3118 -0.9500 -0.0148
vn -0.2460 -0.9660 -0.0792
vn -0.2656 -0.7175 0.6439
vn -0.3574 -0.5033 0.7867
vn -0.4719 -0.7572 0.4516
vn -0.3119 -0.9383 0.1497
vn -0.3538 -0.7121 0.6064
vn -0.3122 -0.9106 0.2709
vn -0.1998 -0.8516 0.4846
vn -0.0836 -0.5779 0.8118
vn -0.2287 -0.6380 0.7353
vn -0.4506 -0.8063 0.3832
vn -0.2333 -0.8579 0.4578
vn -0.2706 -0.6467 0.7131
vn -0.3627 -0.5928 0.7190
vn -0.7206 -0.3985 0.5674
vn -0.6386 -0.6416 0.4250
vn -0.8394 -0.3467 0.4185
vn -0.9448 -0.2903 0.1520
vn -0.8027 -0.5534 0.2222
vn -0.9241 -0.0188 0.3817
vn -0.9779 -0.0780 0.1938
vn -0.8785 -0.1789 0.4430
vn -0.9767 0.0056 0.2147
vn -0.9816 -0.0686 0.1782
vn -0.9452 0.0205 0.3260
vn -0.9287 0.0164 0.3704
vn -0.9757 -0.0033 0.2189
vn -0.9404 -0.0109 0.3398
vn -0.9501 0.0118 0.3118
vn -0.9743 -0.0157 0.2249
vn -0.9206 -0.0289 0.3893
vn -0.9841 -0.0023 0.1774
vn -0.9810 -0.0037 0.1940
vn -0.9520 0.0146 0.3059
vn -0.9881 -0.0017 0.1540
vn -0.9966 -0.0081 0.0822
vn -0.9876 -0.0032 0.1572
vn -0.9108 0.0567 -0.4090
vn -0.8890 0.0553 -0.4546
vn -0.9855 0.0624 -0.1575
vn -0.6555 0.0481 -0.7536
vn -0.6486 0.0487 -0.7596
vn -0.4521 -0.0207 -0.8918
vn -0.1443 0.0443 -0.9885
vn 0.0166 0.0237 -0.9996
vn -0.0662 0.0247 -0.9975
vn -0.4282 -0.0004 -0.9037
vn -0.6584 0.0393 -0.7517
vn -0.4498 0.0051 -0.8931
vn -0.0036 -0.0404 -0.9992
vn 0.0149 -0.0217 -0.9997
vn 0.0055 -0.0114 -0.9999
vn -0.0004 -0.0842 -0.9965
vn 0.0086 -0.0606 -0.9981
vn 0.0428 -0.1890 -0.9810
vn -0.0217 -0.1853 -0.9824
vn -0.0168 -0.0490 -0.9987
vn 0.0255 -0.1801 -0.9833
vn -0.0748 -0.8135 -0.5768
vn 0.0535 -0.5403 -0.8398
vn -0.0795 -0.7528 -0.6534
vn -0.0816 -0.5233 -0.8482
vn 0.0103 -0.4531 -0.8914
vn -0.0956 -0.6990 -0.7087
vn -0.1050 -0.9791 -0.1744
vn -0.0840 -0.9664 -0.2428
vn -0.1350 -0.9851 -0.1064
vn -0.0832 -0.9918 -0.0970
vn -0.2130 -0.9736 -0.0815
vn -0.1833 -0.9830 -0.0129
vn -0.1994 -0.9541 -0.2233
vn -0.1744 -0.9808 -0.0876
vn -0.1750 -0.9642 -0.1992
vn -0.1797 -0.9635 -0.1986
vn -0.1856 -0.9679 -0.1696
vn -0.1806 -0.9633 -0.1988
vn -0.1169 -0.9571 -0.2651
vn -0.1819 -0.9713 -0.1533
vn -0.1674 -0.9777 -0.1272
vn -0.1073 -0.9277 -0.3577
vn -0.0258 -0.9009 -0.4332
vn -0.1234 -0.9698 -0.2106
vn -0.1061 -0.6930 -0.7130
vn 0.0195 -0.4575 -0.8890
vn -0.0237 -0.6145 -0.7885
vn -0.0553 -0.1836 -0.9814
vn -0.0426 -0.0583 -0.9974
vn -0.0346 -0.0972 -0.9947
vn 0.0153 -0.4126 -0.9108
vn 0.0750 -0.3008 -0.9507
vn 0.0206 -0.5196 -0.8541
vn 0.0270 -0.0042 -0.9996
vn 0.0120 0.0101 -0.9999
vn 0.0450 0.0280 -0.9986
vn 0.0472 0.0206 -0.9987
vn 0.0466 0.0339 -0.9983
vn 0.0600 0.0242 -0.9979
vn 0.0660 -0.0297 -0.9974
vn 0.0252 -0.0065 -0.9997
vn 0.0798 -0.0521 -0.9954
vn 0.0971 -0.0311 -0.9948
vn 0.0409 0.0056 -0.9991
vn 0.0101 -0.0315 -0.9995
vn 0.0725 -0.0075 -0.9973
vn 0.0498 -0.0404 -0.9979
vn 0.0327 0.0258 -0.9991
vn 0.0577 0.0062 -0.9983
vn 0.0588 0.0195 -0.9981
vn 0.0627 -0.0351 -0.9974
vn 0.0469 0.0115 -0.9988
vn 0.0640 0.0043 -0.9979
vn 0.0605 0.0251 -0.9979
vn 0.0429 0.0321 -0.9986
vn 0.0520 0.0358 -0.9980
vn 0.0501 0.0368 -0.9981
vn 0.0514 0.0263 -0.9983
vn 0.0459 0.0363 -0.9983
vn -0.0307 0.0062 -0.9995
vn -0.0163 0.0230 -0.9996
vn 0.0078 -0.0123 -0.9999
vn -0.0086 0.0170 -0.9998
vn -0.0145 0.0193 -0.9997
vn -0.0133 0.0028 -0.9999
vn -0.0016 0.0260 -0.9997
vn 0.0036 0.0182 -0.9998
vn -0.0244 -0.0027 -0.9997
vn -0.0084 0.0484 -0.9988
vn -0.0140 0.0597 -0.9981
vn -0.0161 0.0502 -0.9986
vn 0.0200 -0.0958 -0.9952
vn 0.0306 -0.0381 -0.9988
vn 0.0263 -0.0916 -0.9954
vn 0.0260 -0.0925 -0.9954
vn 0.0250 -0.0282 -0.9993
vn 0.0495 -0.0581 -0.9971
vn 0.0591 -0.0908 -0.9941
vn 0.0060 0.0047 -1.0000
vn 0.0320 -0.1060 -0.9938
vn -0.0098 -0.0405 -0.9991
vn 0.0456 0.0155 -0.9988
vn 0.0620 -0.0828 -0.9946
vn 0.0099 0.0089 -0.9999
vn 0.0411 0.0808 -0.9959
vn 0.0251 -0.1094 -0.9937
vn 0.0264 -0.1141 -0.9931
vn 0.0686 0.0409 -0.9968
vn 0.0203 -0.1003 -0.9947
vn 0.0097 0.0539 -0.9985
vn 0.0411 0.1134 -0.9927
vn 0.0328 -0.0760 -0.9966
vn 0.0082 -0.0514 -0.9986
vn 0.0272 -0.0353 -0.9990
vn 0.0111 -0.0836 -0.9964
vn 0.0351 0.0191 -0.9992
vn 0.0049 0.0008 -1.0000
vn 0.0286 0.0297 -0.9991
vn 0.0467 0.0340 -0.9983
vn 0.0476 0.0377 -0.9982
vn 0.0443 0.0380 -0.9983
vn 0.0118 0.0377 -0.9992
vn 0.0306 0.0401 -0.9987
vn 0.0047 0.0483 -0.9988
vn 0.0006 -0.0394 -0.9992
vn 0.0157 -0.0170 -0.9997
vn 0.0181 -0.0977 -0.9951
vn -0.1282 -0.4678 -0.8745
vn -0.1048 -0.2324 -0.9670
vn -0.0674 -0.4027 -0.9129
vn -0.0626 -0.2177 -0.9740
vn -0.0448 -0.2382 -0.9702
vn -0.1310 -0.3860 -0.9132
vn -0.0488 -0.4966 -0.8666
vn 0.0026 -0.3608 -0.9326
vn -0.0038 -0.5852 -0.8109
vn 0.0333 0.0418 -0.9986
vn 0.0137 0.0399 -0.9991
vn 0.0113 0.0554 -0.9984
vn 0.0157 -0.0113 -0.9998
vn 0.0134 0.0291 -0.9995
vn 0.0382 0.0237 -0.9990
vn 0.0802 0.0013 -0.9968
vn -0.0004 -0.0667 -0.9978
vn 0.0217 -0.0731 -0.9971
vn 0.0683 0.3327 -0.9405
vn -0.0557 0.4351 -0.8986
vn -0.0266 0.6280 -0.7777
vn -0.0130 0.6128 -0.7901
vn -0.0610 0.4373 -0.8972
vn -0.0408 0.5765 -0.8161
vn -0.0466 0.7826 -0.6208
vn -0.0188 0.8880 -0.4594
vn -0.0019 0.7901 -0.6130
vn -0.0142 0.0640 -0.9978
vn -0.0092 0.0537 -0.9985
vn -0.0161 0.0636 -0.9978
vn 0.0017 0.0133 -0.9999
vn -0.0062 -0.0681 -0.9977
vn 0.0127 -0.0175 -0.9998
vn -0.0080 0.3574 -0.9339
vn -0.0049 0.2635 -0.9647
vn 0.0024 0.6472 -0.7623
vn -0.1122 0.9893 -0.0931
vn -0.1140 0.9930 0.0306
vn -0.1145 0.9932 -0.0200
vn -0.0707 0.9873 -0.1424
vn -0.0758 0.9956 -0.0550
vn -0.0353 0.9842 -0.1734
vn -0.0316 0.7996 -0.5997
vn -0.0620 0.9001 -0.4312
vn -0.0174 0.8828 -0.4693
vn -0.0160 0.7858 -0.6183
vn 0.0095 0.8606 -0.5092
vn -0.0072 0.7877 -0.6160
vn -0.0114 0.6731 -0.7394
vn -0.0537 0.3530 -0.9341
vn -0.0098 0.6469 -0.7625
vn 0.0013 0.0309 -0.9995
vn -0.0013 -0.0178 -0.9998
vn -0.0068 0.0130 -0.9999
vn -0.0039 0.0613 -0.9981
vn -0.0110 0.0533 -0.9985
vn -0.0086 0.0743 -0.9972
vn -0.0171 0.0579 -0.9982
vn -0.0167 0.0660 -0.9977
vn -0.0226 0.0516 -0.9984
vn -0.0104 -0.0011 -0.9999
vn -0.0075 0.0100 -0.9999
vn -0.0112 -0.0060 -0.9999
vn -0.0258 -0.0701 -0.9972
vn -0.0102 -0.0667 -0.9977
vn -0.0081 -0.0028 -1.0000
vn -0.1069 0.9611 -0.2546
vn -0.1167 0.9820 -0.1486
vn -0.1327 0.9695 -0.2062
vn -0.1166 0.9819 -0.1493
vn -0.0693 0.9697 0.2343
vn -0.1276 0.9634 -0.2356
vn -0.0392 0.9261 -0.3751
vn -0.1004 0.9311 -0.3508
vn 0.0061 0.9993 -0.0381
vn -0.0496 0.9624 -0.2672
vn -0.0758 0.9707 -0.2278
vn -0.0321 0.9674 -0.2513
vn -0.1772 0.9395 -0.2930
vn -0.2430 0.9376 0.2488
vn -0.2276 0.9625 0.1478
vn -0.0055 0.9368 -0.3499
vn 0.0026 0.9567 -0.2911
vn 0.0206 0.9359 -0.3517
vn -0.0316 0.7888 -0.6139
vn -0.0249 0.8650 -0.5012
vn 0.0004 0.8541 -0.5200
vn -0.0320 0.4305 -0.9020
vn -0.0652 0.3363 -0.9395
vn -0.0102 0.6394 -0.7688
vn -0.0280 0.0308 -0.9991
vn 0.0100 0.1194 -0.9928
vn -0.0241 -0.0537 -0.9983
vn -0.0174 -0.0667 -0.9976
vn -0.0114 -0.0643 -0.9979
vn -0.0195 -0.0803 -0.9966
vn -0.0062 -0.0255 -0.9997
vn -0.0155 -0.0315 -0.9994
vn -0.0050 0.0067 -1.0000
vn -0.0181 0.0450 -0.9988
vn -0.0157 0.0657 -0.9977
vn -0.0167 0.0530 -0.9985
vn -0.0179 0.0093 -0.9998
vn -0.0173 0.0097 -0.9998
vn -0.0216 -0.0083 -0.9997
vn -0.0078 0.0730 -0.9973
vn -0.0106 0.0730 -0.9973
vn -0.0059 0.0638 -0.9979
vn -0.0036 0.0568 -0.9984
vn -0.0205 0.0583 -0.9981
vn -0.0109 0.0751 -0.9971
vn -0.0062 0.0179 -0.9998
vn -0.0121 -0.0307 -0.9995
vn -0.0170 0.0094 -0.9998
vn -0.0184 -0.0896 -0.9958
vn -0.0154 -0.0715 -0.9973
vn -0.0258 -0.0833 -0.9962
vn -0.0268 -0.0933 -0.9953
vn 0.0058 -0.0127 -0.9999
vn -0.0181 -0.0925 -0.9955
vn -0.0800 0.1070 -0.9910
vn -0.0353 0.0839 -0.9958
vn -0.0624 -0.0557 -0.9965
vn 0.0444 0.2939 -0.9548
vn 0.0186 0.3868 -0.9220
vn 0.0462 0.5241 -0.8504
vn -0.0290 0.6143 -0.7885
vn -0.0620 0.4552 -0.8882
vn -0.0344 0.6426 -0.7654
vn -0.0209 0.7792 -0.6265
vn 0.0091 0.8441 -0.5362
vn 0.0022 0.7447 -0.6674
vn 0.0103 0.9404 -0.3398
vn 0.0165 0.9559 -0.2932
vn 0.0214 0.9563 -0.2916
vn -0.0539 0.3638 -0.9299
vn -0.0806 0.2823 -0.9559
vn -0.0732 0.5064 -0.8592
vn -0.0342 -0.0020 -0.9994
vn 0.0453 0.1120 -0.9927
vn 0.0181 -0.0514 -0.9985
vn -0.0243 -0.0739 -0.9970
vn -0.0154 -0.0705 -0.9974
vn -0.0198 -0.0852 -0.9962
vn -0.0156 -0.0426 -0.9990
vn -0.0247 -0.0290 -0.9993
vn -0.0227 0.0013 -0.9997
vn -0.0078 0.0736 -0.9973
vn -0.0143 0.0553 -0.9984
vn -0.0082 0.0649 -0.9979
vn -0.0065 0.0713 -0.9974
vn -0.0085 0.0755 -0.9971
vn -0.0165 0.0624 -0.9979
vn -0.0183 -0.0918 -0.9956
vn -0.0227 -0.0717 -0.9972
vn -0.0233 -0.0902 -0.9957
vn -0.0238 -0.1014 -0.9946
vn 0.0094 -0.0009 -1.0000
vn -0.0198 -0.0862 -0.9961
vn -0.0764 0.1038 -0.9917
vn -0.0324 0.0910 -0.9953
vn -0.0578 -0.0633 -0.9963
vn 0.0472 0.3050 -0.9512
vn -0.0036 0.3184 -0.9480
vn 0.0838 0.5369 -0.8395
vn -0.0032 0.6558 -0.7550
vn -0.0531 0.4271 -0.9026
vn -0.0181 0.5961 -0.8027
vn -0.0493 0.7352 -0.6760
vn -0.0119 0.8541 -0.5199
vn 0.0034 0.7963 -0.6049
vn 0.0079 0.9413 -0.3375
vn 0.0172 0.9574 -0.2881
vn 0.0153 0.9453 -0.3258
vn -0.0108 0.8160 -0.5779
vn 0.0133 0.8884 -0.4589
vn 0.0112 0.8935 -0.4489
vn -0.0008 0.4213 -0.9069
vn -0.0853 0.2936 -0.9521
vn -0.0917 0.5417 -0.8356
vn -0.0376 0.0086 -0.9993
vn 0.0386 0.1190 -0.9921
vn 0.0130 -0.0466 -0.9988
vn -0.0341 0.0326 -0.9989
vn -0.0489 -0.0073 -0.9988
vn -0.0342 0.0364 -0.9988
vn -0.0254 -0.0049 -0.9997
vn -0.0252 0.0173 -0.9995
vn -0.0274 -0.0127 -0.9995
vn -0.0248 -0.0359 -0.9990
vn -0.0290 -0.0411 -0.9987
vn -0.0321 -0.0805 -0.9962
vn -0.0490 -0.1166 -0.9920
vn -0.0319 -0.0444 -0.9985
vn -0.0241 -0.0866 -0.9960
vn -0.0035 -0.1188 -0.9929
vn 0.0002 -0.0836 -0.9965
vn -0.0028 -0.1575 -0.9875
vn -0.0083 -0.0970 -0.9952
vn -0.0127 -0.0685 -0.9976
vn -0.0205 -0.0908 -0.9957
vn -0.0284 -0.1175 -0.9927
vn -0.0108 0.0061 -0.9999
vn 0.0005 -0.1075 -0.9942
vn -0.0867 0.1166 -0.9894
vn -0.0341 0.0951 -0.9949
vn -0.0751 -0.0529 -0.9958
vn 0.0621 0.2884 -0.9555
vn -0.0069 0.3126 -0.9499
vn 0.0880 0.5097 -0.8558
vn -0.0120 0.6261 -0.7797
vn -0.0669 0.4287 -0.9010
vn -0.0240 0.6216 -0.7830
vn -0.0409 0.8321 -0.5532
vn 0.0061 0.8972 -0.4415
vn 0.0162 0.7959 -0.6052
vn 0.0038 0.9437 -0.3307
vn -0.0023 0.9507 -0.3100
vn -0.0040 0.9405 -0.3396
vn 0.0383 0.3592 -0.9325
vn -0.0250 0.2899 -0.9567
vn -0.0002 0.5218 -0.8530
vn -0.0235 -0.0003 -0.9997
vn 0.0588 0.0787 -0.9952
vn 0.0287 -0.0941 -0.9952
vn -0.0134 -0.0895 -0.9959
vn -0.0203 -0.0797 -0.9966
vn -0.0090 -0.0701 -0.9975
vn -0.0175 -0.0657 -0.9977
vn -0.0032 -0.0765 -0.9971
vn 0.0164 0.0568 -0.9982
vn 0.0107 0.0038 -0.9999
vn 0.0173 0.0389 -0.9991
vn 0.0185 -0.0005 -0.9998
vn -0.0176 -0.0830 -0.9964
vn -0.0177 -0.0430 -0.9989
vn -0.0080 -0.0400 -0.9992
vn -0.0050 0.0747 -0.9972
vn -0.0096 0.0393 -0.9992
vn -0.0088 0.0741 -0.9972
vn 0.0083 0.0455 -0.9989
vn -0.0228 0.0412 -0.9989
vn -0.0016 0.0769 -0.9970
vn -0.0432 -0.0403 -0.9983
vn -0.0047 -0.0200 -0.9998
vn -0.0253 -0.0815 -0.9964
vn -0.0206 -0.0891 -0.9958
vn 0.0032 -0.0410 -0.9992
vn -0.0033 -0.0827 -0.9966
vn -0.0190 0.4145 -0.9098
vn -0.0629 0.3146 -0.9471
vn -0.0889 0.6168 -0.7821
vn -0.0280 -0.0713 -0.9971
vn -0.0758 -0.0023 -0.9971
vn -0.0135 0.0739 -0.9972
vn 0.0125 0.6231 -0.7820
vn 0.0194 0.3438 -0.9389
vn 0.0427 0.5702 -0.8204
vn -0.0281 0.7923 -0.6095
vn -0.0003 0.9042 -0.4272
vn 0.0049 0.8387 -0.5446
vn 0.0109 0.9410 -0.3382
vn 0.0038 0.9356 -0.3530
vn 0.0173 0.9441 -0.3291
vn -0.0364 0.8471 -0.5302
vn 0.0091 0.9148 -0.4039
vn 0.0104 0.9212 -0.3889
vn -0.0420 0.8490 -0.5267
vn 0.0129 0.9112 -0.4117
vn 0.0315 0.8150 -0.5786
vn -0.0186 0.6825 -0.7306
vn -0.0840 0.3733 -0.9239
vn -0.0752 0.6259 -0.7763
vn 0.0470 0.3375 -0.9401
vn -0.0373 0.2685 -0.9626
vn 0.0492 0.5957 -0.8017
vn -0.0876 0.0707 -0.9936
vn 0.0165 0.0200 -0.9997
vn -0.0541 -0.0665 -0.9963
vn -0.0251 -0.1067 -0.9940
vn 0.0022 0.0047 -1.0000
vn -0.0207 -0.1038 -0.9944
vn -0.0186 0.0641 -0.9978
vn -0.0048 0.0740 -0.9972
vn 0.0025 0.0672 -0.9977
vn -0.0239 0.0353 -0.9991
vn -0.0038 0.0476 -0.9989
vn -0.0356 0.0098 -0.9993
vn -0.0462 -0.0115 -0.9989
vn -0.0439 0.0162 -0.9989
vn -0.0364 0.0037 -0.9993
vn -0.0271 -0.0537 -0.9982
vn -0.0346 -0.0390 -0.9986
vn -0.0395 -0.0949 -0.9947
vn -0.0511 -0.1484 -0.9876
vn -0.0436 -0.0816 -0.9957
vn -0.0471 -0.1228 -0.9913
vn -0.0410 0.0129 -0.9991
vn -0.0100 0.0578 -0.9983
vn 0.0063 0.0081 -0.9999
vn -0.0454 -0.0330 -0.9984
vn -0.0001 -0.0197 -0.9998
vn -0.0209 -0.0687 -0.9974
vn -0.0574 -0.0917 -0.9941
vn -0.0528 -0.0380 -0.9979
vn -0.0278 -0.0726 -0.9970
vn 0.0113 0.0794 -0.9968
vn 0.0060 0.0779 -0.9969
vn 0.0197 0.0745 -0.9970
vn 0.0100 0.0744 -0.9972
vn 0.0010 0.0344 -0.9994
vn -0.0037 0.0565 -0.9984
vn 0.0916 0.6570 -0.7483
vn 0.1298 0.3908 -0.9113
vn -0.0007 0.5634 -0.8262
vn -0.0637 0.7984 -0.5988
vn -0.0416 0.9106 -0.4112
vn 0.0114 0.9076 -0.4197
vn 0.0063 0.9447 -0.3278
vn 0.0193 0.9356 -0.3524
vn 0.0239 0.9436 -0.3301
vn -0.0024 0.9487 -0.3162
vn 0.0040 0.9537 -0.3008
vn 0.0164 0.9267 -0.3755
vn -0.0107 0.5415 -0.8407
vn -0.0593 0.4018 -0.9138
vn -0.0838 0.6747 -0.7333
vn 0.0949 0.3174 -0.9435
vn 0.0267 0.3227 -0.9461
vn 0.0369 0.4486 -0.8930
vn -0.0737 -0.0030 -0.9973
vn 0.0057 -0.0201 -0.9998
vn -0.0300 -0.1048 -0.9940
vn -0.0402 -0.0969 -0.9945
vn -0.0338 0.0094 -0.9994
vn -0.0379 -0.0892 -0.9953
vn -0.0454 -0.0827 -0.9955
vn -0.0439 -0.0406 -0.9982
vn -0.0345 -0.0837 -0.9959
vn -0.0529 -0.0646 -0.9965
vn -0.0307 -0.0472 -0.9984
vn -0.0421 -0.0845 -0.9955
vn -0.0251 0.0207 -0.9995
vn -0.0548 -0.0033 -0.9985
vn -0.0382 0.0363 -0.9986
vn 0.0289 0.0669 -0.9973
vn 0.0253 0.0674 -0.9974
vn 0.0314 0.0719 -0.9969
vn 0.0368 0.0075 -0.9993
vn 0.0353 0.0672 -0.9971
vn 0.0564 0.0377 -0.9977
vn 0.0406 -0.0325 -0.9986
vn 0.0724 -0.0209 -0.9972
vn 0.0578 -0.0693 -0.9959
vn -0.0051 -0.0851 -0.9964
vn 0.0269 -0.0399 -0.9988
vn 0.0308 -0.0782 -0.9965
vn -0.0049 0.0462 -0.9989
vn 0.0030 0.0465 -0.9989
vn -0.0397 0.0163 -0.9991
vn -0.0361 -0.0813 -0.9960
vn -0.0162 -0.0657 -0.9977
vn -0.0415 -0.0569 -0.9975
vn -0.0357 -0.0733 -0.9967
vn -0.0295 0.0500 -0.9983
vn -0.0056 -0.0444 -0.9990
vn -0.0704 -0.0036 -0.9975
vn 0.0276 0.0500 -0.9984
vn -0.0177 -0.0816 -0.9965
vn 0.0859 0.3943 -0.9149
vn -0.0286 0.2857 -0.9579
vn 0.0155 0.6299 -0.7765
vn 0.2515 0.5676 -0.7839
vn 0.0433 0.2997 -0.9531
vn 0.0298 0.4532 -0.8909
vn 0.0166 0.5800 -0.8145
vn 0.0036 0.8502 -0.5264
vn 0.1282 0.8477 -0.5148
vn -0.0087 0.9413 -0.3375
vn 0.0802 0.9455 -0.3156
vn 0.1713 0.9280 -0.3310
vn 0.1278 0.9239 -0.3606
vn 0.1215 0.9522 -0.2804
vn 0.1909 0.9444 -0.2678
vn 0.0789 0.9154 -0.3947
vn 0.1102 0.9660 -0.2339
vn 0.0771 0.9350 -0.3463
vn 0.0459 0.7231 -0.6892
vn 0.0192 0.3562 -0.9342
vn 0.0526 0.6521 -0.7563
vn 0.0573 0.4519 -0.8902
vn -0.0491 0.3400 -0.9392
vn -0.0549 0.6945 -0.7174
vn -0.0382 0.0441 -0.9983
vn 0.0753 0.1406 -0.9872
vn 0.0384 -0.0084 -0.9992
vn -0.0041 0.0265 -0.9996
vn -0.0266 -0.0127 -0.9996
vn -0.0395 0.0059 -0.9992
vn -0.0393 -0.0230 -0.9990
vn -0.0596 -0.0265 -0.9979
vn -0.0634 -0.0117 -0.9979
vn 0.0363 0.0689 -0.9970
vn 0.0358 0.0595 -0.9976
vn 0.0459 0.0448 -0.9979
vn 0.0596 -0.0765 -0.9953
vn 0.0679 -0.0241 -0.9974
vn 0.0955 -0.0843 -0.9919
vn -0.0065 0.0425 -0.9991
vn -0.0582 0.0193 -0.9981
vn -0.0436 0.0375 -0.9983
vn 0.0137 0.0596 -0.9981
vn -0.0247 0.0592 -0.9979
vn 0.0040 0.0453 -0.9990
vn -0.0781 0.0154 -0.9968
vn 0.0172 0.0007 -0.9999
vn -0.0685 0.0348 -0.9970
vn -0.0995 -0.0081 -0.9950
vn -0.0385 -0.0117 -0.9992
vn -0.0078 -0.0268 -0.9996
vn -0.1130 -0.0203 -0.9934
vn -0.0552 -0.0451 -0.9975
vn -0.1027 -0.0076 -0.9947
vn -0.1063 -0.0161 -0.9942
vn -0.0826 -0.0109 -0.9965
vn -0.0489 -0.0393 -0.9980
vn -0.0334 -0.0596 -0.9977
vn -0.0260 -0.0634 -0.9977
vn -0.0403 -0.0495 -0.9980
vn -0.0186 0.1371 -0.9904
vn 0.0787 0.1091 -0.9909
vn -0.0009 -0.0070 -1.0000
vn 0.1605 0.3971 -0.9036
vn 0.0348 0.3340 -0.9419
vn 0.1310 0.6719 -0.7290
vn 0.0800 0.7519 -0.6545
vn -0.0013 0.4217 -0.9067
vn -0.0448 0.6994 -0.7133
vn 0.0203 0.9275 -0.3733
vn 0.1001 0.9847 -0.1429
vn 0.1442 0.9112 -0.3859
vn 0.0180 0.9441 -0.3291
vn 0.1682 0.9671 -0.1910
vn 0.1428 0.9775 -0.1555
vn 0.2110 0.9731 -0.0928
vn 0.2115 0.9718 -0.1042
vn 0.1737 0.9824 -0.0693
vn -0.0255 0.8950 -0.4453
vn -0.0225 0.9815 -0.1899
vn 0.0402 0.9520 -0.3033
vn 0.1910 0.7521 -0.6308
vn 0.2053 0.4158 -0.8860
vn 0.0896 0.6500 -0.7546
vn 0.0012 -0.0314 -0.9995
vn 0.0593 0.0867 -0.9945
vn -0.0125 -0.0113 -0.9999
vn -0.0997 0.0061 -0.9950
vn -0.1519 0.1106 -0.9822
vn -0.1023 -0.0038 -0.9947
vn -0.0603 0.0547 -0.9967
vn -0.0254 0.1052 -0.9941
vn -0.0310 -0.0140 -0.9994
vn 0.4068 -0.0660 -0.9111
vn 0.0631 -0.0545 -0.9965
vn 0.2514 0.0627 -0.9659
vn -0.0936 -0.0015 -0.9956
vn -0.2228 0.0882 -0.9709
vn 0.0885 0.1438 -0.9856
vn 0.1476 -0.0204 -0.9888
vn 0.0728 -0.0080 -0.9973
vn 0.3802 -0.0502 -0.9235
vn 0.6268 -0.0997 -0.7728
vn 0.3538 -0.0953 -0.9305
vn 0.4935 -0.0546 -0.8681
vn 0.6116 -0.0570 -0.7891
vn 0.3577 0.0149 -0.9337
vn 0.5912 -0.0291 -0.8060
vn 0.3619 0.0130 -0.9321
vn 0.3413 -0.0008 -0.9399
vn 0.6055 -0.0232 -0.7955
vn 0.8112 -0.0947 -0.5770
vn 0.5228 -0.0408 -0.8515
vn 0.7097 -0.0437 -0.7032
vn 0.7814 -0.0495 -0.6220
vn 0.5592 0.0494 -0.8275
vn 0.8002 -0.0239 -0.5992
vn 0.5397 -0.0078 -0.8418
vn 0.5149 0.0171 -0.8571
vn 0.7798 -0.0518 -0.6239
vn -0.0483 0.0178 -0.9987
vn 0.0519 0.0295 -0.9982
vn 0.1257 -0.0075 -0.9920
vn -0.0304 0.0273 -0.9992
vn 0.1018 -0.0088 -0.9948
vn -0.0136 -0.0043 -0.9999
vn 0.0347 0.0031 -0.9994
vn 0.0079 0.0306 -0.9995
vn 0.0259 0.0015 -0.9997
vn 0.0229 -0.0400 -0.9989
vn 0.0257 -0.0371 -0.9990
vn 0.0377 -0.1042 -0.9938
vn 0.0513 -0.0409 -0.9978
vn 0.1739 -0.0114 -0.9847
vn 0.2912 -0.0655 -0.9544
vn 0.2765 -0.0596 -0.9592
vn 0.1337 -0.1282 -0.9827
vn 0.0488 -0.0471 -0.9977
vn 0.0330 -0.1028 -0.9942
vn 0.0335 -0.0514 -0.9981
vn 0.1307 -0.1294 -0.9829
vn 0.8792 -0.0993 -0.4661
vn 0.5918 0.0150 -0.8059
vn 0.8211 -0.0392 -0.5695
vn 0.6696 -0.0134 -0.7426
vn 0.5576 0.0161 -0.8300
vn 0.8928 -0.0543 -0.4471
vn 0.9939 -0.1076 -0.0225
vn 0.9940 -0.1094 0.0071
vn 0.9808 -0.0525 -0.1880
vn 0.9508 -0.0665 -0.3024
vn 0.9928 -0.1086 -0.0501
vn 0.9704 -0.0783 -0.2284
vn 0.9781 -0.0435 -0.2037
vn 0.9962 -0.0852 0.0180
vn 0.9929 -0.0703 -0.0957
vn 0.9915 -0.0911 -0.0929
vn 0.9925 -0.1133 -0.0457
vn 0.9679 -0.0635 -0.2432
vn 0.9037 -0.0146 -0.4279
vn 0.9841 -0.0646 -0.1652
vn 0.9432 -0.0488 -0.3287
vn 0.9767 -0.0540 -0.2078
vn 0.9841 -0.0793 -0.1592
vn 0.9073 -0.0271 -0.4196
vn 0.8326 -0.0382 -0.5526
vn 0.9704 -0.0651 -0.2327
vn 0.8830 -0.0474 -0.4669
vn 0.9573 0.0188 -0.2884
vn 0.9780 -0.0347 -0.2058
vn 0.8729 -0.0053 -0.4879
vn 0.7410 0.0251 -0.6711
vn 0.9277 0.0347 -0.3717
vn 0.8219 -0.0027 -0.5697
vn 0.8758 0.1896 -0.4439
vn 0.9343 0.0673 -0.3501
vn 0.7587 0.0679 -0.6479
vn 0.5495 0.1659 -0.8189
vn 0.8524 0.2172 -0.4756
vn 0.7496 0.0326 -0.6611
vn 0.4455 0.4456 -0.7765
vn 0.3382 0.7810 -0.5251
vn 0.7411 0.5452 -0.3918
vn -0.1377 0.4346 -0.8900
vn 0.1006 0.7573 -0.6453
vn 0.2372 0.4470 -0.8625
vn 0.0918 0.7977 -0.5960
vn -0.0324 0.4281 -0.9032
vn 0.0220 0.7368 -0.6757
vn -0.0045 0.4447 -0.8957
vn 0.0326 0.3800 -0.9244
vn 0.0465 0.7507 -0.6591
vn 0.1340 0.9836 -0.1204
vn 0.0901 0.9959 0.0025
vn 0.0331 0.9994 0.0083
vn 0.1010 0.9944 -0.0314
vn 0.1050 0.9823 -0.1550
vn 0.0614 0.9872 -0.1471
vn 0.1648 0.9839 -0.0692
vn 0.1833 0.9769 -0.1100
vn 0.1124 0.9837 -0.1403
vn 0.0340 0.9969 -0.0714
vn 0.1154 0.9932 -0.0138
vn 0.1113 0.9938 -0.0029
vn 0.0869 0.9873 -0.1327
vn 0.0962 0.9953 0.0118
vn 0.1602 0.9674 -0.1964
vn 0.3730 0.8400 -0.3941
vn 0.4859 0.8671 -0.1097
vn 0.7541 0.5617 -0.3403
vn 0.1297 0.9733 -0.1893
vn 0.1297 0.9915 0.0111
vn 0.2812 0.9595 0.0167
vn 0.8139 0.5198 -0.2596
vn 0.6044 0.7937 -0.0692
vn 0.8340 0.5499 0.0447
vn 0.9221 0.2288 -0.3121
vn 0.9686 0.2447 -0.0442
vn 0.9785 0.1070 -0.1763
vn 0.9756 0.2177 -0.0300
vn 0.9967 0.0722 0.0360
vn 0.9879 0.0904 -0.1258
vn 0.9893 0.0451 -0.1389
vn 0.9993 0.0278 0.0266
vn 0.9974 -0.0173 -0.0696
vn 0.9975 0.0048 0.0706
vn 0.9931 -0.0392 0.1103
vn 0.9990 -0.0204 -0.0400
vn 0.9972 -0.0420 -0.0617
vn 0.9940 -0.0620 0.0902
vn 0.9975 -0.0690 -0.0176
vn 0.9904 -0.0686 0.1197
vn 0.9840 -0.0991 0.1484
vn 0.9965 -0.0812 0.0193
vn 0.9961 -0.0864 0.0174
vn 0.9856 -0.1170 0.1217
vn 0.9926 -0.1113 0.0484
vn 0.9857 -0.1083 0.1289
vn 0.9836 -0.1155 0.1388
vn 0.9918 -0.1108 0.0643
vn 0.9923 -0.1070 0.0629
vn 0.9857 -0.1210 0.1176
vn 0.9917 -0.1040 0.0755
vn 0.9896 -0.0961 0.1067
vn 0.9882 -0.1028 0.1135
vn 0.9921 -0.0996 0.0760
vn 0.9885 -0.1016 0.1120
vn 0.9907 -0.0989 0.0930
vn 0.9920 -0.1013 0.0752
vn 0.9925 -0.1053 0.0615
vn 0.9910 -0.1009 0.0875
vn 0.9966 -0.0814 -0.0124
vn 0.9923 -0.0649 0.1056
vn 0.9984 -0.0376 0.0411
vn 0.9995 -0.0298 0.0113
vn 0.9731 -0.0516 -0.2246
vn 0.7499 -0.0038 -0.6616
vn 0.9419 -0.0636 -0.3297
vn 0.7365 0.0052 -0.6764
vn 0.9635 -0.0333 -0.2656
vn 0.8359 -0.0765 -0.5436
vn 0.6294 -0.1801 -0.7559
vn 0.3218 -0.1840 -0.9288
vn 0.4195 -0.0814 -0.9041
vn 0.6562 -0.2745 -0.7029
vn 0.6755 -0.4324 -0.5973
vn 0.4124 -0.3060 -0.8581
vn 0.4484 -0.2753 -0.8504
vn 0.7017 -0.3915 -0.5952
vn 0.4743 -0.3937 -0.7875
vn 0.0927 -0.2555 -0.9624
vn 0.2043 -0.2326 -0.9509
vn 0.2769 -0.3754 -0.8845
vn 0.0792 -0.5259 -0.8468
vn 0.0532 -0.3043 -0.9511
vn 0.2597 -0.3929 -0.8822
vn 0.5140 -0.5182 -0.6836
vn 0.7452 -0.3840 -0.5452
vn 0.7166 -0.5771 -0.3918
vn 0.2899 -0.6859 -0.6675
vn 0.4643 -0.7999 -0.3803
vn 0.0395 -0.9371 -0.3467
vn 0.1777 -0.8725 -0.4552
vn 0.3990 -0.6906 -0.6032
vn 0.2727 -0.9458 -0.1766
vn 0.9913 -0.0642 -0.1151
vn 0.9899 -0.1294 -0.0584
vn 0.9544 -0.1518 -0.2572
vn 0.9826 -0.1856 -0.0046
vn 0.9852 -0.1664 0.0419
vn 0.9591 -0.2772 -0.0577
vn 0.9808 -0.1839 -0.0648
vn 0.9353 -0.2724 -0.2257
vn 0.8643 -0.2316 -0.4465
vn 0.8514 -0.3571 -0.3842
vn 0.9467 -0.3025 -0.1108
vn 0.7947 -0.5440 -0.2693
vn 0.9080 -0.1199 -0.4015
vn 0.9852 -0.0453 -0.1651
vn 0.9885 -0.1424 -0.0510
vn 0.9928 -0.0557 0.1056
vn 0.9989 -0.0047 0.0468
vn 0.9935 -0.0396 0.1067
vn 0.9950 -0.0785 0.0626
vn 0.9899 -0.1405 0.0164
vn 0.9987 -0.0493 0.0103
vn 0.9166 -0.0618 0.3950
vn 0.8607 -0.1308 0.4921
vn 0.9739 -0.0951 0.2061
vn 0.9827 -0.0938 0.1594
vn 0.9127 -0.1337 0.3862
vn 0.9789 -0.0925 0.1821
vn 0.9735 -0.0875 0.2115
vn 0.8776 -0.0986 0.4692
vn 0.9317 -0.1315 0.3387
vn 0.9062 -0.0340 0.4215
vn 0.8741 -0.0867 0.4779
vn 0.9774 -0.0632 0.2017
vn 0.9711 -0.1064 0.2137
vn 0.8829 -0.1566 0.4426
vn 0.9668 -0.1130 0.2294
vn 0.8602 -0.0392 0.5084
vn 0.8691 -0.0902 0.4864
vn 0.9622 -0.0685 0.2635
vn 0.9702 -0.0619 0.2341
vn 0.8612 -0.1244 0.4928
vn 0.9605 -0.0940 0.2621
vn 0.8599 -0.0048 0.5104
vn 0.8458 -0.0661 0.5294
vn 0.9633 -0.0368 0.2660
vn 0.9840 0.0187 0.1771
vn 0.8897 -0.0332 0.4553
vn 0.9738 -0.0272 0.2259
vn 0.9021 0.1398 0.4083
vn 0.8599 0.0127 0.5104
vn 0.9814 0.0311 0.1895
vn 0.9758 0.2136 -0.0457
vn 0.9375 0.2238 0.2664
vn 0.9927 0.0818 0.0881
vn 0.8153 0.5773 -0.0453
vn 0.5669 0.8235 0.0213
vn 0.8216 0.5031 0.2680
vn 0.6043 0.7937 -0.0689
vn 0.5666 0.8237 0.0204
vn 0.8383 0.5447 0.0256
vn 0.2921 0.4805 0.8269
vn 0.2479 0.1823 0.9515
vn 0.5869 0.2828 0.7587
vn 0.6272 0.2107 0.7498
vn 0.2860 0.1273 0.9497
vn 0.5499 0.0678 0.8325
vn 0.5233 0.8517 0.0268
vn 0.3411 0.8042 0.4867
vn 0.7228 0.5488 0.4201
vn 0.1903 0.0531 0.9803
vn 0.1570 -0.0212 0.9874
vn 0.4476 0.0458 0.8931
vn 0.4519 0.0392 0.8912
vn 0.1641 -0.0310 0.9859
vn 0.4142 -0.0350 0.9095
vn 0.1211 -0.0255 0.9923
vn 0.1229 -0.0520 0.9911
vn 0.3731 0.0254 0.9274
vn 0.4134 -0.0291 0.9101
vn 0.1507 -0.0862 0.9848
vn 0.4202 -0.0812 0.9038
vn 0.1574 0.0032 0.9875
vn 0.1212 -0.0275 0.9922
vn 0.4422 0.0621 0.8947
vn 0.5793 -0.0266 0.8147
vn 0.1985 -0.0704 0.9776
vn 0.5050 -0.0679 0.8605
vn 0.1915 -0.0081 0.9814
vn 0.1340 -0.0353 0.9903
vn 0.5062 0.0386 0.8616
vn 0.6029 -0.0256 0.7974
vn 0.2062 -0.0703 0.9760
vn 0.5231 -0.0782 0.8487
vn 0.1669 -0.0412 0.9851
vn 0.2397 -0.0934 0.9663
vn 0.4883 -0.0474 0.8714
vn 0.7253 -0.2397 0.6454
vn 0.6312 -0.1893 0.7521
vn 0.4238 -0.2419 0.8729
vn 0.6523 -0.0828 0.7534
vn 0.7437 -0.1137 0.6588
vn 0.4582 -0.0922 0.8841
vn 0.8777 -0.1800 0.4441
vn 0.9680 -0.1148 0.2230
vn 0.9124 -0.1834 0.3659
vn 0.9422 -0.1648 0.2916
vn 0.9767 -0.1158 0.1807
vn 0.9813 -0.1093 0.1584
vn 0.9885 -0.0541 0.1415
vn 0.9861 -0.0260 0.1643
vn 0.9979 -0.0092 0.0635
vn 0.9993 -0.0297 0.0246
vn 0.9859 -0.0058 0.1674
vn 0.9937 -0.0989 0.0523
vn 0.9783 -0.0108 0.2070
vn 0.9504 -0.0804 0.3004
vn 0.9887 -0.1201 0.0892
vn 0.7448 -0.6661 -0.0404
vn 0.9312 -0.3641 0.0190
vn 0.7962 -0.5550 0.2410
vn 0.9375 -0.3392 0.0777
vn 0.9069 -0.3034 0.2924
vn 0.7969 -0.5521 0.2452
vn 0.3855 -0.9210 0.0556
vn 0.3734 -0.8663 0.3318
vn 0.0634 -0.9457 0.3187
vn -0.0852 -0.9927 0.0859
vn 0.3331 -0.9429 -0.0006
vn -0.0134 -0.9704 0.2412
vn 0.8105 -0.5456 0.2131
vn 0.9203 -0.2933 0.2590
vn 0.7529 -0.4822 0.4480
vn 0.4378 -0.8352 0.3328
vn 0.4552 -0.7096 0.5378
vn 0.0861 -0.8543 0.5125
vn 0.0648 -0.9471 0.3143
vn 0.3531 -0.8587 0.3715
vn 0.0627 -0.8765 0.4774
vn 0.8057 0.0531 0.5899
vn 0.6905 -0.0507 0.7216
vn 0.9239 -0.0570 0.3784
vn 0.9487 0.0181 0.3156
vn 0.8257 0.0112 0.5641
vn 0.9289 -0.0576 0.3659
vn 0.9028 -0.2518 0.3487
vn 0.7028 -0.1726 0.6901
vn 0.7341 -0.4233 0.5309
vn 0.8511 -0.0212 0.5246
vn 0.8004 0.0279 0.5988
vn 0.9430 0.0201 0.3321
vn 0.9624 -0.0178 0.2711
vn 0.8756 -0.0619 0.4791
vn 0.9517 0.0020 0.3069
vn 0.5457 -0.0683 0.8352
vn 0.3292 -0.1303 0.9352
vn 0.2558 -0.0846 0.9630
vn 0.5528 0.0831 0.8291
vn 0.2408 0.0428 0.9696
vn 0.4858 0.1065 0.8676
vn -0.1133 -0.0462 0.9925
vn 0.0217 -0.1208 0.9924
vn -0.0818 -0.0598 0.9949
vn 0.0176 0.0443 0.9989
vn 0.0850 0.0203 0.9962
vn -0.0620 0.0363 0.9974
vn -0.1864 0.0174 0.9823
vn -0.1280 -0.0338 0.9912
vn -0.0983 0.0014 0.9952
vn -0.1866 -0.0184 0.9823
vn -0.1680 -0.0047 0.9858
vn -0.1322 -0.0001 0.9912
vn -0.2102 -0.0758 0.9747
vn -0.1734 -0.0382 0.9841
vn -0.1366 -0.0404 0.9898
vn -0.1866 -0.0245 0.9821
vn -0.1862 0.0169 0.9824
vn -0.1586 0.0461 0.9863
vn -0.1092 -0.0532 0.9926
vn -0.0810 -0.0975 0.9919
vn -0.0676 -0.0306 0.9972
vn -0.0889 -0.1552 0.9839
vn -0.1239 -0.1209 0.9849
vn -0.1124 -0.0798 0.9904
vn -0.0926 0.0605 0.9939
vn -0.0450 -0.0059 0.9990
vn -0.0116 0.0817 0.9966
vn -0.1059 -0.0030 0.9944
vn -0.0978 -0.0618 0.9933
vn -0.0738 -0.0242 0.9970
vn 0.0536 0.2207 0.9739
vn 0.1409 0.4686 0.8721
vn -0.0728 0.4238 0.9028
vn -0.1480 0.2871 0.9464
vn -0.1273 0.1480 0.9808
vn -0.0417 0.1404 0.9892
vn 0.0640 0.6541 0.7537
vn -0.1038 0.9070 0.4082
vn -0.1413 0.6397 0.7555
vn 0.3344 0.9423 -0.0117
vn 0.1731 0.9788 0.1092
vn 0.3318 0.8319 0.4449
vn 0.1707 0.9720 -0.1615
vn 0.1704 0.9846 -0.0390
vn 0.2838 0.9492 -0.1362
vn 0.2561 0.9644 -0.0656
vn 0.1111 0.9923 -0.0538
vn 0.2023 0.9792 -0.0129
vn 0.0938 0.8714 0.4816
vn 0.0801 0.8409 0.5352
vn 0.1137 0.6215 0.7751
vn 0.1741 0.9719 -0.1586
vn 0.1408 0.9882 -0.0601
vn 0.1511 0.9882 0.0258
vn -0.0087 -0.0708 0.9975
vn -0.0314 -0.0201 0.9993
vn -0.0928 -0.0605 0.9938
vn -0.1074 0.0508 0.9929
vn -0.0977 0.0232 0.9949
vn -0.1264 0.0333 0.9914
vn -0.1053 -0.0083 0.9944
vn -0.0869 0.0150 0.9961
vn -0.1204 0.0222 0.9925
vn 0.1659 0.0537 0.9847
vn 0.0994 0.0300 0.9946
vn 0.4124 0.1200 0.9031
vn -0.1478 0.0269 0.9887
vn -0.1095 0.0141 0.9939
vn -0.0974 0.0498 0.9940
vn -0.1162 0.0264 0.9929
vn -0.1335 0.0143 0.9909
vn -0.1018 0.0542 0.9933
vn 0.4423 0.1226 0.8884
vn 0.0841 0.0487 0.9953
vn 0.3572 0.0123 0.9340
vn -0.0108 -0.0209 0.9997
vn -0.0411 -0.1976 0.9794
vn 0.2703 -0.0604 0.9609
vn 0.4608 -0.4828 0.7447
vn 0.4352 -0.2275 0.8711
vn 0.0798 -0.3262 0.9419
vn -0.0171 -0.6865 0.7269
vn 0.3337 -0.6240 0.7066
vn -0.0208 -0.4589 0.8883
vn -0.2004 -0.4002 0.8943
vn -0.1292 -0.6617 0.7385
vn -0.0666 -0.4487 0.8912
vn -0.1212 -0.6000 0.7908
vn -0.0459 -0.6557 0.7536
vn -0.1081 -0.3864 0.9160
vn 0.0315 -0.9449 0.3258
vn 0.0758 -0.8771 0.4742
vn -0.0226 -0.8819 0.4710
vn -0.0546 -0.9587 0.2791
vn -0.0078 -0.9572 0.2893
vn -0.0797 -0.9023 0.4236
vn -0.0210 -0.9972 0.0721
vn -0.0099 -0.9706 0.2405
vn -0.0264 -0.9790 0.2021
vn -0.0634 -0.3400 0.9383
vn -0.0033 -0.6461 0.7632
vn 0.0128 -0.4282 0.9036
vn -0.2296 -0.1415 0.9630
vn -0.0932 -0.2182 0.9714
vn -0.1291 -0.0397 0.9908
vn -0.1525 -0.0588 0.9866
vn -0.1922 -0.1597 0.9683
vn -0.1360 -0.0350 0.9901
vn -0.1136 -0.1385 0.9838
vn -0.1087 -0.1447 0.9835
vn -0.1104 -0.0342 0.9933
vn 0.0027 -0.0554 0.9985
vn -0.0595 -0.0440 0.9973
vn -0.0051 -0.0698 0.9975
vn 0.0050 0.5647 0.8253
vn -0.0000 0.8108 0.5853
vn 0.0079 0.5716 0.8205
vn 0.0194 0.2250 0.9742
vn -0.0328 0.0961 0.9948
vn 0.0041 0.2143 0.9767
vn 0.1034 0.9715 -0.2133
vn 0.0983 0.9865 -0.1313
vn 0.1148 0.9689 -0.2193
vn 0.0179 -0.0221 0.9996
vn 0.0048 -0.0449 0.9990
vn 0.0101 -0.0089 0.9999
vn 0.0132 -0.0535 0.9985
vn 0.0172 -0.0624 0.9979
vn 0.0031 -0.0742 0.9972
vn -0.0071 -0.0332 0.9994
vn -0.0494 -0.0009 0.9988
vn -0.0659 -0.0257 0.9975
vn -0.1588 -0.5813 0.7980
vn -0.0279 -0.6585 0.7521
vn -0.1046 -0.4115 0.9054
vn -0.0427 -0.9535 0.2983
vn -0.0057 -0.8932 0.4496
vn -0.1501 -0.8609 0.4861
vn -0.0301 -0.9925 0.1188
vn 0.0249 -0.9925 0.1199
vn -0.0475 -0.9842 0.1706
vn 0.1776 -0.8725 -0.4551
vn 0.1797 -0.9718 -0.1530
vn 0.0646 -0.9979 -0.0057
vn 0.1464 -0.8490 -0.5077
vn 0.2375 -0.8809 -0.4093
vn 0.1106 -0.9939 -0.0052
vn -0.1815 -0.9820 0.0528
vn 0.0107 -0.9913 0.1310
vn -0.0279 -0.9841 0.1754
vn 0.2686 -0.8127 -0.5170
vn 0.0541 -0.9967 0.0610
vn 0.0324 -0.9656 -0.2579
vn -0.0225 -0.9327 0.3600
vn -0.0233 -0.9498 0.3120
vn -0.1061 -0.8516 0.5134
vn -0.0148 -0.9999 -0.0037
vn 0.0035 -0.9870 0.1609
vn -0.0400 -0.9815 0.1871
vn -0.1251 -0.2937 0.9477
vn -0.1140 -0.5392 0.8344
vn -0.0592 -0.3838 0.9215
vn -0.1104 -0.4418 0.8903
vn -0.0482 -0.5224 0.8513
vn -0.0097 -0.2534 0.9673
vn -0.1299 -0.8777 0.4613
vn -0.0749 -0.8269 0.5573
vn -0.1568 -0.7143 0.6820
vn -0.0502 -0.0453 0.9977
vn 0.0034 -0.1505 0.9886
vn -0.0260 -0.0386 0.9989
vn -0.0419 0.0415 0.9983
vn -0.0624 0.0298 0.9976
vn -0.0737 0.0303 0.9968
vn -0.0423 0.0400 0.9983
vn -0.0330 -0.0168 0.9993
vn -0.0566 0.0051 0.9984
vn -0.0279 -0.0211 0.9994
vn -0.0542 -0.0048 0.9985
vn -0.0220 -0.0485 0.9986
vn -0.0290 -0.0056 0.9996
vn -0.0349 0.0338 0.9988
vn -0.0542 0.0131 0.9984
vn 0.0248 0.1215 0.9923
vn 0.0168 0.0901 0.9958
vn 0.0764 0.2012 0.9766
vn -0.0020 0.0488 0.9988
vn 0.0047 0.0017 1.0000
vn 0.0016 0.0039 1.0000
vn 0.2237 0.7952 0.5636
vn 0.1425 0.8305 0.5385
vn 0.1656 0.4812 0.8608
vn 0.1335 0.4305 0.8927
vn 0.0747 0.7489 0.6584
vn 0.1124 0.4976 0.8601
vn 0.0238 0.2914 0.9563
vn 0.0116 0.1503 0.9886
vn 0.0652 0.2165 0.9741
vn 0.0227 0.9568 -0.2898
vn 0.1538 0.9728 -0.1730
vn 0.0084 0.9725 -0.2327
vn -0.0069 0.9647 -0.2633
vn 0.0156 0.9997 -0.0166
vn 0.0797 0.9956 -0.0491
vn 0.1646 0.9705 -0.1764
vn 0.2246 0.9742 -0.0225
vn 0.1058 0.9740 -0.2001
vn 0.2223 0.7303 0.6460
vn 0.1850 0.7925 0.5812
vn 0.2022 0.4365 0.8767
vn 0.1225 0.9883 -0.0914
vn 0.1396 0.9823 0.1252
vn 0.1583 0.9761 0.1490
vn 0.0465 -0.0625 0.9970
vn 0.0035 -0.0380 0.9993
vn 0.0177 -0.0615 0.9980
vn -0.0524 -0.0402 0.9978
vn -0.0038 0.0030 1.0000
vn -0.0257 0.0531 0.9983
vn -0.0238 -0.2446 0.9693
vn -0.0095 -0.4228 0.9062
vn 0.0025 -0.2600 0.9656
vn -0.0760 -0.5415 0.8372
vn -0.0607 -0.5276 0.8473
vn -0.0929 -0.3260 0.9408
vn 0.0665 -0.8650 0.4974
vn 0.0310 -0.7041 0.7094
vn 0.0227 -0.7672 0.6410
vn 0.0010 0.0377 0.9993
vn 0.0504 0.0075 0.9987
vn -0.0000 0.0086 1.0000
vn -0.0019 -0.0131 0.9999
vn 0.0381 -0.0263 0.9989
vn -0.0037 0.0375 0.9993
vn -0.0045 0.0127 0.9999
vn 0.0278 -0.0250 0.9993
vn -0.0095 0.0507 0.9987
vn 0.2615 0.7495 0.6081
vn 0.0983 0.7001 0.7073
vn 0.1089 0.4580 0.8823
vn 0.0520 0.4061 0.9124
vn 0.0072 0.6603 0.7510
vn 0.0423 0.4054 0.9131
vn 0.0222 0.2301 0.9729
vn 0.0392 0.1496 0.9880
vn 0.0583 0.2661 0.9622
vn 0.2768 0.9591 -0.0593
vn 0.2470 0.9664 0.0708
vn 0.2931 0.9414 0.1669
vn 0.2341 0.9585 -0.1627
vn 0.2461 0.9667 0.0696
vn 0.2284 0.9629 -0.1436
vn 0.1464 0.6386 0.7555
vn 0.1131 0.7399 0.6631
vn 0.0366 0.4138 0.9096
vn 0.3312 0.9276 -0.1728
vn 0.3147 0.9491 0.0164
vn 0.3323 0.9292 0.1619
vn 0.0225 0.1256 0.9918
vn 0.0196 0.1076 0.9940
vn -0.0018 0.2187 0.9758
vn 0.0251 0.0347 0.9991
vn 0.0353 0.0032 0.9994
vn 0.0298 0.0438 0.9986
vn 0.0075 0.0235 0.9997
vn 0.0338 0.0108 0.9994
vn 0.0052 0.0128 0.9999
vn -0.0085 -0.1792 0.9838
vn 0.0782 -0.4646 0.8821
vn -0.0119 -0.2542 0.9671
vn 0.0391 -0.4958 0.8676
vn 0.0384 -0.5557 0.8305
vn 0.0460 -0.3191 0.9466
vn -0.0263 -0.0951 0.9951
vn 0.0018 -0.0342 0.9994
vn -0.0046 0.0088 1.0000
vn 0.0301 -0.3206 0.9467
vn 0.1004 -0.5493 0.8296
vn 0.0749 -0.2606 0.9625
vn 0.0030 -0.5332 0.8460
vn 0.0223 -0.5766 0.8167
vn -0.0555 -0.2350 0.9704
vn 0.0290 -0.0235 0.9993
vn 0.0237 0.0008 0.9997
vn 0.0172 0.0017 0.9998
vn 0.2412 0.6810 0.6914
vn 0.1320 0.6617 0.7380
vn 0.1416 0.3848 0.9121
vn 0.0514 0.2828 0.9578
vn 0.0251 0.4923 0.8701
vn 0.0459 0.3077 0.9504
vn 0.0265 0.2026 0.9789
vn 0.0239 0.1237 0.9920
vn 0.0534 0.1797 0.9823
vn 0.1062 0.9207 -0.3756
vn 0.2758 0.9521 -0.1321
vn 0.1798 0.9270 -0.3291
vn 0.0605 0.9313 -0.3592
vn 0.0075 0.9813 0.1923
vn 0.1760 0.9701 0.1669
vn 0.0396 -0.9036 0.4265
vn 0.0565 -0.7706 0.6348
vn 0.0202 -0.8243 0.5658
vn -0.0895 -0.9882 -0.1247
vn -0.0761 -0.9879 -0.1354
vn -0.0816 -0.9936 0.0784
vn 0.0001 -0.9360 0.3521
vn -0.0028 -0.9264 0.3766
vn -0.0136 -0.8408 0.5412
vn -0.0169 -0.9879 -0.1540
vn -0.0183 -0.9991 0.0371
vn -0.0247 -0.9995 0.0180
vn -0.0002 -0.5987 0.8010
vn 0.0371 -0.5964 0.8018
vn -0.0277 -0.3785 0.9252
vn 0.0741 -0.9501 0.3030
vn 0.0494 -0.8458 0.5313
vn -0.0006 -0.8080 0.5891
vn -0.0261 -0.0540 0.9982
vn 0.0066 -0.1012 0.9948
vn -0.0051 0.0025 1.0000
vn -0.0500 -0.3463 0.9368
vn 0.0082 -0.5640 0.8257
vn -0.0072 -0.3417 0.9398
vn 0.0236 -0.0254 0.9994
vn 0.0143 0.0012 0.9999
vn 0.0169 -0.0242 0.9996
vn 0.0239 -0.0175 0.9996
vn -0.0144 -0.0678 0.9976
vn 0.0067 -0.0151 0.9999
vn 0.0196 -0.0631 0.9978
vn 0.0255 -0.0528 0.9983
vn 0.0139 -0.0538 0.9985
vn 0.0225 -0.0612 0.9979
vn 0.0213 -0.0506 0.9985
vn 0.0219 -0.0664 0.9976
vn 0.0229 -0.0596 0.9980
vn 0.0218 -0.0601 0.9980
vn 0.0219 -0.0495 0.9985
vn 0.0773 0.5310 0.8439
vn -0.0056 0.6455 0.7637
vn 0.0647 0.3200 0.9452
vn 0.0182 0.2732 0.9618
vn -0.1097 0.5201 0.8470
vn 0.0019 0.3160 0.9488
vn 0.0034 0.1989 0.9800
vn 0.0407 0.1223 0.9917
vn 0.0398 0.1905 0.9809
vn 0.0200 -0.0080 0.9998
vn 0.0262 -0.0039 0.9996
vn 0.0312 0.0399 0.9987
vn 0.0160 -0.0339 0.9993
vn 0.0144 -0.0507 0.9986
vn 0.0215 -0.0441 0.9988
vn 0.0234 -0.0631 0.9977
vn 0.0329 -0.0513 0.9981
vn 0.0224 -0.0508 0.9985
vn -0.0588 -0.6831 0.7280
vn -0.0437 -0.6235 0.7806
vn -0.1512 -0.4358 0.8873
vn 0.0529 -0.9549 0.2923
vn 0.0481 -0.8112 0.5829
vn 0.0029 -0.8740 0.4860
vn -0.0758 -0.9759 -0.2046
vn -0.0395 -0.9834 -0.1772
vn -0.0634 -0.9976 -0.0261
vn -0.0588 -0.7446 -0.6649
vn -0.0770 -0.7078 -0.7022
vn -0.1068 -0.8670 -0.4868
vn -0.0382 -0.7694 -0.6376
vn -0.0562 -0.8805 -0.4706
vn -0.0622 -0.8752 -0.4798
vn -0.0420 -0.7904 -0.6112
vn -0.0918 -0.9384 -0.3333
vn -0.0839 -0.9151 -0.3944
vn -0.1633 -0.7160 -0.6787
vn -0.0987 -0.7478 -0.6565
vn -0.1746 -0.8399 -0.5138
vn -0.1210 -0.5020 -0.8563
vn -0.0656 -0.2906 -0.9546
vn -0.0661 -0.4109 -0.9093
vn -0.0945 -0.5000 -0.8609
vn -0.0458 -0.3099 -0.9497
vn -0.0540 -0.4821 -0.8744
vn -0.0959 -0.6280 -0.7722
vn -0.0919 -0.6998 -0.7084
vn -0.1295 -0.7872 -0.6030
vn -0.0295 -0.4555 -0.8897
vn -0.0145 -0.3354 -0.9420
vn -0.0348 -0.5356 -0.8438
vn 0.0118 -0.0581 0.9982
vn 0.0071 -0.0394 0.9992
vn 0.0135 -0.0571 0.9983
vn -0.0795 -0.9905 0.1120
vn -0.0323 -0.9956 0.0875
vn -0.0745 -0.9234 0.3766
vn -0.0399 -0.9824 -0.1822
vn -0.0278 -0.9994 -0.0208
vn -0.0838 -0.9946 -0.0608
vn -0.0244 -0.2007 -0.9794
vn -0.0333 -0.2521 -0.9671
vn -0.0589 -0.3395 -0.9388
vn -0.0444 -0.6957 -0.7170
vn -0.0204 -0.6516 -0.7583
vn -0.0667 -0.8227 -0.5646
vn -0.0542 -0.4982 -0.8653
vn -0.0203 -0.2893 -0.9570
vn -0.0539 -0.4414 -0.8957
vn -0.0216 -0.2435 -0.9697
vn -0.0104 -0.1937 -0.9810
vn -0.0351 -0.3751 -0.9263
vn -0.0853 -0.9687 -0.2332
vn -0.0461 -0.9805 -0.1912
vn -0.0833 -0.9947 -0.0599
vn -0.0166 -0.7128 -0.7011
vn -0.0545 -0.8492 -0.5252
vn -0.0610 -0.8589 -0.5086
vn 0.0112 -0.5967 0.8024
vn 0.0123 -0.6990 0.7150
vn 0.0308 -0.4004 0.9158
vn -0.1260 -0.9555 0.2666
vn -0.0869 -0.8830 0.4613
vn -0.1318 -0.8078 0.5745
vn 0.0331 -0.0238 0.9992
vn 0.0745 -0.0546 0.9957
vn 0.0519 -0.0160 0.9985
vn -0.0033 -0.1998 0.9798
vn -0.0111 -0.4548 0.8905
vn -0.0087 -0.2487 0.9685
vn 0.0217 0.0036 0.9998
vn 0.0347 -0.0116 0.9993
vn 0.0354 0.0392 0.9986
vn 0.0266 -0.0515 0.9983
vn 0.0321 -0.0370 0.9988
vn 0.0205 -0.0360 0.9991
vn 0.0279 -0.0328 0.9991
vn 0.0254 -0.0242 0.9994
vn 0.0208 -0.0539 0.9983
vn 0.0300 0.0090 0.9995
vn 0.0318 -0.0229 0.9992
vn 0.0268 0.0051 0.9996
vn -0.0595 -0.4224 0.9045
vn -0.0047 -0.4519 0.8921
vn 0.0088 -0.1951 0.9807
vn -0.0085 -0.9476 0.3192
vn 0.0132 -0.8036 0.5951
vn -0.0320 -0.8373 0.5458
vn 0.0118 -0.0594 0.9982
vn 0.0143 -0.0596 0.9981
vn 0.0090 -0.0440 0.9990
vn -0.0036 0.0252 0.9997
vn 0.0164 0.0664 0.9977
vn -0.0031 0.0851 0.9964
vn 0.0225 0.0811 0.9964
vn 0.0415 0.0235 0.9989
vn 0.0356 0.0849 0.9958
vn 0.0055 0.0038 1.0000
vn 0.0207 -0.0124 0.9997
vn 0.0128 0.0611 0.9981
vn 0.0195 -0.0491 0.9986
vn 0.0190 -0.0619 0.9979
vn 0.0329 -0.0481 0.9983
vn 0.0156 -0.0463 0.9988
vn 0.0215 -0.0351 0.9992
vn 0.0175 -0.0509 0.9986
vn -0.0033 -0.0461 0.9989
vn 0.0299 -0.0397 0.9988
vn 0.0189 0.0023 0.9998
vn 0.0284 -0.1754 0.9841
vn 0.1129 -0.4295 0.8960
vn 0.0756 -0.2319 0.9698
vn -0.0636 -0.9695 0.2367
vn -0.0517 -0.9663 0.2521
vn -0.0944 -0.8703 0.4834
vn -0.0651 -0.9834 -0.1696
vn -0.0358 -0.9711 -0.2359
vn -0.0483 -0.9983 -0.0317
vn -0.0573 -0.9888 -0.1379
vn -0.0610 -0.9980 0.0179
vn -0.0644 -0.9979 -0.0063
vn -0.0703 -0.7266 -0.6835
vn -0.0323 -0.7046 -0.7089
vn -0.0835 -0.8480 -0.5234
vn -0.0772 -0.7704 -0.6329
vn -0.0938 -0.8823 -0.4612
vn -0.1092 -0.9132 -0.3927
vn -0.0541 -0.4539 -0.8894
vn -0.0155 -0.3188 -0.9477
vn -0.0288 -0.4747 -0.8797
vn -0.0616 -0.3045 -0.9505
vn -0.0263 -0.2491 -0.9681
vn -0.0776 -0.4560 -0.8866
vn -0.0327 -0.1193 -0.9923
vn -0.0048 -0.0398 -0.9992
vn 0.0016 -0.1113 -0.9938
vn 0.0010 -0.0848 -0.9964
vn 0.0134 -0.0499 -0.9987
vn 0.0165 -0.1444 -0.9894
vn -0.0472 -0.2066 -0.9773
vn -0.0536 -0.2681 -0.9619
vn -0.1130 -0.3666 -0.9235
vn -0.1168 -0.9535 -0.2780
vn -0.1069 -0.9713 -0.2124
vn -0.1251 -0.9850 -0.1186
vn 0.0206 -0.8124 -0.5827
vn -0.0530 -0.9163 -0.3970
vn -0.0424 -0.8857 -0.4623
vn 0.0082 -0.0422 0.9991
vn 0.0114 -0.0373 0.9992
vn 0.0081 -0.0487 0.9988
vn 0.0060 -0.0699 0.9975
vn 0.0132 -0.0638 0.9979
vn 0.0122 -0.0565 0.9983
vn 0.0165 0.0633 0.9979
vn 0.0271 -0.0064 0.9996
vn 0.0433 0.0501 0.9978
vn -0.0092 0.0209 0.9997
vn 0.0253 -0.0121 0.9996
vn 0.0182 0.0563 0.9982
vn -0.0173 -0.0224 0.9996
vn -0.0120 -0.0542 0.9985
vn 0.0149 -0.0520 0.9985
vn 0.0220 -0.0116 0.9997
vn 0.0240 -0.0127 0.9996
vn 0.0177 -0.0245 0.9995
vn -0.0031 -0.0207 0.9998
vn 0.0646 -0.0399 0.9971
vn 0.0283 0.0024 0.9996
vn 0.0121 0.0083 0.9999
vn 0.0372 -0.0233 0.9990
vn 0.0175 0.0088 0.9998
vn 0.0097 -0.1462 0.9892
vn 0.0726 -0.4010 0.9132
vn 0.0817 -0.2237 0.9712
vn -0.0208 -0.4276 0.9037
vn 0.0518 -0.4696 0.8814
vn 0.0024 -0.2415 0.9704
vn 0.0134 -0.9765 0.2152
vn 0.0094 -0.8684 0.4959
vn -0.0524 -0.8208 0.5688
vn -0.0678 -0.7120 -0.6989
vn -0.0363 -0.7433 -0.6680
vn -0.0901 -0.8227 -0.5613
vn -0.0465 -0.5409 -0.8398
vn -0.0233 -0.3079 -0.9511
vn -0.0022 -0.4541 -0.8910
vn 0.0079 -0.2398 -0.9708
vn -0.0017 -0.1998 -0.9798
vn -0.0122 -0.4112 -0.9115
vn -0.0097 0.0037 -0.9999
vn -0.0083 0.0031 -1.0000
vn -0.0287 -0.0327 -0.9991
vn -0.0376 -0.0851 -0.9957
vn -0.0125 -0.0077 -0.9999
vn -0.0261 -0.0506 -0.9984
vn -0.0235 -0.7529 -0.6577
vn -0.0177 -0.6994 -0.7145
vn -0.0220 -0.8526 -0.5221
vn -0.0883 -0.5680 -0.8183
vn -0.0309 -0.3444 -0.9383
vn -0.0463 -0.5275 -0.8483
vn -0.0692 -0.9739 -0.2162
vn -0.0361 -0.9696 -0.2422
vn -0.0849 -0.9907 -0.1059
vn -0.0536 -0.8146 -0.5775
vn -0.0711 -0.9104 -0.4077
vn -0.0778 -0.9148 -0.3964
vn -0.0651 -0.5178 0.8531
vn 0.0099 -0.5412 0.8409
vn -0.0432 -0.2302 0.9722
vn 0.1077 -0.9616 0.2524
vn 0.1094 -0.7944 0.5975
vn 0.0863 -0.8825 0.4624
vn -0.0493 -0.1448 0.9882
vn -0.0047 -0.1044 0.9945
vn -0.0149 -0.0318 0.9994
vn 0.0175 -0.2556 0.9666
vn 0.1426 -0.4874 0.8614
vn 0.0567 -0.2550 0.9653
vn -0.0150 -0.0164 0.9998
vn -0.0065 -0.0062 1.0000
vn -0.0133 -0.0225 0.9997
vn -0.0528 0.1112 0.9924
vn -0.0332 0.0482 0.9983
vn -0.0008 0.0728 0.9973
vn -0.0309 -0.0344 0.9989
vn -0.0150 -0.0330 0.9993
vn -0.0117 -0.0385 0.9992
vn -0.0249 -0.0252 0.9994
vn -0.0137 -0.0176 0.9998
vn -0.0126 -0.0235 0.9996
vn -0.0961 -0.7919 0.6031
vn -0.0007 -0.6561 0.7547
vn -0.0559 -0.4637 0.8843
vn -0.0386 -0.9971 -0.0650
vn -0.0189 -0.9992 0.0343
vn -0.0538 -0.9647 0.2579
vn -0.0060 -0.9960 -0.0895
vn 0.1008 -0.9466 0.3062
vn -0.0226 -0.9892 0.1446
vn -0.0250 -0.9698 -0.2426
vn -0.0178 -0.9882 -0.1518
vn -0.0391 -0.9859 -0.1628
vn -0.1210 -0.6979 -0.7059
vn -0.0933 -0.7876 -0.6091
vn -0.1442 -0.8761 -0.4600
vn -0.0259 -0.7599 -0.6495
vn -0.0459 -0.6857 -0.7264
vn -0.0122 -0.8860 -0.4635
vn -0.0956 -0.9694 -0.2261
vn -0.0393 -0.9677 -0.2490
vn -0.0555 -0.9830 -0.1752
vn -0.0969 -0.8641 -0.4939
vn -0.0648 -0.9335 -0.3527
vn -0.1085 -0.9548 -0.2768
vn -0.1651 -0.9657 -0.2006
vn -0.1090 -0.9749 -0.1942
vn -0.1672 -0.9859 0.0030
vn -0.1538 -0.9705 -0.1858
vn -0.1085 -0.9839 -0.1417
vn -0.1652 -0.9727 -0.1633
vn -0.0196 -0.7194 0.6943
vn 0.0212 -0.8077 0.5892
vn 0.0947 -0.4620 0.8818
vn -0.1741 -0.9711 -0.1635
vn -0.1519 -0.9857 0.0730
vn -0.2215 -0.9500 0.2201
vn -0.0092 -0.1094 0.9940
vn 0.1145 -0.1239 0.9857
vn 0.0608 -0.0268 0.9978
vn -0.0394 -0.2789 0.9595
vn -0.0098 -0.6549 0.7557
vn 0.0937 -0.4611 0.8824
vn -0.0582 -0.0062 0.9983
vn -0.0379 -0.0508 0.9980
vn -0.0231 -0.0146 0.9996
vn -0.0548 0.0739 0.9958
vn -0.0269 0.0458 0.9986
vn -0.0272 0.1129 0.9932
vn -0.0726 0.1722 0.9824
vn -0.0596 0.0782 0.9952
vn -0.0609 0.1400 0.9883
vn -0.0354 -0.0217 0.9991
vn -0.0154 -0.0351 0.9993
vn -0.0444 -0.0001 0.9990
vn -0.0556 -0.0039 0.9984
vn 0.0011 -0.1137 0.9935
vn 0.0269 -0.0091 0.9996
vn -0.0025 0.0151 0.9999
vn -0.0427 -0.0217 0.9989
vn 0.0132 0.0202 0.9997
vn -0.2197 -0.2568 0.9411
vn -0.3454 -0.5652 0.7492
vn -0.1610 -0.3797 0.9110
vn -0.2702 -0.6415 0.7180
vn -0.1528 -0.7571 0.6351
vn -0.1817 -0.3578 0.9160
vn -0.1212 -0.9808 -0.1526
vn -0.0909 -0.9689 0.2302
vn -0.1976 -0.9793 0.0429
vn -0.2056 -0.9615 -0.1823
vn -0.1651 -0.9662 -0.1978
vn -0.1819 -0.9661 -0.1832
vn -0.0292 -0.8989 -0.4371
vn -0.1259 -0.9525 -0.2774
vn -0.1714 -0.9499 -0.2615
vn -0.1649 -0.9557 -0.2437
vn -0.1589 -0.9563 -0.2453
vn -0.2814 -0.9492 -0.1408
vn -0.1514 -0.9870 -0.0529
vn -0.2047 -0.9466 -0.2491
vn -0.1984 -0.9433 -0.2663
vn -0.0485 0.0232 0.9986
vn 0.0067 -0.0240 0.9997
vn -0.0308 0.0179 0.9994
vn -0.1283 -0.2926 0.9476
vn -0.0239 -0.2032 0.9789
vn -0.0803 -0.0804 0.9935
vn -0.0580 -0.3830 0.9219
vn 0.0676 -0.5889 0.8054
vn 0.0547 -0.2864 0.9565
vn -0.0254 -0.0215 0.9994
vn -0.0306 -0.0169 0.9994
vn -0.0278 -0.0251 0.9993
vn -0.0597 0.2750 0.9596
vn -0.1360 0.4485 0.8834
vn -0.0878 0.3320 0.9392
vn -0.1044 0.4873 0.8669
vn -0.1568 0.4834 0.8613
vn -0.1013 0.2691 0.9578
vn 0.0126 0.1634 0.9865
vn -0.0350 0.1337 0.9904
vn 0.0076 0.1180 0.9930
vn -0.0800 0.2672 0.9603
vn -0.0526 0.1751 0.9831
vn 0.0117 0.1647 0.9863
vn -0.1449 0.3220 0.9356
vn -0.3945 0.4797 0.7838
vn -0.2177 0.2756 0.9363
vn 0.0138 0.9931 -0.1168
vn 0.0225 0.9451 -0.3259
vn -0.1973 0.9726 -0.1229
vn 0.0146 0.9353 0.3535
vn -0.1599 0.9319 0.3256
vn -0.0911 0.5797 0.8098
vn 0.0277 0.3714 0.9281
vn -0.0596 0.3437 0.9372
vn 0.0281 0.2231 0.9744
vn -0.2174 0.9758 0.0235
vn -0.2056 0.6144 0.7617
vn -0.0877 0.7293 0.6785
vn 0.0459 0.2090 0.9768
vn 0.0143 0.5144 0.8574
vn 0.0032 0.2289 0.9734
vn 0.0854 0.4295 0.8990
vn 0.0080 0.4086 0.9127
vn 0.0241 0.2255 0.9740
vn 0.0115 0.1693 0.9855
vn 0.0196 0.1249 0.9920
vn 0.0557 0.1660 0.9845
vn 0.0692 0.9257 0.3718
vn 0.0289 0.9932 -0.1132
vn -0.0309 0.7576 0.6520
vn 0.0175 0.9512 -0.3082
vn 0.0349 0.9771 -0.2097
vn 0.0197 0.9598 -0.2801
vn 0.0470 0.9954 -0.0831
vn 0.0352 0.9877 -0.1527
vn 0.1286 0.9713 0.2001
vn 0.0058 0.1343 0.9909
vn 0.0272 0.1148 0.9930
vn 0.0224 0.1880 0.9819
vn 0.2870 0.5952 0.7506
vn 0.0812 0.9966 0.0154
vn 0.1303 0.9213 0.3663
vn 0.0355 0.4835 0.8746
vn -0.0525 0.4542 0.8894
vn 0.0473 0.2207 0.9742
vn -0.1579 0.8941 0.4190
vn -0.2457 0.9645 -0.0972
vn -0.3460 0.7700 0.5361
vn -0.0279 0.1750 0.9842
vn 0.0196 0.1246 0.9920
vn 0.0357 0.1554 0.9872
vn 0.0018 0.1301 0.9915
vn 0.0179 0.1237 0.9922
vn 0.0143 0.1623 0.9866
vn 0.0755 0.3963 0.9150
vn -0.1353 0.4897 0.8613
vn -0.0306 0.1971 0.9799
vn -0.0226 0.9765 0.2145
vn -0.1781 0.9764 -0.1225
vn -0.2990 0.8996 0.3183
vn -0.0475 0.9570 -0.2861
vn -0.0197 0.9771 0.2118
vn -0.0163 0.9893 -0.1449
vn 0.0268 0.9534 -0.3006
vn -0.0158 0.8940 -0.4478
vn -0.0246 0.9107 -0.4123
vn 0.2243 0.6790 0.6990
vn 0.2541 0.4673 0.8468
vn 0.2342 0.8524 0.4675
vn 0.0781 0.2277 0.9706
vn 0.0058 0.3743 0.9273
vn 0.0076 0.1839 0.9829
vn 0.0205 0.1713 0.9850
vn 0.0269 0.1503 0.9883
vn 0.0406 0.2287 0.9727
vn 0.0281 0.2134 0.9766
vn 0.0406 0.2407 0.9698
vn 0.0081 0.1519 0.9884
vn 0.0418 0.5491 0.8347
vn 0.1221 0.3944 0.9108
vn 0.0784 0.3539 0.9320
vn 0.0121 0.7024 0.7116
vn -0.0006 0.8496 0.5274
vn 0.1326 0.4655 0.8750
vn -0.0290 0.9614 -0.2737
vn 0.1219 0.9925 0.0002
vn -0.0184 0.8796 -0.4753
vn -0.0014 0.5371 0.8435
vn -0.0042 0.5979 0.8016
vn -0.0258 0.3369 0.9412
vn 0.0327 0.8877 -0.4592
vn -0.0629 0.9966 0.0526
vn 0.0588 0.9964 -0.0615
vn 0.0207 0.1307 0.9912
vn 0.0263 0.1102 0.9936
vn 0.0378 0.2010 0.9789
vn 0.0157 0.9016 -0.4323
vn 0.0938 0.9902 -0.1031
vn 0.0199 0.9148 -0.4035
vn 0.0535 0.9341 -0.3531
vn 0.0038 0.9981 -0.0614
vn 0.1675 0.9463 0.2767
vn -0.0883 0.4990 0.8621
vn -0.1316 0.5671 0.8131
vn -0.0228 0.3359 0.9416
vn -0.0381 0.2835 0.9582
vn -0.1459 0.4986 0.8545
vn -0.0465 0.3248 0.9446
vn -0.0304 0.1601 0.9866
vn -0.0205 0.0749 0.9970
vn -0.0071 0.1696 0.9855
vn -0.1922 0.9776 -0.0853
vn -0.2120 0.9280 0.3063
vn -0.1480 0.9433 0.2971
vn -0.1139 0.9928 0.0367
vn -0.0548 0.9563 0.2871
vn -0.1146 0.9934 -0.0015
vn -0.0471 0.0393 0.9981
vn -0.0562 0.0340 0.9978
vn -0.0524 0.1176 0.9917
vn -0.0434 0.0045 0.9990
vn -0.0566 -0.0140 0.9983
vn -0.0494 0.0020 0.9988
vn -0.0151 -0.0140 0.9998
vn -0.0409 -0.0081 0.9991
vn -0.0276 -0.0005 0.9996
vn -0.0276 0.5047 0.8629
vn -0.1015 0.5773 0.8102
vn -0.0781 0.3464 0.9348
vn -0.1291 0.9887 0.0766
vn -0.1791 0.8255 0.5353
vn -0.1055 0.9173 0.3839
vn 0.0154 0.5839 0.8116
vn -0.0520 0.5294 0.8468
vn 0.0684 0.3682 0.9272
vn -0.2374 0.9568 0.1676
vn -0.2158 0.8695 0.4443
vn -0.1272 0.8553 0.5022
vn -0.0084 0.2113 0.9774
vn -0.0993 0.4773 0.8731
vn -0.0226 0.2706 0.9624
vn 0.0027 0.0757 0.9971
vn 0.0088 0.0123 0.9999
vn 0.0212 0.0805 0.9965
vn -0.0193 -0.0197 0.9996
vn -0.0386 -0.0144 0.9991
vn -0.0388 -0.0185 0.9991
vn -0.1188 0.9861 -0.1161
vn -0.1020 0.9941 0.0367
vn -0.0856 0.9919 -0.0943
vn -0.0669 0.7933 -0.6052
vn -0.0687 0.8993 -0.4320
vn -0.0574 0.9081 -0.4147
vn -0.0793 0.9790 0.1879
vn -0.0231 0.9244 0.3806
vn -0.1043 0.9707 0.2166
vn -0.1236 0.9859 -0.1128
vn -0.0678 0.9976 0.0170
vn -0.1058 0.9936 0.0406
vn -0.0531 0.5104 0.8583
vn -0.0425 0.5338 0.8445
vn 0.0288 0.3053 0.9518
vn -0.0552 0.9873 0.1489
vn -0.0745 0.8847 0.4601
vn -0.0490 0.9059 0.4207
vn 0.1027 0.3302 0.9383
vn 0.0523 0.5711 0.8192
vn -0.0623 0.3853 0.9207
vn 0.0193 -0.0262 0.9995
vn 0.0321 0.0046 0.9995
vn 0.0514 0.0881 0.9948
vn -0.0959 0.1507 0.9839
vn -0.0234 -0.0035 0.9997
vn 0.1025 0.0569 0.9931
vn -0.0035 -0.0225 0.9997
vn 0.0411 -0.0354 0.9985
vn 0.0388 -0.0273 0.9989
vn -0.0440 -0.0251 0.9987
vn -0.1205 -0.0556 0.9912
vn 0.0203 -0.0433 0.9989
vn -0.0135 -0.0439 0.9989
vn 0.0655 -0.0407 0.9970
vn 0.0649 -0.0433 0.9970
vn -0.1271 0.0059 0.9919
vn -0.0538 -0.0051 0.9985
vn 0.0312 -0.0163 0.9994
vn -0.0171 -0.0257 0.9995
vn 0.0157 -0.0259 0.9995
vn -0.0509 -0.0144 0.9986
vn -0.0729 -0.0361 0.9967
vn -0.1593 -0.0397 0.9864
vn 0.0391 -0.0434 0.9983
vn -0.4335 -0.0333 0.9005
vn -0.6027 -0.0720 0.7947
vn -0.3677 -0.0497 0.9286
vn -0.3903 0.0576 0.9189
vn -0.6676 0.0277 0.7440
vn -0.4754 0.0400 0.8789
vn -0.4242 0.0145 0.9055
vn -0.6592 -0.0155 0.7518
vn -0.4412 -0.0050 0.8974
vn -0.7146 -0.0035 0.6996
vn -0.7027 -0.0171 0.7113
vn -0.5040 0.0113 0.8636
vn -0.6678 0.0090 0.7443
vn -0.6578 -0.0168 0.7530
vn -0.4850 0.0597 0.8725
vn -0.3389 0.1337 0.9313
vn -0.6481 0.0594 0.7592
vn -0.3671 -0.0166 0.9300
vn -0.6637 0.0448 0.7467
vn -0.6867 -0.0455 0.7255
vn -0.4255 -0.0224 0.9047
vn 0.0029 0.6719 0.7407
vn -0.3776 0.7944 0.4759
vn -0.2277 0.4655 0.8553
vn -0.7038 0.5378 0.4642
vn -0.7676 0.2450 0.5922
vn -0.4511 0.3126 0.8360
vn 0.0376 0.9950 0.0925
vn -0.3112 0.9200 0.2383
vn 0.0543 0.9023 0.4277
vn -0.1113 0.7072 -0.6982
vn -0.0748 0.8693 -0.4886
vn -0.0392 0.7761 -0.6294
vn -0.0028 0.4075 -0.9132
vn -0.0465 0.3313 -0.9424
vn 0.0287 0.5784 -0.8153
vn 0.0163 0.6056 -0.7956
vn 0.0391 0.3327 -0.9422
vn -0.0581 0.4817 -0.8744
vn 0.0069 0.3028 -0.9530
vn -0.0964 0.2060 -0.9738
vn -0.1026 0.4394 -0.8924
vn -0.0557 0.6925 -0.7193
vn -0.0287 0.8756 -0.4822
vn 0.0149 0.7196 -0.6942
vn -0.0322 0.4650 -0.8847
vn -0.0179 0.1942 -0.9808
vn -0.0868 0.3650 -0.9269
vn -0.0999 0.9786 -0.1801
vn -0.0832 0.9963 -0.0224
vn -0.0798 0.9881 -0.1312
vn -0.0612 0.7221 -0.6891
vn -0.0106 0.8740 -0.4858
vn -0.0377 0.8789 -0.4755
vn -0.2679 0.9590 -0.0918
vn -0.3734 0.9127 0.1663
vn -0.0256 0.9988 -0.0423
vn -0.0424 0.9822 -0.1830
vn -0.2868 0.9561 -0.0600
vn -0.0261 0.9988 -0.0412
vn -0.9047 0.2325 0.3572
vn -0.8037 0.5234 0.2832
vn -0.9464 0.3208 0.0374
vn -0.7972 0.5684 0.2033
vn -0.7407 0.6681 -0.0712
vn -0.9445 0.3281 0.0196
vn -0.9343 0.0565 0.3519
vn -0.9935 -0.0037 0.1135
vn -0.8894 -0.0527 0.4541
vn -0.9934 0.1067 0.0425
vn -0.9980 0.0139 0.0622
vn -0.9596 0.1003 0.2630
vn -0.8981 -0.0090 0.4398
vn -0.9911 -0.0283 0.1301
vn -0.9275 -0.0182 0.3735
vn -0.9416 0.0083 0.3366
vn -0.9845 -0.0107 0.1750
vn -0.9416 -0.0274 0.3356
vn -0.9889 -0.0018 0.1484
vn -0.9866 -0.0024 0.1633
vn -0.9452 0.0165 0.3260
vn -0.7438 0.0096 0.6683
vn -0.7574 0.0031 0.6529
vn -0.5307 0.0538 0.8458
vn -0.1485 0.0205 0.9887
vn -0.0414 -0.0026 0.9991
vn 0.0461 -0.0068 0.9989
vn -0.4667 -0.0027 0.8844
vn -0.6915 -0.0527 0.7205
vn -0.4421 -0.0249 0.8966
vn 0.0105 -0.0292 0.9995
vn 0.0463 0.0109 0.9989
vn -0.0478 -0.0012 0.9989
vn 0.0234 -0.0404 0.9989
vn 0.0986 0.0082 0.9951
vn 0.0827 -0.0262 0.9962
vn 0.0447 0.0323 0.9985
vn 0.0137 0.0266 0.9996
vn -0.0557 0.0260 0.9981
vn 0.0109 -0.0006 0.9999
vn 0.0955 0.0214 0.9952
vn 0.1281 0.0538 0.9903
vn 0.0020 0.0731 0.9973
vn -0.0198 0.0160 0.9997
vn 0.1274 0.0542 0.9904
vn -0.7266 -0.0162 0.6868
vn -0.7337 -0.0157 0.6793
vn -0.5018 0.0376 0.8642
vn -0.4887 0.0278 0.8720
vn -0.7105 -0.0391 0.7026
vn -0.4519 -0.0152 0.8919
vn -0.0569 -0.0525 0.9970
vn -0.0971 -0.2669 0.9588
vn 0.0822 -0.0975 0.9918
vn -0.7460 0.0028 0.6659
vn -0.7226 -0.1315 0.6786
vn -0.4814 -0.0124 0.8764
vn -0.6311 -0.2142 0.7455
vn -0.2900 -0.2957 0.9102
vn -0.3390 -0.1034 0.9351
vn -0.0084 0.0344 0.9994
vn 0.0112 0.0159 0.9998
vn -0.0133 0.0135 0.9998
vn -0.0124 -0.0353 0.9993
vn -0.0662 -0.2057 0.9764
vn 0.0120 -0.0849 0.9963
vn -0.1894 -0.2225 0.9563
vn -0.0767 -0.2760 0.9581
vn -0.0156 -0.0527 0.9985
vn -0.0257 0.0042 0.9997
vn -0.0263 0.0053 0.9996
vn -0.0334 0.0200 0.9992
vn -0.1066 -0.1724 0.9793
vn -0.0239 -0.2957 0.9550
vn 0.0167 -0.0884 0.9959
vn -0.3623 -0.9176 0.1636
vn -0.2509 -0.8646 0.4353
vn -0.2815 -0.7292 0.6237
vn -0.1827 -0.9829 -0.0213
vn -0.3405 -0.9402 -0.0085
vn -0.3140 -0.9398 -0.1345
vn -0.9959 0.0025 0.0899
vn -0.9993 0.0030 0.0369
vn -0.9930 0.0004 0.1178
vn -0.9986 0.0370 0.0376
vn -0.9981 0.0132 0.0596
vn -0.9908 0.0138 0.1349
vn -0.9983 0.0442 -0.0368
vn -0.9995 0.0307 -0.0014
vn -0.9982 0.0281 0.0524
vn -0.9946 0.0903 0.0514
vn -0.9992 0.0121 -0.0386
vn -0.9988 0.0137 0.0471
vn -0.9428 0.3229 0.0823
vn -0.7599 0.6497 0.0202
vn -0.9011 0.4186 -0.1127
vn -0.9835 0.1493 -0.1022
vn -0.9964 0.0323 -0.0788
vn -0.9945 0.0886 0.0554
vn -0.2555 0.9106 -0.3247
vn -0.3481 0.9340 -0.0801
vn -0.0461 0.9661 -0.2539
vn -0.7594 0.6504 0.0185
vn -0.6376 0.7169 -0.2820
vn -0.9026 0.4167 -0.1078
vn -0.9112 0.4040 -0.0806
vn -0.6442 0.7292 -0.2307
vn -0.7928 0.4414 -0.4203
vn -0.9815 0.1217 -0.1477
vn -0.9382 0.0027 -0.3461
vn -0.9752 0.0245 -0.2198
vn -0.8970 0.1908 -0.3987
vn -0.9361 0.0066 -0.3517
vn -0.9837 0.1163 -0.1374
vn -0.9235 -0.0032 -0.3835
vn -0.8980 -0.0229 -0.4395
vn -0.9656 0.0166 -0.2597
vn -0.9734 0.0301 -0.2273
vn -0.9295 0.0098 -0.3687
vn -0.9794 0.0309 -0.1995
vn -0.8858 0.0475 -0.4617
vn -0.9116 0.0340 -0.4097
vn -0.9527 0.0603 -0.2979
vn -0.9812 0.0432 -0.1880
vn -0.9251 0.0111 -0.3797
vn -0.9845 0.0305 -0.1726
vn -0.9146 0.0576 -0.4002
vn -0.9178 0.0248 -0.3962
vn -0.9738 0.0657 -0.2175
vn -0.4680 0.0245 -0.8834
vn -0.6772 0.0796 -0.7315
vn -0.4918 0.0466 -0.8695
vn -0.7067 -0.0003 -0.7075
vn -0.6945 -0.0058 -0.7195
vn -0.5117 -0.0504 -0.8577
vn -0.7121 0.0208 -0.7018
vn -0.7163 0.0465 -0.6962
vn -0.5089 -0.0064 -0.8608
vn -0.4067 0.0122 -0.9135
vn -0.6450 0.0396 -0.7632
vn -0.3638 0.0733 -0.9286
vn -0.6940 0.0202 -0.7197
vn -0.7272 0.0081 -0.6864
vn -0.3968 -0.0642 -0.9157
vn -0.4574 -0.1535 -0.8759
vn -0.7605 -0.0436 -0.6479
vn -0.5563 -0.0497 -0.8295
vn -0.8181 -0.0150 -0.5749
vn -0.8171 0.1382 -0.5597
vn -0.6074 -0.0013 -0.7944
vn -0.4293 0.7228 -0.5415
vn -0.2093 0.5035 -0.8383
vn -0.6817 0.4558 -0.5722
vn -0.4241 0.1147 -0.8983
vn -0.6802 0.2525 -0.6882
vn -0.2401 0.3534 -0.9041
vn 0.1346 0.6267 -0.7676
vn -0.0966 0.8183 -0.5666
vn 0.0717 0.8557 -0.5124
vn -0.0226 0.4971 -0.8674
vn -0.1083 0.8062 -0.5817
vn 0.1679 0.6489 -0.7421
vn 0.1791 0.3262 -0.9282
vn 0.1345 0.1497 -0.9795
vn 0.0442 0.2736 -0.9608
vn 0.0853 0.1305 -0.9878
vn -0.2029 0.0657 -0.9770
vn -0.0162 0.2461 -0.9691
vn -0.2455 -0.0009 -0.9694
vn 0.0452 0.0061 -0.9990
vn -0.1189 -0.0379 -0.9922
vn -0.1290 -0.0040 -0.9916
vn -0.0064 0.0108 -0.9999
vn 0.0478 0.0167 -0.9987
vn -0.1128 0.0114 -0.9936
vn 0.0171 -0.0082 -0.9998
vn -0.1471 -0.0192 -0.9889
vn -0.0050 0.0396 -0.9992
vn 0.0554 0.0075 -0.9984
vn 0.0103 -0.0641 -0.9979
vn 0.0946 0.2038 -0.9744
vn 0.0467 0.1659 -0.9850
vn 0.0517 0.3455 -0.9370
vn -0.0031 0.6297 -0.7768
vn 0.0400 0.8495 -0.5261
vn 0.0071 0.6888 -0.7249
vn 0.0703 0.4150 -0.9071
vn 0.0672 0.1919 -0.9791
vn 0.0084 0.3208 -0.9471
vn 0.0581 0.2434 -0.9682
vn 0.0315 0.1697 -0.9850
vn -0.0109 0.4118 -0.9112
vn -0.0282 -0.2220 -0.9746
vn -0.0296 -0.1948 -0.9804
vn -0.0863 -0.3544 -0.9311
vn -0.1204 -0.3659 -0.9228
vn -0.0745 -0.1831 -0.9803
vn -0.0699 -0.3069 -0.9492
vn -0.0600 -0.1716 -0.9833
vn -0.0196 -0.1299 -0.9913
vn -0.0119 -0.2560 -0.9666
vn -0.1571 -0.7491 -0.6436
vn -0.0792 -0.7689 -0.6344
vn -0.1508 -0.9357 -0.3190
vn 0.0389 -0.8575 -0.5131
vn -0.0739 -0.9886 -0.1315
vn -0.0696 -0.9766 -0.2033
vn -0.0274 -0.1308 -0.9910
vn 0.0048 -0.1363 -0.9907
vn -0.0808 -0.2472 -0.9656
vn -0.2259 -0.8228 -0.5215
vn -0.1204 -0.8646 -0.4879
vn -0.1745 -0.9810 -0.0853
vn -0.0562 -0.2929 -0.9545
vn 0.0011 -0.1395 -0.9902
vn 0.0027 -0.3955 -0.9185
vn -0.0731 -0.9922 -0.1014
vn -0.0782 -0.9969 -0.0099
vn -0.0752 -0.9949 0.0678
vn -0.0547 -0.9937 0.0980
vn 0.0691 -0.9966 0.0442
vn -0.0258 -0.9803 0.1959
vn -0.1258 -0.8619 -0.4913
vn -0.0179 -0.9781 -0.2071
vn -0.0839 -0.9965 0.0045
vn -0.0216 -0.9964 0.0815
vn 0.0031 -0.9792 0.2029
vn -0.0287 -0.9860 0.1645
vn -0.0052 -0.4439 -0.8961
vn 0.0578 -0.1500 -0.9870
vn 0.2623 -0.4242 -0.8667
vn -0.0361 -0.9209 0.3881
vn -0.0106 -0.9147 0.4040
vn -0.0558 -0.8145 0.5775
vn -0.0552 -0.9054 0.4209
vn -0.0319 -0.7931 0.6082
vn -0.0417 -0.7398 0.6716
vn -0.0266 -0.4229 -0.9058
vn 0.2309 -0.2937 -0.9276
vn 0.3312 -0.4834 -0.8103
vn 0.0448 -0.1575 -0.9865
vn 0.0938 -0.1394 -0.9858
vn 0.0802 -0.4942 -0.8656
vn 0.2303 -0.5080 -0.8300
vn 0.1619 -0.2812 -0.9459
vn 0.2731 -0.4973 -0.8235
vn 0.0237 -0.0493 -0.9985
vn 0.0659 -0.0412 -0.9970
vn 0.0592 -0.1005 -0.9932
vn 0.0476 0.0083 -0.9988
vn 0.0703 -0.0299 -0.9971
vn 0.0544 -0.0370 -0.9978
vn -0.3154 -0.3349 -0.8879
vn -0.0436 -0.2411 -0.9695
vn -0.0055 -0.4807 -0.8769
vn -0.1132 -0.1558 -0.9813
vn -0.0638 -0.2408 -0.9685
vn -0.0982 -0.2513 -0.9629
vn 0.0170 -0.0874 -0.9960
vn -0.2448 -0.0751 -0.9667
vn -0.0083 0.0297 -0.9995
vn -0.4098 -0.0283 -0.9117
vn -0.0505 -0.1624 -0.9854
vn -0.3868 -0.3111 -0.8681
vn 0.0642 0.0174 -0.9978
vn 0.0678 0.0199 -0.9975
vn 0.0676 0.0228 -0.9975
vn 0.0272 -0.0435 -0.9987
vn 0.0338 -0.0358 -0.9988
vn 0.0266 -0.0435 -0.9987
vn 0.0153 -0.1832 -0.9830
vn -0.0073 -0.0961 -0.9953
vn 0.0428 -0.1498 -0.9878
vn -0.1330 -0.3710 -0.9190
vn -0.1148 -0.1390 -0.9836
vn -0.0056 -0.3628 -0.9319
vn -0.1591 -0.5073 -0.8469
vn -0.3473 -0.2977 -0.8893
vn -0.1810 -0.2401 -0.9537
vn -0.0927 -0.9932 0.0707
vn -0.1477 -0.9853 0.0859
vn -0.1387 -0.9903 0.0019
vn 0.0580 -0.9210 -0.3852
vn -0.0644 -0.9979 0.0081
vn -0.2673 -0.8989 -0.3473
vn -0.2520 -0.9482 -0.1933
vn -0.2624 -0.9607 0.0901
vn -0.4788 -0.8775 -0.0271
vn -0.6316 -0.4452 -0.6347
vn -0.1301 -0.8270 -0.5469
vn -0.6958 -0.7064 -0.1298
vn -0.8958 -0.4440 0.0205
vn -0.9689 -0.2314 -0.0879
vn -0.8306 -0.3744 -0.4123
vn -0.9702 -0.1560 -0.1854
vn -0.7782 -0.0344 -0.6270
vn -0.7518 -0.3471 -0.5607
vn -0.9877 0.0454 -0.1499
vn -0.8697 -0.0068 -0.4936
vn -0.9927 -0.0611 -0.1040
vn -0.7889 0.1253 -0.6016
vn -0.7736 -0.1038 -0.6251
vn -0.9795 -0.0135 -0.2008
vn -0.3579 -0.0724 -0.9309
vn -0.4062 0.1018 -0.9081
vn -0.0964 0.0508 -0.9940
vn -0.0176 0.0528 -0.9984
vn 0.0628 0.0336 -0.9975
vn 0.0303 0.0105 -0.9995
vn -0.0963 0.0093 -0.9953
vn -0.3686 -0.0234 -0.9293
vn -0.1505 0.1119 -0.9822
vn 0.0273 0.0216 -0.9994
vn 0.0290 0.0233 -0.9993
vn 0.0316 0.0172 -0.9994
vn 0.0301 0.0087 -0.9995
vn 0.0200 0.0114 -0.9997
vn 0.0299 0.0059 -0.9995
vn -0.0668 -0.2185 -0.9736
vn -0.0130 -0.1792 -0.9837
vn 0.0403 -0.2674 -0.9628
vn -0.2918 -0.8432 -0.4516
vn -0.1764 -0.7231 -0.6679
vn -0.2010 -0.8603 -0.4685
vn -0.0726 -0.4187 -0.9052
vn 0.0498 -0.5399 -0.8403
vn -0.0486 -0.7562 -0.6525
vn -0.0965 -0.6449 -0.7581
vn 0.1116 -0.6320 -0.7669
vn 0.0379 -0.9156 -0.4003
vn -0.1648 -0.9860 0.0270
vn -0.1403 -0.9900 0.0128
vn -0.1640 -0.9864 0.0051
vn -0.1498 -0.9885 0.0221
vn -0.1692 -0.9852 0.0264
vn -0.2099 -0.9751 -0.0720
vn -0.2142 -0.9743 -0.0696
vn -0.1763 -0.9834 -0.0431
vn -0.1969 -0.9671 -0.1611
vn -0.1409 -0.9849 -0.1010
vn -0.1793 -0.9799 -0.0877
vn -0.2175 -0.9738 0.0663
vn -0.1152 -0.9666 0.2289
vn -0.3444 -0.9138 0.2154
vn -0.5994 -0.8002 -0.0176
vn -0.2755 -0.9597 0.0547
vn -0.5073 -0.7842 0.3573
vn -0.7881 -0.5269 0.3181
vn -0.9068 -0.3644 0.2120
vn -0.8503 -0.5144 0.1112
vn -0.9632 -0.2062 0.1724
vn -0.9774 -0.2112 -0.0069
vn -0.9264 -0.3680 0.0799
vn -0.9816 0.0152 0.1905
vn -0.9950 -0.0527 0.0849
vn -0.9675 -0.0628 0.2449
vn -0.9995 0.0255 0.0204
vn -0.9972 -0.0302 0.0691
vn -0.9891 0.0186 0.1462
vn -0.9978 0.0201 0.0639
vn -0.9995 -0.0036 0.0322
vn -0.9899 -0.0089 0.1415
vn -0.9937 0.0444 -0.1030
vn -0.8967 0.0848 -0.4344
vn -0.9946 -0.0237 -0.1014
vn -0.8650 0.0848 -0.4946
vn -0.9039 -0.0272 -0.4269
vn -0.9890 0.0115 -0.1477
vn -0.6015 -0.0522 -0.7971
vn -0.6556 0.1317 -0.7436
vn -0.4090 0.1165 -0.9051
vn 0.0420 0.0166 -0.9990
vn 0.0369 0.0222 -0.9991
vn 0.0355 0.0209 -0.9992
vn 0.0026 -0.0095 -1.0000
vn 0.0477 0.0245 -0.9986
vn 0.0470 0.0255 -0.9986
vn -0.0592 -0.2773 -0.9589
vn -0.0333 -0.1205 -0.9922
vn 0.0180 -0.2739 -0.9616
vn -0.0573 -0.8083 -0.5860
vn 0.0342 -0.5961 -0.8022
vn 0.2666 -0.8809 -0.3912
vn 0.0400 -0.5289 -0.8477
vn 0.1388 -0.5172 -0.8445
vn 0.1882 -0.7903 -0.5831
vn -0.1220 -0.9897 -0.0752
vn 0.0147 -0.9998 -0.0108
vn -0.1047 -0.9868 0.1238
vn -0.1880 -0.9711 0.1469
vn -0.2201 -0.9746 -0.0428
vn -0.1149 -0.9908 -0.0719
vn -0.1216 -0.9914 0.0487
vn -0.2120 -0.9767 0.0343
vn -0.1940 -0.9790 0.0633
vn -0.3011 -0.9536 -0.0075
vn -0.3136 -0.9495 -0.0146
vn -0.2931 -0.9470 -0.1315
vn -0.2654 -0.5742 0.7745
vn -0.3527 -0.5139 0.7820
vn -0.4174 -0.7284 0.5434
vn -0.2962 -0.9386 0.1770
vn -0.1829 -0.8186 0.5445
vn -0.5117 -0.8403 0.1791
vn -0.2188 -0.7461 0.6288
vn -0.0759 -0.5840 0.8082
vn -0.3796 -0.5733 0.7262
vn -0.4343 -0.8278 0.3552
vn -0.1241 -0.8962 0.4260
vn -0.2889 -0.7296 0.6198
vn -0.3944 -0.5298 0.7508
vn -0.7411 -0.3673 0.5620
vn -0.6553 -0.6920 0.3028
vn -0.8586 -0.3198 0.4006
vn -0.9442 -0.3017 0.1322
vn -0.8342 -0.4963 0.2404
vn -0.9152 0.0221 0.4023
vn -0.9661 -0.1344 0.2205
vn -0.8633 -0.1559 0.4801
vn -0.9799 0.0165 0.1988
vn -0.9769 -0.0238 0.2124
vn -0.9425 -0.0176 0.3337
vn -0.9267 0.0200 0.3754
vn -0.9740 0.0137 0.2263
vn -0.9287 -0.0457 0.3680
vn -0.9490 0.0273 0.3139
vn -0.9748 -0.0138 0.2225
vn -0.9234 -0.0351 0.3822
vn -0.9845 -0.0014 0.1756
vn -0.9838 -0.0153 0.1787
vn -0.9430 -0.0314 0.3314
vn -0.9855 0.0048 0.1696
vn -0.9957 0.0102 0.0923
vn -0.9866 -0.0082 0.1631
vn -0.8719 0.1323 -0.4714
vn -0.8759 0.0372 -0.4810
vn -0.9821 0.0242 -0.1868
vn -0.6811 0.0669 -0.7292
vn -0.6702 0.1021 -0.7352
vn -0.4044 0.0994 -0.9092
vn -0.1543 0.0370 -0.9873
vn 0.0108 0.0283 -0.9995
vn -0.0751 -0.0370 -0.9965
vn -0.3663 -0.0551 -0.9289
vn -0.6705 -0.0367 -0.7410
vn -0.3884 0.0719 -0.9187
vn 0.0106 -0.0242 -0.9997
vn 0.0108 -0.0149 -0.9998
vn -0.0005 -0.0280 -0.9996
vn 0.0033 -0.0514 -0.9987
vn 0.0272 -0.0468 -0.9985
vn 0.0115 -0.0946 -0.9955
vn -0.0496 -0.1494 -0.9875
vn -0.0171 -0.1014 -0.9947
vn 0.0188 -0.1880 -0.9820
vn -0.1136 -0.7582 -0.6420
vn -0.1223 -0.5422 -0.8313
vn 0.0730 -0.8116 -0.5797
vn -0.0089 -0.4115 -0.9114
vn 0.0847 -0.4115 -0.9075
vn 0.0379 -0.6986 -0.7145
vn -0.2234 -0.9391 -0.2610
vn -0.0566 -0.9641 -0.2594
vn -0.1623 -0.9808 -0.1080
vn -0.2039 -0.9712 -0.1231
vn -0.1899 -0.9806 -0.0476
vn -0.1410 -0.9896 -0.0272
vn -0.1643 -0.9687 -0.1863
vn -0.1442 -0.9827 -0.1162
vn -0.2365 -0.9522 -0.1932
vn -0.1422 -0.9701 -0.1969
vn -0.2002 -0.9626 -0.1827
vn -0.1952 -0.9510 -0.2397
vn -0.2214 -0.9389 -0.2637
vn -0.1489 -0.9796 -0.1350
vn -0.1623 -0.9779 -0.1321
vn -0.2167 -0.8654 -0.4517
vn -0.0136 -0.8975 -0.4409
vn -0.1176 -0.9706 -0.2099
vn -0.1164 -0.6984 -0.7062
vn -0.0446 -0.4639 -0.8848
vn 0.1388 -0.6859 -0.7144
vn -0.0311 -0.1941 -0.9805
vn -0.0641 -0.0363 -0.9973
vn 0.0818 -0.0830 -0.9932
vn 0.0258 -0.3211 -0.9467
vn 0.0657 -0.3098 -0.9485
vn 0.1277 -0.5054 -0.8534
vn 0.0071 0.0009 -1.0000
vn -0.0018 -0.0018 -1.0000
vn 0.0017 0.0066 -1.0000
vn 0.0455 0.0272 -0.9986
vn 0.0487 0.0301 -0.9984
vn 0.0416 0.0284 -0.9987
vn 0.0992 0.0007 -0.9951
vn 0.0702 -0.0550 -0.9960
vn 0.0450 0.0213 -0.9988
vn 0.0789 -0.0475 -0.9958
vn 0.0953 -0.0341 -0.9949
vn 0.0936 -0.0571 -0.9940
vn 0.0163 -0.0718 -0.9973
vn 0.0322 -0.0030 -0.9995
vn 0.0423 -0.0347 -0.9985
vn 0.0675 0.0056 -0.9977
vn 0.0528 0.0172 -0.9985
vn 0.0607 0.0244 -0.9979
vn 0.0659 -0.0342 -0.9972
vn 0.0371 0.0171 -0.9992
vn 0.0825 0.0204 -0.9964
vn 0.0653 0.0321 -0.9973
vn 0.0495 0.0349 -0.9982
vn 0.0517 0.0389 -0.9979
vn 0.0543 0.0384 -0.9978
vn 0.0505 0.0300 -0.9983
vn 0.0472 0.0389 -0.9981
vn -0.0321 0.0086 -0.9994
vn -0.0160 0.0240 -0.9996
vn -0.0086 0.0013 -1.0000
vn -0.0155 0.0190 -0.9997
vn -0.0102 0.0114 -0.9999
vn -0.0056 0.0061 -1.0000
vn -0.0022 0.0271 -0.9996
vn 0.0115 0.0181 -0.9998
vn -0.0017 -0.0131 -0.9999
vn -0.0115 0.0552 -0.9984
vn -0.0144 0.0517 -0.9986
vn -0.0120 0.0480 -0.9988
vn 0.0107 -0.0835 -0.9964
vn 0.0055 -0.0343 -0.9994
vn 0.0300 -0.0937 -0.9951
vn 0.0251 -0.0923 -0.9954
vn 0.0240 -0.0259 -0.9994
vn 0.0628 -0.0552 -0.9965
vn 0.0473 -0.0838 -0.9954
vn 0.0408 -0.1096 -0.9931
vn 0.0361 -0.1059 -0.9937
vn -0.0013 0.0006 -1.0000
vn 0.0712 -0.0038 -0.9975
vn 0.0570 -0.0740 -0.9956
vn -0.0922 0.0296 -0.9953
vn 0.0725 0.0398 -0.9966
vn 0.0318 -0.1063 -0.9938
vn 0.0229 -0.1089 -0.9938
vn -0.0374 -0.0033 -0.9993
vn 0.0469 -0.1065 -0.9932
vn -0.0695 0.0730 -0.9949
vn 0.0753 0.0038 -0.9972
vn 0.0516 -0.0692 -0.9963
vn -0.0182 -0.0452 -0.9988
vn 0.0270 -0.0354 -0.9990
vn 0.0181 -0.0790 -0.9967
vn 0.0265 0.0011 -0.9996
vn 0.0126 0.0042 -0.9999
vn 0.0285 0.0311 -0.9991
vn 0.0498 0.0381 -0.9980
vn 0.0467 0.0383 -0.9982
vn 0.0450 0.0351 -0.9984
vn 0.0334 0.0587 -0.9977
vn 0.0303 0.0405 -0.9987
vn 0.0050 0.0460 -0.9989
vn -0.0331 -0.0357 -0.9988
vn 0.0200 -0.0100 -0.9998
vn 0.0369 -0.0890 -0.9954
vn -0.1322 -0.4700 -0.8727
vn -0.0851 -0.3789 -0.9215
vn -0.1047 -0.4683 -0.8773
vn -0.1230 -0.1367 -0.9830
vn 0.0510 -0.2292 -0.9720
vn -0.0707 -0.4040 -0.9120
vn -0.1732 -0.4860 -0.8566
vn -0.0168 -0.3987 -0.9169
vn -0.0147 -0.5907 -0.8067
vn 0.0333 0.0417 -0.9986
vn 0.0088 0.0474 -0.9988
vn 0.0116 0.0547 -0.9984
vn 0.0219 -0.0145 -0.9997
vn 0.0132 0.0288 -0.9995
vn 0.0373 0.0234 -0.9990
vn 0.0034 -0.0263 -0.9996
vn 0.0105 -0.0746 -0.9972
vn 0.0217 -0.0710 -0.9972
vn 0.0183 0.3893 -0.9209
vn -0.1291 0.3766 -0.9173
vn -0.0446 0.6364 -0.7700
vn 0.0121 0.6270 -0.7789
vn 0.0501 0.4557 -0.8887
vn -0.0190 0.6301 -0.7763
vn -0.0777 0.7691 -0.6344
vn -0.0736 0.8954 -0.4391
vn -0.0191 0.7571 -0.6531
vn -0.0083 0.0582 -0.9983
vn -0.0080 0.0542 -0.9985
vn -0.0156 0.0635 -0.9979
vn 0.0161 -0.0104 -0.9998
vn -0.0009 -0.0670 -0.9978
vn -0.0331 -0.0024 -0.9995
vn 0.0821 0.3651 -0.9273
vn -0.0252 0.2875 -0.9574
vn -0.0218 0.6145 -0.7886
vn -0.0794 0.9934 -0.0828
vn -0.1077 0.9939 0.0233
vn -0.0898 0.9955 0.0295
vn -0.0989 0.9765 -0.1915
vn -0.0697 0.9962 -0.0515
vn -0.0202 0.9819 -0.1882
vn 0.0006 0.7911 -0.6116
vn -0.0548 0.9141 -0.4019
vn 0.0214 0.8957 -0.4442
vn -0.0329 0.7713 -0.6357
vn -0.0228 0.8660 -0.4995
vn 0.0063 0.7747 -0.6323
vn 0.0013 0.6362 -0.7716
vn 0.0339 0.4587 -0.8879
vn -0.0348 0.6519 -0.7575
vn 0.0060 0.0268 -0.9996
vn -0.0008 -0.0174 -0.9998
vn -0.0182 0.0118 -0.9998
vn -0.0029 0.0614 -0.9981
vn -0.0114 0.0537 -0.9985
vn -0.0114 0.0718 -0.9974
vn -0.0144 0.0650 -0.9978
vn -0.0185 0.0644 -0.9978
vn -0.0131 0.0528 -0.9985
vn -0.0118 0.0023 -0.9999
vn -0.0200 0.0077 -0.9998
vn -0.0166 -0.0023 -0.9999
vn -0.0096 -0.0740 -0.9972
vn -0.0170 -0.0772 -0.9969
vn -0.0622 -0.0241 -0.9978
vn -0.0486 0.9783 -0.2016
vn -0.0764 0.9849 -0.1552
vn -0.1053 0.9663 -0.2350
vn -0.1777 0.9516 -0.2509
vn -0.3030 0.9386 0.1650
vn -0.1377 0.9633 -0.2306
vn -0.0591 0.9302 -0.3623
vn -0.1180 0.9228 -0.3667
vn -0.1629 0.9832 -0.0826
vn -0.0727 0.9650 -0.2520
vn -0.0885 0.9649 -0.2473
vn -0.0455 0.9647 -0.2595
vn -0.1628 0.9433 -0.2894
vn -0.3934 0.8417 0.3699
vn 0.0447 0.8881 0.4575
vn -0.0325 0.9259 -0.3764
vn 0.0193 0.9570 -0.2894
vn 0.0377 0.9269 -0.3733
vn -0.0060 0.7887 -0.6148
vn -0.0269 0.8667 -0.4981
vn 0.0206 0.8644 -0.5024
vn 0.0496 0.4269 -0.9030
vn -0.0762 0.3542 -0.9321
vn -0.0622 0.6036 -0.7949
vn -0.1043 0.0396 -0.9938
vn -0.0133 -0.0475 -0.9988
vn -0.0245 -0.0587 -0.9980
vn -0.0049 -0.0610 -0.9981
vn -0.0188 -0.0806 -0.9966
vn -0.0045 -0.0262 -0.9996
vn -0.0166 -0.0287 -0.9995
vn -0.0142 0.0006 -0.9999
vn -0.0215 0.0510 -0.9985
vn -0.0155 0.0657 -0.9977
vn -0.0035 0.0476 -0.9989
vn -0.0248 0.0146 -0.9996
vn -0.0098 0.0145 -0.9998
vn -0.0161 -0.0089 -0.9998
vn -0.0105 0.0731 -0.9973
vn -0.0072 0.0712 -0.9974
vn -0.0074 0.0704 -0.9975
vn -0.0031 0.0562 -0.9984
vn -0.0211 0.0580 -0.9981
vn -0.0083 0.0744 -0.9972
vn -0.0002 0.0046 -1.0000
vn -0.0013 -0.0272 -0.9996
vn -0.0279 0.0146 -0.9995
vn -0.0218 -0.0845 -0.9962
vn -0.0246 -0.0724 -0.9971
vn -0.0169 -0.0896 -0.9958
vn -0.0451 -0.1046 -0.9935
vn -0.0496 -0.0155 -0.9986
vn 0.0010 -0.1025 -0.9947
vn -0.0712 0.0958 -0.9929
vn -0.0095 -0.0010 -1.0000
vn -0.0585 -0.0456 -0.9972
vn 0.0397 0.2993 -0.9533
vn -0.1028 0.3396 -0.9350
vn 0.0168 0.5312 -0.8471
vn 0.0443 0.6802 -0.7317
vn 0.0021 0.4748 -0.8801
vn -0.0619 0.6598 -0.7489
vn -0.0479 0.7623 -0.6454
vn -0.0187 0.8526 -0.5222
vn -0.0087 0.7590 -0.6510
vn 0.0327 0.9412 -0.3363
vn 0.0190 0.9552 -0.2955
vn 0.0192 0.9552 -0.2954
vn 0.0726 0.3609 -0.9298
vn -0.0751 0.2796 -0.9572
vn -0.0522 0.4560 -0.8885
vn -0.0061 0.0878 -0.9961
vn 0.0393 0.1150 -0.9926
vn 0.0132 -0.0393 -0.9991
vn -0.0251 -0.0736 -0.9970
vn -0.0147 -0.0718 -0.9973
vn -0.0181 -0.0846 -0.9963
vn -0.0084 -0.0480 -0.9988
vn -0.0578 -0.0526 -0.9969
vn -0.0285 0.0022 -0.9996
vn -0.0071 0.0722 -0.9974
vn -0.0132 0.0555 -0.9984
vn -0.0251 0.0688 -0.9973
vn -0.0114 0.0760 -0.9970
vn -0.0089 0.0763 -0.9970
vn -0.0112 0.0744 -0.9972
vn -0.0206 -0.0908 -0.9957
vn -0.0194 -0.0854 -0.9962
vn -0.0147 -0.0894 -0.9959
vn -0.0341 -0.0803 -0.9962
vn -0.0561 -0.0068 -0.9984
vn 0.0028 -0.0917 -0.9958
vn -0.0769 0.1035 -0.9917
vn -0.0015 0.0063 -1.0000
vn -0.0479 -0.0364 -0.9982
vn 0.0490 0.3032 -0.9517
vn -0.0395 0.4183 -0.9074
vn 0.0062 0.5576 -0.8301
vn 0.0247 0.5885 -0.8082
vn 0.0230 0.4390 -0.8982
vn -0.0946 0.6104 -0.7864
vn -0.0376 0.7288 -0.6837
vn -0.0183 0.8497 -0.5270
vn 0.0321 0.7960 -0.6044
vn 0.0052 0.9398 -0.3417
vn 0.0131 0.9572 -0.2893
vn 0.0258 0.9414 -0.3362
vn 0.0311 0.8242 -0.5655
vn -0.0129 0.8991 -0.4375
vn 0.0270 0.9050 -0.4245
vn -0.0363 0.3168 -0.9478
vn -0.0840 0.2930 -0.9524
vn -0.0584 0.4645 -0.8836
vn -0.0076 0.0996 -0.9950
vn 0.0315 0.1228 -0.9919
vn 0.0038 -0.0237 -0.9997
vn -0.0348 0.0159 -0.9993
vn -0.0308 0.0182 -0.9994
vn -0.0303 0.0305 -0.9991
vn -0.0296 -0.0060 -0.9995
vn -0.0294 -0.0057 -0.9996
vn -0.0229 -0.0087 -0.9997
vn -0.0381 -0.0230 -0.9990
vn -0.0083 -0.0305 -0.9995
vn -0.0190 -0.0811 -0.9965
vn -0.0426 -0.1205 -0.9918
vn -0.0295 -0.0560 -0.9980
vn -0.0044 -0.0899 -0.9959
vn -0.0324 -0.1255 -0.9916
vn -0.0099 -0.0784 -0.9969
vn 0.0058 -0.1504 -0.9886
vn -0.0160 -0.0890 -0.9959
vn -0.0142 -0.0853 -0.9963
vn -0.0101 -0.0971 -0.9952
vn -0.0356 -0.0935 -0.9950
vn -0.0178 -0.0725 -0.9972
vn -0.0068 -0.1191 -0.9929
vn -0.0908 0.1141 -0.9893
vn -0.0093 0.0048 -0.9999
vn -0.0679 -0.0375 -0.9970
vn 0.0606 0.2902 -0.9550
vn -0.0368 0.4079 -0.9123
vn 0.0500 0.5251 -0.8496
vn 0.0886 0.6713 -0.7359
vn 0.0145 0.4339 -0.9008
vn -0.1488 0.6890 -0.7093
vn -0.0428 0.8313 -0.5542
vn -0.0164 0.9018 -0.4319
vn 0.0386 0.8123 -0.5820
vn 0.0159 0.9456 -0.3250
vn 0.0166 0.9442 -0.3290
vn -0.0025 0.9375 -0.3479
vn 0.1438 0.3437 -0.9280
vn -0.0252 0.2901 -0.9567
vn 0.0217 0.4474 -0.8941
vn 0.0150 0.0735 -0.9972
vn 0.0986 0.0253 -0.9948
vn 0.0290 -0.0802 -0.9964
vn -0.0071 -0.0866 -0.9962
vn -0.0201 -0.0803 -0.9966
vn -0.0138 -0.0776 -0.9969
vn 0.0027 -0.0773 -0.9970
vn -0.0047 -0.0722 -0.9974
vn -0.0021 -0.0691 -0.9976
vn 0.0049 0.0272 -0.9996
vn 0.0132 0.0322 -0.9994
vn 0.0164 0.0018 -0.9999
vn -0.0123 -0.0733 -0.9972
vn -0.0105 -0.0389 -0.9992
vn -0.0084 -0.0714 -0.9974
vn -0.0024 0.0595 -0.9982
vn -0.0042 0.0577 -0.9983
vn -0.0108 0.0755 -0.9971
vn 0.0148 0.0425 -0.9990
vn -0.0247 0.0436 -0.9987
vn -0.0023 0.0706 -0.9975
vn -0.0256 -0.0186 -0.9995
vn 0.0078 -0.0442 -0.9990
vn -0.0242 -0.0732 -0.9970
vn -0.0240 -0.0824 -0.9963
vn -0.0075 -0.0720 -0.9974
vn -0.0177 -0.0901 -0.9958
vn -0.0729 0.3126 -0.9471
vn -0.1261 0.3784 -0.9170
vn -0.0774 0.4768 -0.8756
vn -0.0375 -0.0367 -0.9986
vn -0.0347 0.0690 -0.9970
vn -0.0040 0.0678 -0.9977
vn 0.0457 0.5826 -0.8115
vn 0.0041 0.5008 -0.8656
vn -0.0854 0.5864 -0.8055
vn -0.0277 0.7921 -0.6098
vn -0.0069 0.9011 -0.4335
vn 0.0810 0.8299 -0.5520
vn 0.0100 0.9421 -0.3351
vn 0.0250 0.9385 -0.3443
vn 0.0223 0.9426 -0.3333
vn 0.0362 0.8582 -0.5120
vn -0.0056 0.9185 -0.3955
vn 0.0169 0.9096 -0.4152
vn -0.0849 0.8337 -0.5456
vn -0.0299 0.9129 -0.4070
vn 0.0061 0.8292 -0.5589
vn 0.0216 0.6060 -0.7952
vn -0.0701 0.4949 -0.8661
vn -0.1922 0.6633 -0.7233
vn 0.2124 0.2564 -0.9429
vn -0.0776 0.3702 -0.9257
vn 0.0374 0.5154 -0.8562
vn -0.1029 0.0614 -0.9928
vn 0.0379 -0.0248 -0.9990
vn -0.0598 -0.0785 -0.9951
vn -0.0281 -0.0961 -0.9950
vn -0.0248 -0.0941 -0.9953
vn -0.0249 -0.1068 -0.9940
vn -0.0187 0.0644 -0.9978
vn -0.0039 0.0780 -0.9969
vn -0.0012 0.0629 -0.9980
vn -0.0409 0.0441 -0.9982
vn -0.0067 0.0554 -0.9984
vn -0.0274 0.0113 -0.9996
vn -0.0435 -0.0131 -0.9990
vn -0.0410 0.0078 -0.9991
vn -0.0417 -0.0097 -0.9991
vn -0.0611 -0.0494 -0.9969
vn -0.0294 -0.0437 -0.9986
vn -0.0182 -0.0872 -0.9960
vn -0.0400 -0.1576 -0.9867
vn -0.0349 -0.1054 -0.9938
vn -0.0104 -0.1252 -0.9921
vn -0.0094 0.0615 -0.9981
vn 0.0039 0.0055 -1.0000
vn -0.0386 -0.0189 -0.9991
vn 0.0037 -0.0274 -0.9996
vn -0.0211 -0.0605 -0.9979
vn -0.0584 -0.0909 -0.9941
vn -0.0470 -0.0565 -0.9973
vn -0.0350 -0.0880 -0.9955
vn 0.0100 0.0782 -0.9969
vn 0.0189 0.0691 -0.9974
vn 0.0203 0.0712 -0.9973
vn 0.0125 0.0716 -0.9974
vn -0.0006 0.0534 -0.9986
vn 0.0069 0.0741 -0.9972
vn 0.0887 0.6585 -0.7474
vn 0.0627 0.5289 -0.8464
vn 0.0373 0.6421 -0.7657
vn -0.0675 0.7991 -0.5974
vn -0.0600 0.9216 -0.3836
vn -0.0114 0.8177 -0.5755
vn 0.0176 0.9442 -0.3289
vn 0.0250 0.9329 -0.3592
vn -0.0083 0.9321 -0.3620
vn -0.0168 0.9485 -0.3163
vn 0.0228 0.9499 -0.3118
vn 0.0562 0.9299 -0.3636
vn -0.0051 0.4901 -0.8717
vn -0.0268 0.4763 -0.8789
vn -0.1771 0.6361 -0.7511
vn 0.0371 0.2547 -0.9663
vn -0.1136 0.2853 -0.9517
vn 0.0247 0.4502 -0.8926
vn -0.0408 0.0240 -0.9989
vn 0.0669 -0.0103 -0.9977
vn -0.0291 -0.0988 -0.9947
vn -0.0472 -0.0987 -0.9940
vn -0.0384 -0.0884 -0.9953
vn -0.0452 -0.0991 -0.9940
vn -0.0564 -0.0866 -0.9946
vn -0.0438 -0.0689 -0.9967
vn -0.0396 -0.0892 -0.9952
vn -0.0453 -0.0457 -0.9979
vn -0.0279 -0.0457 -0.9986
vn -0.0434 -0.0765 -0.9961
vn -0.0376 -0.0014 -0.9993
vn -0.0532 -0.0023 -0.9986
vn -0.0374 0.0326 -0.9988
vn 0.0307 0.0644 -0.9975
vn 0.0254 0.0708 -0.9972
vn 0.0315 0.0720 -0.9969
vn 0.0295 0.0124 -0.9995
vn 0.0332 0.0714 -0.9969
vn 0.0882 0.0378 -0.9954
vn 0.0443 -0.0259 -0.9987
vn 0.0799 -0.0279 -0.9964
vn 0.0585 -0.0541 -0.9968
vn -0.0093 -0.0745 -0.9972
vn 0.0270 -0.0395 -0.9989
vn 0.0524 -0.0904 -0.9945
vn -0.0072 0.0550 -0.9985
vn -0.0028 0.0228 -0.9997
vn -0.0343 0.0096 -0.9994
vn -0.0349 -0.0788 -0.9963
vn -0.0342 -0.0787 -0.9963
vn -0.0354 -0.0821 -0.9960
vn -0.0340 -0.0722 -0.9968
vn -0.0149 -0.0355 -0.9993
vn -0.0147 -0.0704 -0.9974
vn -0.0298 0.0495 -0.9983
vn 0.0524 0.0214 -0.9984
vn -0.0180 -0.0760 -0.9969
vn 0.0158 0.2900 -0.9569
vn -0.0763 0.3473 -0.9346
vn 0.0152 0.4741 -0.8804
vn 0.1998 0.6064 -0.7696
vn 0.0461 0.4349 -0.8993
vn 0.0516 0.5063 -0.8608
vn 0.0218 0.5796 -0.8146
vn -0.1253 0.9093 -0.3967
vn 0.2946 0.8893 -0.3497
vn 0.0209 0.9261 -0.3768
vn 0.0778 0.9629 -0.2586
vn 0.1209 0.9416 -0.3144
vn 0.1406 0.9511 -0.2750
vn 0.1482 0.9475 -0.2834
vn 0.1683 0.9562 -0.2395
vn 0.0376 0.9362 -0.3494
vn 0.1066 0.9607 -0.2563
vn 0.1842 0.9160 -0.3564
vn 0.1135 0.6516 -0.7500
vn 0.0174 0.5240 -0.8515
vn -0.1332 0.6839 -0.7173
vn 0.0001 0.3473 -0.9377
vn -0.1080 0.3917 -0.9137
vn -0.0287 0.5288 -0.8483
vn -0.0010 0.1191 -0.9929
vn 0.0728 0.1418 -0.9872
vn 0.0368 -0.0049 -0.9993
vn -0.0238 0.0106 -0.9997
vn -0.0289 -0.0040 -0.9996
vn -0.0386 0.0079 -0.9992
vn -0.0426 -0.0344 -0.9985
vn -0.0802 -0.0439 -0.9958
vn -0.0675 -0.0019 -0.9977
vn 0.0367 0.0650 -0.9972
vn 0.0404 0.0663 -0.9970
vn 0.0681 0.0540 -0.9962
vn 0.0522 -0.0669 -0.9964
vn 0.0666 -0.0513 -0.9965
vn 0.1028 -0.0769 -0.9917
vn -0.0102 0.0483 -0.9988
vn -0.0598 0.0168 -0.9981
vn -0.0690 0.0498 -0.9964
vn -0.0006 0.0538 -0.9986
vn -0.0204 0.0479 -0.9986
vn 0.0138 0.0593 -0.9981
vn -0.0799 0.0166 -0.9967
vn 0.0094 0.0583 -0.9983
vn -0.0804 0.0223 -0.9965
vn -0.0998 -0.0113 -0.9949
vn 0.0001 0.0252 -0.9997
vn -0.0014 -0.0325 -0.9995
vn -0.1127 -0.0207 -0.9934
vn -0.0513 0.0016 -0.9987
vn -0.1108 -0.0139 -0.9937
vn -0.0976 0.0011 -0.9952
vn -0.0519 0.0103 -0.9986
vn -0.0541 -0.0342 -0.9980
vn -0.0286 -0.0548 -0.9981
vn -0.0290 -0.0571 -0.9979
vn -0.0405 -0.0578 -0.9975
vn -0.0318 0.1289 -0.9911
vn 0.1017 0.0642 -0.9927
vn 0.0122 0.0154 -0.9998
vn 0.3278 0.3248 -0.8871
vn -0.0169 0.4277 -0.9038
vn 0.1224 0.5846 -0.8020
vn 0.1407 0.6686 -0.7302
vn 0.0085 0.5368 -0.8436
vn -0.1776 0.7292 -0.6608
vn -0.0035 0.9477 -0.3192
vn 0.0702 0.9691 -0.2366
vn 0.1189 0.9206 -0.3719
vn 0.1457 0.9440 -0.2961
vn 0.1132 0.9800 -0.1634
vn 0.1447 0.9739 -0.1750
vn 0.2095 0.9720 -0.1068
vn 0.1928 0.9758 -0.1033
vn 0.1933 0.9765 -0.0953
vn -0.0326 0.8955 -0.4439
vn -0.0477 0.9865 -0.1568
vn 0.2433 0.9366 -0.2522
vn 0.2427 0.7209 -0.6492
vn 0.1623 0.6149 -0.7718
vn 0.1381 0.7426 -0.6554
vn -0.0002 -0.0076 -1.0000
vn 0.0098 -0.0023 -0.9999
vn 0.0244 -0.0385 -0.9990
vn -0.1077 0.0115 -0.9941
vn -0.1148 0.0042 -0.9934
vn -0.0955 0.0061 -0.9954
vn 0.0028 0.1067 -0.9943
vn 0.0273 0.0595 -0.9979
vn -0.0277 0.0191 -0.9994
vn 0.3826 -0.0861 -0.9199
vn 0.0703 -0.0620 -0.9956
vn 0.2510 0.0795 -0.9647
vn -0.0921 -0.0286 -0.9953
vn -0.1508 0.1647 -0.9747
vn 0.1076 0.1199 -0.9869
vn 0.1346 -0.0922 -0.9866
vn 0.0751 -0.0070 -0.9971
vn 0.2984 0.0174 -0.9543
vn 0.6300 -0.0881 -0.7716
vn 0.3729 -0.0887 -0.9236
vn 0.4505 0.0353 -0.8921
vn 0.5849 -0.0709 -0.8080
vn 0.3472 -0.0839 -0.9340
vn 0.6027 -0.0123 -0.7979
vn 0.3017 -0.0920 -0.9490
vn 0.2555 0.0545 -0.9653
vn 0.5682 0.0452 -0.8217
vn 0.8175 -0.0826 -0.5699
vn 0.5624 -0.0794 -0.8231
vn 0.6985 0.0539 -0.7136
vn 0.8067 -0.1005 -0.5824
vn 0.5255 -0.0489 -0.8494
vn 0.8139 -0.0089 -0.5809
vn 0.4761 -0.0807 -0.8757
vn 0.4358 0.0800 -0.8965
vn 0.7699 0.0191 -0.6378
vn -0.0505 0.0234 -0.9985
vn 0.0883 0.0755 -0.9932
vn 0.0971 -0.0175 -0.9951
vn -0.0472 0.0197 -0.9987
vn 0.0694 0.0404 -0.9968
vn -0.0129 -0.0022 -0.9999
vn 0.0175 0.0359 -0.9992
vn 0.0080 0.0308 -0.9995
vn 0.0294 0.0041 -0.9996
vn 0.0261 -0.0371 -0.9990
vn 0.0411 -0.0543 -0.9977
vn 0.0380 -0.0576 -0.9976
vn 0.0436 -0.0321 -0.9985
vn 0.1847 0.0524 -0.9814
vn 0.2767 -0.0753 -0.9580
vn 0.2247 -0.0128 -0.9743
vn 0.1311 -0.1171 -0.9844
vn 0.0513 -0.0447 -0.9977
vn 0.0003 -0.1162 -0.9932
vn 0.0364 -0.0600 -0.9975
vn 0.1357 -0.1171 -0.9838
vn 0.8811 -0.0976 -0.4628
vn 0.6293 -0.0739 -0.7737
vn 0.8464 0.0350 -0.5313
vn 0.6406 -0.1205 -0.7583
vn 0.6014 0.0391 -0.7980
vn 0.8640 0.0506 -0.5010
vn 0.9971 -0.0759 -0.0072
vn 0.9939 -0.1098 0.0062
vn 0.9793 -0.1346 -0.1515
vn 0.9711 -0.0469 -0.2339
vn 0.9949 -0.0767 -0.0647
vn 0.9493 -0.1523 -0.2752
vn 0.9836 -0.0332 -0.1773
vn 0.9970 -0.0756 0.0140
vn 0.9766 -0.1640 -0.1391
vn 0.9958 -0.0516 -0.0761
vn 0.9917 -0.1170 -0.0543
vn 0.9700 -0.1163 -0.2135
vn 0.9094 -0.0064 -0.4159
vn 0.9824 -0.0333 -0.1839
vn 0.9332 -0.1294 -0.3353
vn 0.9798 -0.0180 -0.1993
vn 0.9815 -0.0860 -0.1710
vn 0.9257 -0.1106 -0.3617
vn 0.8731 -0.0030 -0.4875
vn 0.9640 -0.0217 -0.2650
vn 0.8596 -0.1483 -0.4890
vn 0.9565 0.0606 -0.2854
vn 0.9718 -0.0503 -0.2302
vn 0.8959 -0.0626 -0.4398
vn 0.7601 0.0612 -0.6469
vn 0.9104 0.0728 -0.4073
vn 0.8326 -0.0954 -0.5456
vn 0.8822 0.1623 -0.4421
vn 0.9269 0.0447 -0.3727
vn 0.8142 -0.0010 -0.5805
vn 0.5807 0.2296 -0.7811
vn 0.8674 0.1957 -0.4575
vn 0.7586 -0.0362 -0.6506
vn 0.4331 0.4319 -0.7912
vn 0.3316 0.7854 -0.5226
vn 0.7497 0.4710 -0.4649
vn -0.1688 0.4751 -0.8636
vn 0.0893 0.7249 -0.6831
vn 0.1679 0.4084 -0.8972
vn 0.1132 0.7510 -0.6505
vn -0.0009 0.6250 -0.7806
vn -0.1085 0.7788 -0.6178
vn 0.1887 0.4128 -0.8910
vn -0.0498 0.4481 -0.8926
vn 0.0421 0.5781 -0.8149
vn 0.0901 0.9951 -0.0405
vn 0.0199 0.9998 0.0001
vn 0.0884 0.9959 -0.0201
vn 0.1350 0.9888 -0.0640
vn 0.1125 0.9780 -0.1759
vn 0.0661 0.9965 -0.0511
vn 0.1803 0.9816 -0.0633
vn 0.1946 0.9741 -0.1154
vn 0.1237 0.9799 -0.1563
vn 0.1464 0.9822 -0.1178
vn 0.1047 0.9940 -0.0303
vn 0.0656 0.9976 -0.0231
vn -0.0227 0.9805 -0.1952
vn 0.1214 0.9926 0.0068
vn 0.1823 0.9584 -0.2196
vn 0.3527 0.8739 -0.3344
vn 0.5917 0.8018 -0.0840
vn 0.6829 0.6621 -0.3086
vn 0.1718 0.9668 -0.1894
vn 0.1111 0.9934 0.0273
vn 0.2826 0.9592 0.0123
vn 0.8062 0.4946 -0.3248
vn 0.6671 0.7408 -0.0786
vn 0.8841 0.4661 -0.0343
vn 0.9233 0.2722 -0.2708
vn 0.9769 0.2129 -0.0206
vn 0.9811 0.0798 -0.1763
vn 0.9877 0.1530 -0.0316
vn 0.9972 0.0685 0.0313
vn 0.9899 0.0801 -0.1170
vn 0.9903 0.0537 -0.1278
vn 0.9992 0.0298 0.0251
vn 0.9966 -0.0383 -0.0725
vn 0.9968 0.0230 0.0760
vn 0.9943 -0.0475 0.0958
vn 0.9988 -0.0401 -0.0270
vn 0.9986 -0.0314 -0.0432
vn 0.9959 -0.0410 0.0801
vn 0.9946 -0.1002 -0.0284
vn 0.9905 -0.0484 0.1290
vn 0.9860 -0.1104 0.1250
vn 0.9947 -0.0991 0.0280
vn 0.9961 -0.0866 0.0170
vn 0.9887 -0.0966 0.1143
vn 0.9903 -0.1337 0.0376
vn 0.9860 -0.0993 0.1338
vn 0.9853 -0.1267 0.1145
vn 0.9892 -0.1284 0.0710
vn 0.9922 -0.1051 0.0673
vn 0.9889 -0.0991 0.1104
vn 0.9906 -0.1192 0.0676
vn 0.9898 -0.0912 0.1092
vn 0.9883 -0.1044 0.1111
vn 0.9912 -0.1062 0.0789
vn 0.9894 -0.0971 0.1080
vn 0.9895 -0.1140 0.0884
vn 0.9913 -0.1034 0.0817
vn 0.9940 -0.0822 0.0725
vn 0.9928 -0.0928 0.0757
vn 0.9909 -0.1349 0.0022
vn 0.9938 -0.0363 0.1050
vn 0.9958 -0.0904 0.0160
vn 0.9997 -0.0252 0.0076
vn 0.9571 -0.0857 -0.2768
vn 0.8013 -0.1020 -0.5895
vn 0.9542 0.0837 -0.2873
vn 0.7510 0.0224 -0.6599
vn 0.9452 0.0596 -0.3211
vn 0.8319 -0.1489 -0.5346
vn 0.6191 -0.2003 -0.7593
vn 0.2237 -0.2187 -0.9498
vn 0.3916 0.0048 -0.9201
vn 0.6784 -0.2477 -0.6916
vn 0.6650 -0.4162 -0.6201
vn 0.4021 -0.3423 -0.8492
vn 0.4480 -0.2748 -0.8507
vn 0.7016 -0.3248 -0.6342
vn 0.4398 -0.4279 -0.7897
vn 0.0957 -0.2058 -0.9739
vn 0.2669 -0.1795 -0.9468
vn 0.2582 -0.3477 -0.9014
vn 0.0863 -0.5184 -0.8508
vn 0.0705 -0.3226 -0.9439
vn 0.2500 -0.4554 -0.8545
vn 0.5254 -0.4735 -0.7069
vn 0.7605 -0.3608 -0.5399
vn 0.6951 -0.5924 -0.4073
vn 0.2931 -0.7068 -0.6439
vn 0.3773 -0.8841 -0.2757
vn 0.0306 -0.9386 -0.3436
vn 0.2453 -0.7401 -0.6262
vn 0.3898 -0.6977 -0.6010
vn 0.2519 -0.8980 -0.3607
vn 0.9920 -0.0537 -0.1138
vn 0.9806 -0.1678 -0.1013
vn 0.9543 -0.1616 -0.2516
vn 0.9861 -0.1642 0.0253
vn 0.9933 -0.1148 -0.0102
vn 0.9895 -0.1382 -0.0413
vn 0.9808 -0.1848 -0.0628
vn 0.8780 -0.4583 -0.1380
vn 0.8923 -0.2004 -0.4046
vn 0.9100 -0.2911 -0.2952
vn 0.9409 -0.3267 -0.0888
vn 0.8172 -0.5099 -0.2686
vn 0.9151 -0.1429 -0.3771
vn 0.9877 0.0125 -0.1555
vn 0.9851 -0.1562 -0.0717
vn 0.9936 -0.0557 0.0982
vn 0.9975 -0.0505 0.0493
vn 0.9933 -0.0363 0.1100
vn 0.9896 -0.1391 0.0356
vn 0.9896 -0.1430 0.0136
vn 0.9988 -0.0459 0.0190
vn 0.9107 0.0219 0.4126
vn 0.8715 -0.1523 0.4661
vn 0.9690 -0.1148 0.2189
vn 0.9778 -0.0767 0.1948
vn 0.9389 -0.0236 0.3433
vn 0.9779 -0.1215 0.1699
vn 0.9740 -0.0937 0.2062
vn 0.8940 -0.0657 0.4432
vn 0.9093 -0.2198 0.3532
vn 0.8934 0.0185 0.4489
vn 0.9123 -0.1288 0.3887
vn 0.9725 -0.0973 0.2118
vn 0.9638 -0.0887 0.2516
vn 0.9068 -0.0329 0.4203
vn 0.9670 -0.1301 0.2192
vn 0.8344 0.0316 0.5503
vn 0.7951 -0.1905 0.5757
vn 0.9571 -0.1023 0.2710
vn 0.9644 -0.0485 0.2600
vn 0.8814 -0.0033 0.4724
vn 0.9615 -0.1181 0.2481
vn 0.8240 0.0932 0.5588
vn 0.7819 -0.1417 0.6071
vn 0.9594 -0.0640 0.2749
vn 0.9818 0.0258 0.1880
vn 0.9055 0.0647 0.4194
vn 0.9753 -0.0597 0.2126
vn 0.8849 0.1950 0.4231
vn 0.8860 -0.0157 0.4633
vn 0.9811 0.0277 0.1917
vn 0.9648 0.2628 -0.0054
vn 0.9377 0.2205 0.2687
vn 0.9941 0.0637 0.0879
vn 0.8397 0.5213 -0.1519
vn 0.5708 0.8197 -0.0481
vn 0.8249 0.4993 0.2651
vn 0.5229 0.8523 -0.0134
vn 0.5251 0.8442 0.1076
vn 0.6855 0.7281 0.0023
vn 0.2242 0.4541 0.8623
vn 0.2548 0.1909 0.9479
vn 0.5868 0.2878 0.7568
vn 0.6436 0.2290 0.7303
vn 0.2872 0.1483 0.9463
vn 0.6010 -0.0267 0.7988
vn 0.4965 0.8672 0.0372
vn 0.3838 0.7325 0.5623
vn 0.7502 0.5047 0.4272
vn 0.1484 0.1153 0.9822
vn 0.1310 -0.0469 0.9903
vn 0.4349 -0.0338 0.8998
vn 0.4896 0.0799 0.8683
vn 0.1656 0.0317 0.9857
vn 0.4660 -0.1164 0.8771
vn 0.0735 0.0313 0.9968
vn 0.0868 -0.1054 0.9906
vn 0.3638 -0.0880 0.9273
vn 0.4852 0.0566 0.8726
vn 0.1508 -0.0060 0.9885
vn 0.4660 -0.1522 0.8716
vn 0.1300 0.0419 0.9906
vn 0.1903 -0.0563 0.9801
vn 0.4198 -0.0816 0.9039
vn 0.4612 0.0311 0.8867
vn 0.2185 0.0174 0.9757
vn 0.5431 -0.1511 0.8260
vn 0.1579 0.0557 0.9859
vn 0.2056 -0.0693 0.9762
vn 0.4653 -0.1018 0.8793
vn 0.5086 0.0335 0.8604
vn 0.2214 0.0157 0.9751
vn 0.5572 -0.1627 0.8143
vn 0.1365 -0.0090 0.9906
vn 0.1340 -0.2205 0.9662
vn 0.4867 -0.1171 0.8657
vn 0.7301 -0.2348 0.6418
vn 0.6861 -0.0392 0.7265
vn 0.4141 -0.2007 0.8878
vn 0.6161 -0.2674 0.7409
vn 0.7534 -0.1330 0.6440
vn 0.5537 -0.1397 0.8209
vn 0.8745 -0.1721 0.4535
vn 0.9544 -0.1881 0.2320
vn 0.9100 -0.0871 0.4053
vn 0.9475 -0.1142 0.2988
vn 0.9807 -0.1630 0.1080
vn 0.9843 -0.0909 0.1511
vn 0.9899 0.0070 0.1419
vn 0.9859 -0.0251 0.1653
vn 0.9939 -0.0515 0.0972
vn 0.9980 0.0063 0.0634
vn 0.9885 0.0149 0.1508
vn 0.9961 -0.0682 0.0551
vn 0.9787 0.0206 0.2044
vn 0.9556 -0.1276 0.2657
vn 0.9906 -0.1105 0.0803
vn 0.7889 -0.6039 -0.1140
vn 0.9154 -0.4017 0.0284
vn 0.7443 -0.6332 0.2122
vn 0.9482 -0.2992 0.1068
vn 0.9016 -0.2843 0.3260
vn 0.8541 -0.4680 0.2267
vn 0.3963 -0.9179 0.0204
vn 0.4399 -0.8025 0.4030
vn 0.0607 -0.9488 0.3100
vn 0.0053 -0.9998 -0.0217
vn 0.2141 -0.9763 0.0319
vn -0.0166 -0.9653 0.2605
vn 0.8025 -0.5745 0.1609
vn 0.8894 -0.3612 0.2803
vn 0.7340 -0.5218 0.4346
vn 0.5108 -0.8436 0.1656
vn 0.4942 -0.6456 0.5822
vn 0.0810 -0.8660 0.4935
vn 0.0589 -0.9493 0.3087
vn 0.3356 -0.9183 0.2100
vn 0.0863 -0.9045 0.4177
vn 0.7958 0.1484 0.5872
vn 0.7200 -0.0898 0.6881
vn 0.9193 -0.0673 0.3877
vn 0.9424 0.0353 0.3325
vn 0.8618 0.1020 0.4968
vn 0.9299 -0.0405 0.3655
vn 0.9003 -0.1885 0.3922
vn 0.7108 -0.1649 0.6838
vn 0.7220 -0.4423 0.5320
vn 0.8383 0.1273 0.5301
vn 0.8266 -0.0095 0.5627
vn 0.9287 -0.0312 0.3695
vn 0.9649 -0.0254 0.2615
vn 0.9070 0.0392 0.4193
vn 0.9539 -0.0578 0.2945
vn 0.4627 -0.1721 0.8696
vn 0.3545 0.0082 0.9350
vn 0.2432 -0.0659 0.9677
vn 0.5436 0.0936 0.8341
vn 0.3046 0.1549 0.9398
vn 0.5001 -0.0065 0.8660
vn -0.1135 -0.0452 0.9925
vn -0.0423 -0.0632 0.9971
vn -0.0451 -0.0109 0.9989
vn -0.0315 -0.0508 0.9982
vn 0.0924 -0.0012 0.9957
vn -0.0494 0.0265 0.9984
vn -0.1900 -0.0232 0.9815
vn -0.1128 -0.0616 0.9917
vn -0.1513 0.0311 0.9880
vn -0.1750 -0.0286 0.9841
vn -0.1771 -0.0235 0.9839
vn -0.1352 -0.0417 0.9899
vn -0.2118 -0.0549 0.9758
vn -0.1383 -0.0814 0.9870
vn -0.1588 -0.0353 0.9867
vn -0.1843 -0.0331 0.9823
vn -0.1466 0.0494 0.9880
vn -0.1748 -0.0397 0.9838
vn -0.0883 -0.0954 0.9915
vn -0.0491 -0.0711 0.9963
vn -0.0649 -0.0230 0.9976
vn -0.1001 -0.1503 0.9836
vn -0.1383 -0.1247 0.9825
vn -0.0937 -0.1503 0.9842
vn -0.1004 0.0032 0.9949
vn -0.0235 -0.0402 0.9989
vn -0.0102 0.0833 0.9965
vn -0.0757 -0.0393 0.9964
vn -0.0772 -0.0258 0.9967
vn -0.0719 -0.0409 0.9966
vn 0.0750 0.1788 0.9810
vn 0.1230 0.4544 0.8822
vn -0.1062 0.3163 0.9427
vn -0.1223 0.2153 0.9689
vn -0.1503 0.1329 0.9797
vn -0.0416 0.1412 0.9891
vn 0.1008 0.7617 0.6401
vn -0.0254 0.9147 0.4034
vn -0.1446 0.6371 0.7571
vn 0.3888 0.9178 -0.0808
vn -0.0321 0.9987 0.0388
vn 0.2670 0.8475 0.4588
vn 0.1664 0.9732 -0.1586
vn 0.0937 0.9905 -0.1007
vn 0.1903 0.9706 -0.1472
vn 0.2585 0.9635 -0.0690
vn 0.1714 0.9844 -0.0405
vn 0.2565 0.9658 -0.0372
vn 0.1352 0.8820 0.4514
vn -0.0403 0.8960 0.4423
vn -0.0685 0.6116 0.7882
vn 0.1386 0.9731 -0.1841
vn 0.0353 0.9984 -0.0440
vn 0.1972 0.9796 -0.0400
vn 0.0267 -0.0913 0.9955
vn -0.0252 0.0011 0.9997
vn -0.0896 -0.0774 0.9930
vn -0.1082 0.0382 0.9934
vn -0.1125 0.0396 0.9929
vn -0.1128 0.0489 0.9924
vn -0.0999 -0.0244 0.9947
vn -0.0682 0.0207 0.9975
vn -0.1320 0.0040 0.9912
vn 0.1027 0.1531 0.9829
vn 0.0811 0.0131 0.9966
vn 0.3721 0.0279 0.9278
vn -0.1387 0.0001 0.9903
vn -0.0752 -0.0161 0.9970
vn -0.0902 0.0627 0.9939
vn -0.1179 0.0284 0.9926
vn -0.1195 0.0430 0.9919
vn -0.0979 0.0228 0.9949
vn 0.3999 0.1473 0.9046
vn 0.0880 0.0962 0.9915
vn 0.3850 -0.0434 0.9219
vn -0.0594 0.0266 0.9979
vn -0.0426 -0.1995 0.9790
vn 0.2696 -0.0678 0.9606
vn 0.4961 -0.5207 0.6948
vn 0.4921 -0.1493 0.8576
vn 0.0723 -0.3871 0.9192
vn -0.1269 -0.7463 0.6535
vn 0.3337 -0.6245 0.7061
vn -0.0072 -0.4864 0.8737
vn -0.2372 -0.4443 0.8639
vn -0.1419 -0.5521 0.8216
vn -0.1157 -0.3981 0.9100
vn -0.0683 -0.6572 0.7506
vn -0.0181 -0.6036 0.7970
vn -0.0853 -0.5392 0.8378
vn 0.0257 -0.9456 0.3243
vn 0.0164 -0.8486 0.5288
vn -0.1214 -0.8593 0.4968
vn -0.0391 -0.9647 0.2603
vn 0.0259 -0.9605 0.2771
vn 0.0135 -0.8974 0.4410
vn -0.0332 -0.9830 0.1805
vn -0.0005 -0.9734 0.2292
vn -0.0595 -0.9765 0.2073
vn -0.1089 -0.4133 0.9040
vn -0.0292 -0.5085 0.8605
vn -0.0797 -0.3407 0.9368
vn -0.1860 -0.2092 0.9600
vn -0.0731 -0.2029 0.9765
vn -0.1377 -0.0644 0.9884
vn -0.1963 -0.0365 0.9799
vn -0.1749 -0.0727 0.9819
vn -0.1342 -0.0406 0.9901
vn -0.1055 -0.1442 0.9839
vn -0.0821 -0.1080 0.9908
vn -0.0948 -0.0976 0.9907
vn -0.0058 -0.0441 0.9990
vn -0.0427 -0.0246 0.9988
vn -0.0043 -0.0638 0.9980
vn 0.1903 0.4715 0.8611
vn 0.2094 0.8029 0.5581
vn 0.0641 0.4743 0.8780
vn -0.0241 0.1897 0.9816
vn -0.0228 0.1871 0.9821
vn -0.0067 0.2287 0.9735
vn 0.1115 0.9685 -0.2226
vn 0.1079 0.9661 -0.2347
vn 0.0935 0.9713 -0.2189
vn 0.0186 -0.0423 0.9989
vn -0.0031 -0.0356 0.9994
vn -0.0032 -0.0341 0.9994
vn 0.0193 -0.0577 0.9981
vn 0.0190 -0.0568 0.9982
vn -0.0011 -0.0588 0.9983
vn -0.0127 -0.0432 0.9990
vn -0.0482 -0.0054 0.9988
vn -0.0617 -0.0295 0.9977
vn -0.1158 -0.6972 0.7075
vn 0.0607 -0.7051 0.7065
vn -0.0104 -0.4221 0.9065
vn -0.0875 -0.9528 0.2907
vn -0.0324 -0.8683 0.4950
vn -0.1413 -0.8649 0.4817
vn -0.0008 -0.9941 0.1087
vn 0.0185 -0.9927 0.1195
vn -0.0348 -0.9880 0.1506
vn 0.1608 -0.9681 -0.1919
vn 0.0471 -0.9988 -0.0117
vn 0.0541 -0.9956 -0.0765
vn 0.2119 -0.8116 -0.5445
vn 0.4794 -0.7668 -0.4268
vn 0.1927 -0.9810 0.0241
vn -0.0342 -0.9907 0.1320
vn 0.0103 -0.9915 0.1297
vn -0.0224 -0.9870 0.1589
vn 0.2933 -0.8225 -0.4873
vn 0.0621 -0.9940 0.0901
vn -0.6544 -0.7230 -0.2214
vn -0.1408 -0.9457 0.2928
vn 0.0022 -0.9548 0.2971
vn -0.0068 -0.8598 0.5106
vn -0.0154 -0.9912 0.1318
vn -0.0222 -0.9806 0.1949
vn -0.0525 -0.9799 0.1927
vn -0.1560 -0.2634 0.9520
vn -0.2368 -0.5121 0.8256
vn -0.0776 -0.2851 0.9553
vn -0.0740 -0.5374 0.8401
vn -0.0122 -0.5464 0.8375
vn -0.0606 -0.3962 0.9162
vn -0.1068 -0.8426 0.5278
vn -0.1239 -0.7324 0.6695
vn -0.1394 -0.7283 0.6709
vn -0.0407 -0.1171 0.9923
vn -0.0149 -0.1273 0.9918
vn -0.0125 -0.0181 0.9998
vn -0.0494 0.0395 0.9980
vn -0.0755 0.0492 0.9959
vn -0.0629 0.0249 0.9977
vn -0.0433 0.0409 0.9982
vn -0.0777 -0.0198 0.9968
vn -0.0572 0.0420 0.9975
vn -0.0202 -0.0185 0.9996
vn -0.0518 -0.0015 0.9987
vn -0.0250 -0.0382 0.9990
vn -0.0260 -0.0031 0.9997
vn -0.0377 0.0355 0.9987
vn -0.0548 0.0131 0.9984
vn 0.0242 0.0854 0.9960
vn 0.0412 0.1046 0.9937
vn 0.0383 0.1283 0.9910
vn 0.0104 0.0517 0.9986
vn 0.0079 0.0061 0.9999
vn -0.0036 0.0500 0.9987
vn 0.2834 0.8076 0.5172
vn 0.0883 0.7535 0.6515
vn 0.1621 0.6747 0.7201
vn 0.2072 0.4885 0.8476
vn 0.2409 0.7160 0.6552
vn 0.0139 0.4872 0.8732
vn 0.0132 0.2876 0.9577
vn 0.0186 0.1627 0.9865
vn 0.1273 0.2002 0.9714
vn 0.0226 0.9551 -0.2953
vn 0.0638 0.9881 -0.1403
vn 0.0405 0.9548 -0.2944
vn -0.0077 0.9647 -0.2632
vn -0.0735 0.9948 0.0710
vn 0.2485 0.9678 0.0406
vn 0.1538 0.9803 -0.1240
vn 0.0283 0.9996 -0.0093
vn 0.0803 0.9798 -0.1831
vn 0.3335 0.7378 0.5869
vn 0.1465 0.7667 0.6251
vn 0.1033 0.5127 0.8523
vn 0.1664 0.9809 -0.1002
vn 0.1598 0.9759 0.1488
vn 0.1995 0.9799 0.0008
vn 0.0357 -0.0609 0.9975
vn 0.0004 -0.0388 0.9992
vn 0.0146 -0.0743 0.9971
vn -0.0694 -0.0279 0.9972
vn 0.0041 0.0015 1.0000
vn -0.0253 0.0484 0.9985
vn -0.1597 -0.2070 0.9652
vn -0.1192 -0.4368 0.8916
vn -0.0361 -0.1730 0.9843
vn -0.0854 -0.5359 0.8399
vn -0.0214 -0.4318 0.9017
vn -0.0573 -0.4079 0.9112
vn -0.0051 -0.8836 0.4682
vn 0.0285 -0.7034 0.7103
vn -0.1110 -0.7466 0.6559
vn -0.0003 0.0439 0.9990
vn 0.0230 0.0334 0.9992
vn 0.0195 0.0444 0.9988
vn -0.0073 -0.0174 0.9998
vn 0.0474 0.0049 0.9989
vn -0.0084 0.0347 0.9994
vn -0.0678 0.0092 0.9977
vn 0.0126 -0.0374 0.9992
vn -0.0107 0.0468 0.9988
vn 0.2427 0.7738 0.5851
vn -0.0286 0.7542 0.6560
vn 0.1063 0.4572 0.8830
vn 0.0991 0.3630 0.9265
vn 0.1570 0.6248 0.7648
vn -0.0148 0.3742 0.9272
vn -0.0062 0.2551 0.9669
vn 0.0137 0.1492 0.9887
vn 0.0463 0.2557 0.9656
vn 0.2735 0.9607 -0.0466
vn 0.0911 0.9924 0.0827
vn 0.3099 0.9391 0.1486
vn 0.2842 0.9412 -0.1830
vn 0.2939 0.9438 -0.1510
vn 0.2685 0.9541 -0.1330
vn 0.2822 0.6194 0.7326
vn 0.0878 0.7331 0.6745
vn 0.0921 0.5152 0.8521
vn 0.3331 0.9174 -0.2179
vn 0.1085 0.9938 0.0249
vn 0.4247 0.9038 0.0531
vn -0.0046 0.1126 0.9936
vn 0.0291 0.1413 0.9895
vn 0.0338 0.2036 0.9785
vn 0.0085 0.0425 0.9991
vn 0.0166 -0.0014 0.9999
vn 0.0305 0.0445 0.9985
vn 0.0074 0.0265 0.9996
vn 0.0187 0.0061 0.9998
vn 0.0142 0.0258 0.9996
vn -0.0384 -0.2277 0.9730
vn -0.0190 -0.4372 0.8992
vn 0.1163 -0.2142 0.9698
vn -0.0743 -0.4998 0.8630
vn 0.0536 -0.5465 0.8358
vn 0.0201 -0.4140 0.9100
vn -0.0198 -0.0841 0.9963
vn 0.0694 -0.0532 0.9962
vn -0.0160 0.0036 0.9999
vn -0.0538 -0.2586 0.9645
vn 0.0127 -0.5412 0.8408
vn 0.0832 -0.2523 0.9641
vn -0.0554 -0.5685 0.8208
vn 0.0645 -0.4717 0.8794
vn 0.0677 -0.2556 0.9644
vn 0.0296 -0.0240 0.9993
vn 0.0270 0.0063 0.9996
vn 0.0255 -0.0235 0.9994
vn 0.2578 0.6601 0.7056
vn 0.0687 0.5189 0.8521
vn 0.1333 0.4401 0.8880
vn 0.0978 0.3597 0.9279
vn 0.1323 0.4785 0.8681
vn 0.0082 0.2992 0.9542
vn 0.0190 0.2004 0.9795
vn 0.0303 0.1578 0.9870
vn 0.0563 0.1791 0.9822
vn 0.1178 0.9040 -0.4109
vn 0.1519 0.9725 -0.1766
vn 0.2231 0.9142 -0.3383
vn 0.0442 0.9335 -0.3559
vn 0.0195 0.9845 0.1746
vn 0.2300 0.9681 -0.0992
vn -0.0122 -0.9121 0.4097
vn 0.0388 -0.7841 0.6195
vn -0.0550 -0.7905 0.6099
vn -0.0948 -0.9874 -0.1271
vn -0.0528 -0.9937 -0.0993
vn -0.0121 -0.9996 0.0261
vn -0.0384 -0.9461 0.3215
vn 0.0525 -0.9500 0.3077
vn 0.0518 -0.8474 0.5285
vn -0.0664 -0.9862 -0.1517
vn 0.0175 -0.9974 0.0702
vn -0.0707 -0.9943 0.0797
vn -0.0513 -0.6320 0.7733
vn 0.1160 -0.6562 0.7456
vn 0.0358 -0.3799 0.9243
vn -0.0105 -0.9287 0.3706
vn 0.0882 -0.8371 0.5399
vn -0.0044 -0.8115 0.5843
vn -0.0694 -0.0564 0.9960
vn 0.0076 -0.1001 0.9950
vn -0.0108 -0.0147 0.9998
vn -0.1447 -0.2696 0.9520
vn -0.0390 -0.5713 0.8198
vn 0.0486 -0.2970 0.9536
vn 0.0262 -0.0149 0.9995
vn 0.0195 -0.0106 0.9998
vn 0.0200 -0.0264 0.9995
vn 0.0234 -0.0169 0.9996
vn 0.0230 -0.0061 0.9997
vn 0.0067 -0.0093 0.9999
vn 0.0196 -0.0637 0.9978
vn 0.0227 -0.0509 0.9984
vn 0.0122 -0.0535 0.9985
vn 0.0248 -0.0630 0.9977
vn 0.0337 -0.0520 0.9981
vn 0.0211 -0.0627 0.9978
vn 0.0182 -0.0618 0.9979
vn 0.0242 -0.0624 0.9978
vn 0.0279 -0.0502 0.9983
vn 0.1924 0.5602 0.8057
vn -0.0603 0.5449 0.8363
vn 0.0196 0.3304 0.9436
vn 0.0369 0.3102 0.9500
vn 0.0528 0.4932 0.8683
vn -0.0714 0.2894 0.9545
vn -0.0014 0.1930 0.9812
vn 0.0252 0.1232 0.9921
vn 0.0411 0.1911 0.9807
vn 0.0224 -0.0115 0.9997
vn 0.0399 -0.0091 0.9992
vn 0.0294 0.0105 0.9995
vn 0.0150 -0.0344 0.9993
vn 0.0158 -0.0482 0.9987
vn 0.0188 -0.0348 0.9992
vn 0.0235 -0.0627 0.9978
vn 0.0333 -0.0512 0.9981
vn 0.0193 -0.0536 0.9984
vn -0.0561 -0.6857 0.7258
vn 0.0531 -0.6410 0.7657
vn -0.0110 -0.3937 0.9192
vn 0.0678 -0.9504 0.3037
vn 0.0497 -0.8120 0.5815
vn -0.0753 -0.8530 0.5165
vn -0.0901 -0.9705 -0.2236
vn -0.0099 -0.9791 -0.2034
vn -0.0283 -0.9994 -0.0204
vn -0.1290 -0.7136 -0.6885
vn -0.0588 -0.7235 -0.6878
vn -0.0102 -0.8506 -0.5258
vn -0.0819 -0.7566 -0.6487
vn 0.0048 -0.9173 -0.3983
vn -0.1298 -0.8907 -0.4356
vn -0.1821 -0.7572 -0.6273
vn -0.0711 -0.9469 -0.3135
vn -0.2005 -0.9280 -0.3139
vn -0.1447 -0.7029 -0.6964
vn -0.0169 -0.7323 -0.6807
vn -0.1274 -0.8635 -0.4881
vn -0.1278 -0.4944 -0.8598
vn -0.0663 -0.2853 -0.9561
vn 0.0614 -0.4292 -0.9011
vn -0.1102 -0.5110 -0.8525
vn -0.0933 -0.3031 -0.9484
vn -0.0791 -0.5137 -0.8543
vn -0.1064 -0.6329 -0.7669
vn -0.0203 -0.7093 -0.7046
vn -0.0850 -0.8189 -0.5676
vn -0.1081 -0.4170 -0.9025
vn -0.0295 -0.3707 -0.9283
vn -0.0272 -0.5328 -0.8458
vn 0.0141 -0.0554 0.9984
vn 0.0124 -0.0537 0.9985
vn 0.0097 -0.0578 0.9983
vn -0.1370 -0.9901 0.0303
vn 0.0032 -0.9994 0.0343
vn -0.0419 -0.9275 0.3715
vn -0.0833 -0.9763 -0.1996
vn -0.0433 -0.9980 -0.0453
vn -0.0852 -0.9946 -0.0597
vn -0.0292 -0.2053 -0.9783
vn 0.0251 -0.2588 -0.9656
vn -0.0328 -0.3755 -0.9263
vn -0.0957 -0.6792 -0.7277
vn -0.0248 -0.6464 -0.7626
vn -0.0008 -0.8035 -0.5953
vn -0.0763 -0.4567 -0.8863
vn -0.0719 -0.3080 -0.9487
vn 0.0214 -0.4639 -0.8856
vn -0.0817 -0.2388 -0.9676
vn -0.0037 -0.2015 -0.9795
vn 0.0006 -0.3502 -0.9367
vn -0.0814 -0.9674 -0.2399
vn -0.0127 -0.9786 -0.2056
vn -0.0479 -0.9984 -0.0316
vn -0.0759 -0.7251 -0.6845
vn 0.0235 -0.8842 -0.4665
vn -0.1080 -0.8818 -0.4591
vn -0.1225 -0.5958 0.7938
vn 0.0223 -0.6927 0.7209
vn 0.0921 -0.4446 0.8910
vn -0.1467 -0.9472 0.2851
vn -0.0110 -0.8798 0.4753
vn -0.0845 -0.7901 0.6072
vn 0.0417 -0.0460 0.9981
vn 0.0699 -0.0578 0.9959
vn 0.0557 -0.0056 0.9984
vn -0.0415 -0.1526 0.9874
vn -0.0748 -0.4327 0.8984
vn 0.1405 -0.2119 0.9671
vn -0.0075 0.0010 1.0000
vn 0.0375 -0.0097 0.9993
vn 0.0339 0.0349 0.9988
vn 0.0255 -0.0486 0.9985
vn 0.0310 -0.0359 0.9989
vn 0.0145 -0.0421 0.9990
vn 0.0391 -0.0302 0.9988
vn 0.0152 -0.0378 0.9992
vn 0.0212 -0.0496 0.9985
vn 0.0312 0.0111 0.9995
vn 0.0337 0.0067 0.9994
vn 0.0348 0.0081 0.9994
vn -0.0186 -0.4974 0.8673
vn 0.0597 -0.4917 0.8687
vn -0.0043 -0.3424 0.9396
vn -0.0842 -0.9599 0.2673
vn -0.0127 -0.7760 0.6307
vn -0.1442 -0.8014 0.5805
vn 0.0121 -0.0597 0.9981
vn 0.0161 -0.0568 0.9983
vn 0.0145 -0.0561 0.9983
vn 0.0073 0.0499 0.9987
vn 0.0332 0.0662 0.9973
vn 0.0019 0.0875 0.9962
vn 0.0130 0.0612 0.9980
vn 0.0283 0.0511 0.9983
vn 0.0348 0.0842 0.9958
vn 0.0191 -0.0126 0.9997
vn 0.0345 0.0182 0.9992
vn 0.0195 0.0312 0.9993
vn 0.0132 -0.0561 0.9983
vn 0.0190 -0.0635 0.9978
vn 0.0322 -0.0477 0.9983
vn 0.0212 -0.0532 0.9984
vn 0.0327 -0.0378 0.9987
vn 0.0177 -0.0524 0.9985
vn -0.0019 -0.0469 0.9989
vn 0.0460 -0.0153 0.9988
vn 0.0161 0.0111 0.9998
vn -0.0116 -0.2496 0.9683
vn -0.0383 -0.4349 0.8997
vn 0.0348 -0.1747 0.9840
vn -0.0913 -0.9747 0.2041
vn -0.0134 -0.9772 0.2117
vn 0.0126 -0.8701 0.4928
vn -0.1147 -0.9766 -0.1819
vn -0.0406 -0.9698 -0.2404
vn -0.0288 -0.9985 -0.0470
vn -0.0872 -0.9864 -0.1394
vn -0.0286 -0.9979 0.0578
vn -0.1170 -0.9917 0.0533
vn -0.1334 -0.6900 -0.7114
vn -0.0031 -0.6784 -0.7347
vn -0.0351 -0.8418 -0.5387
vn -0.1441 -0.7873 -0.5995
vn -0.0110 -0.8942 -0.4475
vn -0.1186 -0.9078 -0.4023
vn -0.1329 -0.4932 -0.8597
vn -0.0611 -0.3042 -0.9506
vn 0.0127 -0.5129 -0.8583
vn -0.0278 -0.2491 -0.9681
vn -0.0020 -0.2981 -0.9545
vn 0.0087 -0.4433 -0.8963
vn -0.0322 -0.1191 -0.9924
vn -0.0085 -0.0815 -0.9966
vn -0.0094 -0.1226 -0.9924
vn -0.0514 -0.0754 -0.9958
vn 0.0260 -0.0304 -0.9992
vn 0.0188 -0.1440 -0.9894
vn -0.0626 -0.2147 -0.9747
vn 0.0185 -0.2740 -0.9615
vn -0.0432 -0.4108 -0.9107
vn -0.1197 -0.9537 -0.2760
vn -0.0470 -0.9744 -0.2199
vn -0.1112 -0.9879 -0.1080
vn -0.0546 -0.7731 -0.6320
vn -0.0498 -0.9154 -0.3994
vn -0.1395 -0.8719 -0.4694
vn 0.0074 -0.0395 0.9992
vn 0.0152 -0.0403 0.9991
vn 0.0151 -0.0371 0.9992
vn 0.0066 -0.0620 0.9981
vn 0.0130 -0.0636 0.9979
vn 0.0196 -0.0579 0.9981
vn 0.0069 0.0530 0.9986
vn 0.0262 0.0245 0.9994
vn 0.0320 0.0621 0.9976
vn -0.0067 -0.0000 1.0000
vn 0.0324 -0.0045 0.9995
vn 0.0148 0.0431 0.9990
vn -0.0096 -0.0186 0.9998
vn 0.0038 -0.0655 0.9978
vn 0.0220 -0.0516 0.9984
vn 0.0200 -0.0138 0.9997
vn 0.0207 -0.0269 0.9994
vn 0.0187 -0.0260 0.9995
vn 0.0019 -0.0267 0.9996
vn 0.0544 -0.0459 0.9975
vn 0.0302 0.0118 0.9995
vn 0.0116 0.0016 0.9999
vn 0.0065 -0.0252 0.9997
vn 0.0179 0.0090 0.9998
vn -0.0444 -0.2309 0.9720
vn -0.0441 -0.4140 0.9092
vn 0.0408 -0.1481 0.9881
vn 0.0225 -0.5375 0.8429
vn 0.1674 -0.5367 0.8270
vn 0.1073 -0.2374 0.9655
vn -0.0766 -0.9639 0.2550
vn 0.0877 -0.8434 0.5301
vn -0.0445 -0.8156 0.5769
vn -0.0566 -0.6994 -0.7125
vn 0.0528 -0.7207 -0.6912
vn -0.0432 -0.8503 -0.5245
vn -0.0557 -0.5315 -0.8453
vn -0.0190 -0.3394 -0.9405
vn 0.0758 -0.4508 -0.8894
vn -0.0657 -0.2333 -0.9702
vn 0.0126 -0.2156 -0.9764
vn 0.0539 -0.3655 -0.9292
vn -0.0157 0.0098 -0.9998
vn 0.0036 0.0098 -0.9999
vn -0.0075 -0.0376 -0.9993
vn -0.0281 -0.0748 -0.9968
vn -0.0250 -0.0107 -0.9996
vn 0.0066 -0.0657 -0.9978
vn -0.1250 -0.7276 -0.6745
vn -0.0063 -0.7078 -0.7064
vn 0.0140 -0.8415 -0.5400
vn -0.0804 -0.5611 -0.8238
vn -0.0899 -0.3433 -0.9349
vn -0.0078 -0.5488 -0.8359
vn -0.0843 -0.9716 -0.2213
vn -0.0573 -0.9618 -0.2676
vn -0.0279 -0.9901 -0.1378
vn -0.1133 -0.8108 -0.5743
vn 0.0079 -0.9315 -0.3637
vn -0.1411 -0.9339 -0.3285
vn -0.0252 -0.5514 0.8338
vn 0.0509 -0.4186 0.9067
vn -0.0095 -0.3632 0.9317
vn 0.0770 -0.9708 0.2274
vn 0.1160 -0.7967 0.5931
vn -0.1068 -0.8782 0.4661
vn -0.0205 -0.1108 0.9936
vn 0.0100 -0.0459 0.9989
vn -0.0170 -0.0286 0.9994
vn 0.0028 -0.3917 0.9201
vn 0.0218 -0.5339 0.8453
vn 0.0760 -0.2342 0.9692
vn -0.0173 -0.0022 0.9998
vn -0.0048 -0.0084 1.0000
vn -0.0048 -0.0142 0.9999
vn -0.0414 0.0995 0.9942
vn -0.0321 0.0505 0.9982
vn -0.0046 0.0875 0.9962
vn -0.0295 -0.0294 0.9991
vn -0.0140 -0.0417 0.9990
vn -0.0154 -0.0324 0.9994
vn -0.0197 -0.0305 0.9993
vn -0.0209 -0.0255 0.9995
vn -0.0147 -0.0328 0.9994
vn -0.1124 -0.7802 0.6154
vn 0.1869 -0.6656 0.7226
vn -0.0342 -0.5205 0.8532
vn -0.0335 -0.9977 -0.0583
vn 0.0878 -0.9959 -0.0218
vn 0.0693 -0.9453 0.3189
vn -0.0030 -0.9960 -0.0890
vn 0.1012 -0.9467 0.3057
vn -0.1713 -0.9603 0.2201
vn -0.0562 -0.9710 -0.2323
vn -0.0173 -0.9883 -0.1515
vn -0.0537 -0.9877 -0.1467
vn -0.1603 -0.7153 -0.6802
vn -0.0039 -0.7772 -0.6293
vn -0.0827 -0.8919 -0.4446
vn -0.2270 -0.7405 -0.6325
vn -0.0203 -0.7022 -0.7117
vn -0.0346 -0.8545 -0.5184
vn -0.1087 -0.9664 -0.2330
vn -0.0363 -0.9669 -0.2527
vn -0.0745 -0.9819 -0.1742
vn -0.1355 -0.8769 -0.4612
vn 0.0015 -0.9359 -0.3522
vn -0.1105 -0.9541 -0.2785
vn -0.1810 -0.9601 -0.2131
vn -0.0850 -0.9727 -0.2160
vn -0.0869 -0.9962 -0.0031
vn -0.1396 -0.9729 -0.1845
vn -0.1311 -0.9778 -0.1633
vn -0.1626 -0.9727 -0.1653
vn -0.2049 -0.7149 0.6685
vn 0.0428 -0.7971 0.6023
vn 0.0232 -0.6047 0.7961
vn -0.2081 -0.9666 -0.1496
vn 0.0032 -0.9935 0.1136
vn -0.2109 -0.9502 0.2294
vn -0.0162 -0.1009 0.9948
vn 0.0971 -0.1343 0.9862
vn 0.0566 -0.0503 0.9971
vn -0.1279 -0.3523 0.9271
vn -0.1179 -0.6251 0.7716
vn 0.0471 -0.3004 0.9526
vn -0.0680 -0.0019 0.9977
vn -0.0381 -0.0440 0.9983
vn -0.0323 -0.0010 0.9995
vn -0.0452 0.0495 0.9977
vn -0.0218 0.0506 0.9985
vn -0.0350 0.0877 0.9955
vn -0.0691 0.1743 0.9823
vn -0.0491 0.1076 0.9930
vn 0.0078 0.1436 0.9896
vn -0.0510 -0.0303 0.9982
vn -0.0322 -0.0288 0.9991
vn -0.0427 -0.0161 0.9990
vn -0.0535 -0.0876 0.9947
vn 0.0124 -0.1343 0.9909
vn 0.0461 0.0035 0.9989
vn -0.0065 0.0200 0.9998
vn -0.0063 0.0165 0.9998
vn 0.0118 0.0099 0.9999
vn -0.2320 -0.2416 0.9422
vn -0.2194 -0.4003 0.8897
vn -0.1724 -0.2747 0.9460
vn -0.4937 -0.6505 0.5771
vn -0.0939 -0.6780 0.7290
vn -0.2037 -0.4604 0.8640
vn -0.1207 -0.9809 -0.1522
vn -0.0872 -0.9702 0.2261
vn -0.3583 -0.9319 0.0560
vn -0.1863 -0.9617 -0.2010
vn -0.1728 -0.9654 -0.1955
vn -0.2069 -0.9592 -0.1928
vn -0.1514 -0.8626 -0.4827
vn -0.1530 -0.9559 -0.2508
vn -0.1763 -0.9493 -0.2601
vn -0.1419 -0.9561 -0.2564
vn -0.1252 -0.9618 -0.2434
vn -0.1819 -0.9817 -0.0572
vn -0.1807 -0.9627 -0.2013
vn -0.2277 -0.9408 -0.2509
vn -0.1700 -0.9547 -0.2440
vn -0.0384 -0.0045 0.9993
vn -0.0051 -0.0274 0.9996
vn -0.0217 0.0349 0.9992
vn -0.0804 -0.2258 0.9708
vn -0.0436 -0.0960 0.9944
vn -0.1022 -0.0894 0.9907
vn -0.0605 -0.4984 0.8648
vn 0.0182 -0.5337 0.8455
vn -0.0015 -0.3618 0.9323
vn -0.0287 -0.0174 0.9994
vn -0.0307 -0.0169 0.9994
vn -0.0271 -0.0223 0.9994
vn -0.0367 0.3109 0.9497
vn -0.0082 0.4546 0.8907
vn -0.0547 0.2745 0.9600
vn -0.0958 0.4936 0.8644
vn -0.1834 0.4145 0.8914
vn -0.1380 0.3761 0.9162
vn 0.0093 0.1560 0.9877
vn -0.0348 0.1364 0.9900
vn 0.0161 0.1244 0.9921
vn -0.0606 0.2659 0.9621
vn -0.0872 0.1460 0.9854
vn 0.0097 0.1810 0.9834
vn -0.1825 0.3986 0.8988
vn -0.2682 0.5202 0.8109
vn -0.2163 0.2787 0.9357
vn 0.0499 0.9759 -0.2125
vn -0.0190 0.9366 -0.3498
vn -0.1034 0.9803 -0.1681
vn 0.0217 0.9378 0.3465
vn -0.2295 0.6865 0.6899
vn -0.0850 0.5815 0.8091
vn 0.0146 0.3816 0.9242
vn -0.0611 0.2867 0.9561
vn 0.0329 0.2264 0.9735
vn -0.1106 0.9866 0.1202
vn -0.1956 0.6276 0.7536
vn -0.0030 0.6706 0.7418
vn 0.0776 0.3894 0.9178
vn 0.0049 0.5124 0.8587
vn -0.0045 0.2224 0.9749
vn 0.0537 0.4035 0.9134
vn -0.0138 0.3616 0.9322
vn -0.0057 0.2391 0.9710
vn 0.0066 0.1630 0.9866
vn 0.0181 0.1447 0.9893
vn 0.0334 0.1624 0.9862
vn 0.1902 0.8728 0.4496
vn -0.0164 0.9996 -0.0214
vn -0.0156 0.7391 0.6734
vn 0.0244 0.9448 -0.3267
vn 0.0183 0.9708 -0.2391
vn 0.0384 0.9586 -0.2822
vn 0.0776 0.9789 -0.1889
vn 0.0343 0.9875 -0.1537
vn 0.0564 0.9807 0.1870
vn 0.0183 0.1166 0.9930
vn 0.0424 0.1292 0.9907
vn 0.0241 0.1512 0.9882
vn 0.1701 0.6007 0.7812
vn 0.1102 0.9927 0.0492
vn -0.0175 0.9443 0.3285
vn 0.0283 0.4866 0.8731
vn -0.0014 0.2332 0.9724
vn 0.0444 0.2230 0.9738
vn -0.0726 0.9574 0.2794
vn -0.1090 0.9901 -0.0880
vn -0.1902 0.8891 0.4164
vn -0.0075 0.1855 0.9826
vn 0.0249 0.1492 0.9885
vn 0.0248 0.1689 0.9853
vn 0.0110 0.1224 0.9924
vn 0.0236 0.1470 0.9888
vn 0.0165 0.1528 0.9881
vn -0.0042 0.4971 0.8677
vn -0.1745 0.4374 0.8822
vn -0.0302 0.2381 0.9708
vn 0.0824 0.9669 0.2416
vn -0.1846 0.9612 -0.2050
vn -0.2412 0.8976 0.3691
vn -0.0997 0.9191 -0.3812
vn -0.0699 0.9763 0.2048
vn 0.1392 0.9727 -0.1857
vn -0.0428 0.9553 -0.2924
vn -0.0355 0.9075 -0.4186
vn -0.0292 0.9084 -0.4171
vn -0.0110 0.6580 0.7529
vn 0.2462 0.4877 0.8376
vn 0.2521 0.8418 0.4773
vn 0.1607 0.2073 0.9650
vn 0.0728 0.3972 0.9148
vn 0.0207 0.1704 0.9852
vn 0.0172 0.1642 0.9863
vn 0.0237 0.1593 0.9870
vn 0.0901 0.1910 0.9774
vn 0.0877 0.2139 0.9729
vn 0.0212 0.2301 0.9729
vn 0.0193 0.1716 0.9850
vn 0.1678 0.5094 0.8440
vn 0.0128 0.3784 0.9256
vn 0.0876 0.3614 0.9283
vn 0.2475 0.7163 0.6524
vn -0.0029 0.8470 0.5315
vn 0.0310 0.5153 0.8564
vn -0.1412 0.9611 -0.2373
vn 0.0524 0.9948 0.0879
vn -0.0429 0.8655 -0.4990
vn 0.1232 0.5872 0.8000
vn -0.0598 0.5094 0.8584
vn -0.0174 0.4238 0.9056
vn 0.0358 0.8868 -0.4607
vn -0.0196 0.9889 0.1474
vn 0.1944 0.9787 0.0665
vn -0.0117 0.1281 0.9917
vn 0.0335 0.1191 0.9923
vn 0.0244 0.1568 0.9873
vn 0.0260 0.9082 -0.4177
vn -0.0427 0.9867 -0.1566
vn 0.0341 0.9088 -0.4158
vn 0.0502 0.9331 -0.3560
vn -0.1070 0.9926 -0.0579
vn 0.1714 0.9468 0.2723
vn 0.0164 0.5599 0.8284
vn -0.1529 0.4933 0.8563
vn -0.0991 0.3382 0.9359
vn -0.0141 0.3407 0.9401
vn -0.0171 0.4991 0.8664
vn -0.1346 0.2805 0.9504
vn -0.0550 0.1160 0.9917
vn -0.0264 0.0912 0.9955
vn -0.0008 0.1653 0.9862
vn -0.1661 0.9828 -0.0801
vn -0.2664 0.8905 0.3689
vn -0.0439 0.9059 0.4213
vn -0.1270 0.9917 0.0221
vn -0.1797 0.9228 0.3407
vn -0.1275 0.9916 0.0222
vn -0.0569 0.0339 0.9978
vn -0.0452 0.0569 0.9974
vn -0.0455 0.0572 0.9973
vn -0.0546 -0.0115 0.9984
vn -0.0571 -0.0088 0.9983
vn -0.0517 0.0046 0.9987
vn -0.0189 -0.0100 0.9998
vn -0.0423 -0.0094 0.9991
vn -0.0268 -0.0270 0.9993
vn -0.0826 0.5792 0.8110
vn -0.1209 0.5498 0.8265
vn -0.0684 0.4591 0.8858
vn -0.1537 0.9816 0.1132
vn -0.1534 0.8206 0.5506
vn 0.0344 0.9278 0.3714
vn -0.0198 0.5985 0.8009
vn -0.1412 0.5404 0.8295
vn 0.0088 0.3473 0.9377
vn -0.1531 0.9735 0.1699
vn -0.1437 0.8260 0.5451
vn -0.0761 0.8498 0.5216
vn 0.0116 0.3071 0.9516
vn -0.0139 0.4836 0.8752
vn -0.0918 0.2202 0.9711
vn -0.0034 0.0626 0.9980
vn 0.0027 0.0544 0.9985
vn 0.0122 0.0750 0.9971
vn -0.0322 -0.0274 0.9991
vn -0.0396 -0.0190 0.9990
vn -0.0414 -0.0152 0.9990
vn -0.1313 0.9814 -0.1401
vn -0.1116 0.9932 0.0345
vn -0.0634 0.9913 -0.1154
vn -0.0154 0.7969 -0.6039
vn -0.1344 0.9170 -0.3757
vn -0.0209 0.9308 -0.3650
vn -0.1014 0.9785 0.1794
vn -0.1673 0.8695 0.4648
vn -0.1132 0.9760 0.1860
vn -0.0495 0.9943 -0.0940
vn -0.1330 0.9884 0.0727
vn -0.0830 0.9943 0.0674
vn 0.0246 0.5585 0.8292
vn -0.0811 0.5630 0.8225
vn -0.0957 0.3291 0.9394
vn 0.0189 0.9957 0.0904
vn -0.0452 0.8556 0.5157
vn 0.0624 0.8856 0.4603
vn 0.1566 0.2875 0.9449
vn 0.1404 0.5494 0.8237
vn -0.0289 0.3229 0.9460
vn -0.0051 0.0053 1.0000
vn 0.0491 0.0329 0.9983
vn 0.0564 0.0230 0.9981
vn -0.1199 0.1398 0.9829
vn -0.0377 -0.0382 0.9986
vn 0.0679 0.1163 0.9909
vn 0.0142 -0.0001 0.9999
vn 0.0406 -0.0251 0.9989
vn 0.0346 -0.0226 0.9991
vn -0.0514 0.0247 0.9984
vn -0.1283 -0.0502 0.9905
vn 0.0261 -0.0394 0.9989
vn -0.0071 -0.0020 1.0000
vn 0.0660 -0.0423 0.9969
vn 0.0509 -0.0366 0.9980
vn -0.1208 0.0109 0.9926
vn -0.0782 -0.0684 0.9946
vn 0.0322 -0.0200 0.9993
vn -0.0253 -0.0359 0.9990
vn 0.0158 -0.0259 0.9995
vn -0.0385 -0.0193 0.9991
vn -0.0900 0.0444 0.9950
vn -0.1563 -0.0426 0.9868
vn 0.0327 -0.0482 0.9983
vn -0.4238 0.0572 0.9040
vn -0.6624 -0.0021 0.7491
vn -0.3552 -0.0381 0.9340
vn -0.3758 0.0430 0.9257
vn -0.6367 0.0914 0.7657
vn -0.4515 -0.0471 0.8910
vn -0.3646 0.0705 0.9285
vn -0.6762 0.0478 0.7351
vn -0.3711 -0.0696 0.9260
vn -0.7794 0.0540 0.6242
vn -0.7419 -0.0888 0.6646
vn -0.4811 -0.0466 0.8754
vn -0.6891 -0.0092 0.7246
vn -0.6692 -0.0583 0.7408
vn -0.4253 -0.0370 0.9043
vn -0.2967 0.1666 0.9403
vn -0.6480 0.0607 0.7593
vn -0.3230 -0.0667 0.9440
vn -0.6676 0.0544 0.7425
vn -0.6598 -0.0644 0.7487
vn -0.4610 -0.0807 0.8837
vn -0.0283 0.7850 0.6189
vn -0.4413 0.7307 0.5209
vn -0.2260 0.4806 0.8473
vn -0.7068 0.5650 0.4257
vn -0.8081 0.1930 0.5566
vn -0.4249 0.3696 0.8263
vn 0.0039 0.9985 0.0541
vn -0.2180 0.9460 0.2398
vn 0.0005 0.8823 0.4706
vn -0.0758 0.6989 -0.7112
vn -0.1114 0.8515 -0.5124
vn 0.0218 0.7718 -0.6355
vn 0.0993 0.3775 -0.9207
vn -0.0679 0.3522 -0.9335
vn -0.0596 0.5621 -0.8249
vn 0.0545 0.5704 -0.8196
vn 0.0068 0.4368 -0.8995
vn -0.0339 0.5887 -0.8077
vn -0.0208 0.2006 -0.9794
vn -0.1420 0.1649 -0.9760
vn -0.0758 0.3631 -0.9287
vn -0.1045 0.7324 -0.6728
vn -0.0388 0.8041 -0.5932
vn -0.0173 0.6931 -0.7206
vn 0.0154 0.4156 -0.9094
vn -0.0388 0.3248 -0.9450
vn -0.0259 0.4659 -0.8845
vn -0.1105 0.9794 -0.1693
vn -0.1101 0.9935 -0.0296
vn -0.0199 0.9880 -0.1530
vn 0.0881 0.7337 -0.6738
vn -0.1514 0.8898 -0.4305
vn 0.0565 0.9154 -0.3985
vn -0.3298 0.9091 -0.2545
vn -0.3321 0.9227 0.1959
vn -0.0065 0.9991 -0.0430
vn 0.0172 0.9875 -0.1569
vn -0.0878 0.9925 -0.0845
vn -0.0378 0.9974 -0.0606
vn -0.8937 0.2092 0.3969
vn -0.8383 0.4752 0.2671
vn -0.9638 0.2507 0.0903
vn -0.7459 0.6503 0.1436
vn -0.7887 0.6005 -0.1319
vn -0.9008 0.4333 0.0292
vn -0.9252 0.1104 0.3630
vn -0.9926 -0.0087 0.1210
vn -0.8769 -0.0387 0.4792
vn -0.9966 0.0826 -0.0023
vn -0.9981 0.0083 0.0602
vn -0.9575 0.0797 0.2771
vn -0.8835 0.0087 0.4684
vn -0.9893 -0.0030 0.1459
vn -0.8850 -0.1049 0.4536
vn -0.9316 0.0275 0.3624
vn -0.9846 -0.0041 0.1746
vn -0.9270 -0.0501 0.3716
vn -0.9898 0.0033 0.1423
vn -0.9897 -0.0161 0.1425
vn -0.9443 -0.0542 0.3247
vn -0.8301 0.1110 0.5465
vn -0.7908 -0.0618 0.6089
vn -0.5370 -0.0064 0.8435
vn -0.1257 0.0350 0.9915
vn -0.0617 -0.0643 0.9960
vn 0.0477 -0.0092 0.9988
vn -0.4139 0.0729 0.9074
vn -0.7062 0.0158 0.7079
vn -0.3550 -0.0846 0.9310
vn 0.0139 -0.0322 0.9994
vn 0.0488 0.0099 0.9988
vn -0.0557 -0.0171 0.9983
vn -0.0185 0.0405 0.9990
vn 0.0930 0.0122 0.9956
vn 0.0949 -0.0127 0.9954
vn 0.0611 0.0427 0.9972
vn 0.0240 0.0763 0.9968
vn -0.0672 0.0331 0.9972
vn -0.0102 0.0379 0.9992
vn 0.1396 0.0459 0.9891
vn 0.1304 0.0593 0.9897
vn -0.0683 0.0472 0.9966
vn -0.0387 -0.0141 0.9992
vn 0.1319 0.0438 0.9903
vn -0.7850 0.0565 0.6169
vn -0.7680 -0.0809 0.6353
vn -0.4663 -0.0653 0.8822
vn -0.4486 0.0899 0.8892
vn -0.7277 0.0401 0.6847
vn -0.4000 -0.0506 0.9151
vn -0.1178 -0.0814 0.9897
vn -0.0600 -0.1788 0.9821
vn 0.0622 -0.0688 0.9957
vn -0.7858 0.0432 0.6170
vn -0.7292 -0.1506 0.6675
vn -0.4696 -0.0455 0.8817
vn -0.6238 -0.2451 0.7422
vn -0.1853 -0.3541 0.9167
vn -0.3201 -0.0735 0.9445
vn 0.0051 0.0161 0.9999
vn 0.0059 0.0120 0.9999
vn -0.0088 0.0341 0.9994
vn -0.0470 -0.0583 0.9972
vn -0.0237 -0.1052 0.9942
vn -0.0080 -0.0359 0.9993
vn -0.1575 -0.2692 0.9501
vn 0.0243 -0.1878 0.9819
vn -0.0288 -0.1170 0.9927
vn -0.0136 0.0135 0.9998
vn -0.0222 0.0296 0.9993
vn -0.0253 0.0041 0.9997
vn -0.1006 -0.2847 0.9533
vn 0.0054 -0.3239 0.9461
vn -0.0266 -0.1438 0.9892
vn -0.3657 -0.9155 0.1675
vn 0.0798 -0.9128 0.4005
vn -0.2910 -0.6981 0.6542
vn -0.2112 -0.9768 -0.0351
vn -0.3488 -0.9367 -0.0297
vn -0.2730 -0.9487 -0.1598
vn -0.9937 0.0202 0.1099
vn -0.9991 0.0307 0.0308
vn -0.9937 0.0047 0.1122
vn -0.9986 0.0460 0.0269
vn -0.9996 -0.0073 0.0270
vn -0.9908 0.0120 0.1346
vn -0.9983 0.0445 -0.0372
vn -0.9998 0.0046 -0.0219
vn -0.9983 0.0239 0.0540
vn -0.9989 0.0399 0.0239
vn -0.9985 0.0278 -0.0472
vn -0.9990 0.0120 0.0428
vn -0.9285 0.3503 0.1234
vn -0.8561 0.5168 0.0006
vn -0.9417 0.3329 -0.0480
vn -0.9812 0.1213 -0.1502
vn -0.9962 0.0222 -0.0840
vn -0.9905 0.1362 0.0211
vn -0.3219 0.8324 -0.4511
vn -0.2734 0.9613 -0.0345
vn 0.0617 0.9641 -0.2583
vn -0.6720 0.7375 -0.0672
vn -0.6539 0.6959 -0.2968
vn -0.8404 0.5313 -0.1071
vn -0.8988 0.4370 -0.0361
vn -0.7103 0.6629 -0.2367
vn -0.8406 0.3938 -0.3720
vn -0.9787 0.0662 -0.1944
vn -0.9371 0.0306 -0.3477
vn -0.9847 -0.0056 -0.1744
vn -0.8850 0.1616 -0.4367
vn -0.9355 0.0035 -0.3533
vn -0.9730 0.1637 -0.1629
vn -0.9094 0.0525 -0.4125
vn -0.8922 -0.0142 -0.4514
vn -0.9618 -0.0138 -0.2736
vn -0.9768 0.0800 -0.1989
vn -0.9163 0.0650 -0.3951
vn -0.9862 0.0102 -0.1652
vn -0.8837 0.0432 -0.4660
vn -0.9088 -0.0235 -0.4167
vn -0.9644 0.0276 -0.2628
vn -0.9860 0.0805 -0.1461
vn -0.9195 0.0802 -0.3848
vn -0.9894 0.0062 -0.1450
vn -0.8945 0.0865 -0.4386
vn -0.9075 -0.0036 -0.4201
vn -0.9782 0.0224 -0.2065
vn -0.4249 -0.0491 -0.9039
vn -0.7021 -0.0105 -0.7120
vn -0.4046 0.0080 -0.9145
vn -0.7577 -0.0476 -0.6508
vn -0.7203 0.0669 -0.6904
vn -0.4803 0.0242 -0.8768
vn -0.7691 -0.0379 -0.6380
vn -0.7469 0.0975 -0.6578
vn -0.5008 0.0525 -0.8640
vn -0.3797 -0.0645 -0.9229
vn -0.6556 -0.0265 -0.7546
vn -0.2949 0.0392 -0.9547
vn -0.7475 -0.0751 -0.6600
vn -0.7640 0.0566 -0.6428
vn -0.3807 0.1018 -0.9191
vn -0.4941 -0.1230 -0.8606
vn -0.7587 -0.1102 -0.6421
vn -0.5124 0.0082 -0.8587
vn -0.8659 -0.0736 -0.4948
vn -0.8177 0.1410 -0.5581
vn -0.6048 0.0098 -0.7963
vn -0.3842 0.8357 -0.3925
vn -0.2065 0.5055 -0.8378
vn -0.6868 0.4515 -0.5696
vn -0.4118 0.0511 -0.9099
vn -0.6561 0.3018 -0.6917
vn -0.1973 0.3041 -0.9320
vn 0.0755 0.7449 -0.6629
vn -0.0965 0.8135 -0.5735
vn 0.1050 0.8386 -0.5346
vn -0.0830 0.5201 -0.8501
vn -0.0670 0.7619 -0.6442
vn 0.1204 0.5384 -0.8341
vn 0.2032 0.3056 -0.9302
vn 0.1278 0.2046 -0.9705
vn 0.0677 0.3138 -0.9471
vn 0.0352 0.0699 -0.9969
vn -0.1949 0.0570 -0.9792
vn -0.0168 0.2329 -0.9723
vn -0.2128 0.0210 -0.9769
vn 0.0118 0.0354 -0.9993
vn -0.1161 -0.1927 -0.9744
vn -0.1220 -0.0196 -0.9923
vn 0.0392 0.0775 -0.9962
vn 0.0605 0.0124 -0.9981
vn -0.1264 0.0310 -0.9915
vn 0.0231 0.0053 -0.9997
vn -0.1490 -0.0180 -0.9887
vn 0.0181 0.0496 -0.9986
vn 0.0956 0.0089 -0.9954
vn 0.0126 -0.0579 -0.9982
vn 0.0622 0.1641 -0.9845
vn 0.0266 0.1958 -0.9803
vn 0.0606 0.2380 -0.9694
vn -0.0427 0.6555 -0.7540
vn -0.0901 0.8240 -0.5594
vn 0.1502 0.6533 -0.7421
vn 0.1091 0.3794 -0.9188
vn 0.0509 0.2848 -0.9572
vn 0.0585 0.4135 -0.9086
vn 0.0175 0.1674 -0.9857
vn -0.0202 0.2195 -0.9754
vn 0.0145 0.2802 -0.9598
vn -0.0742 -0.2146 -0.9739
vn -0.0311 -0.1931 -0.9807
vn 0.0200 -0.3255 -0.9453
vn -0.1364 -0.3301 -0.9340
vn -0.0740 -0.2168 -0.9734
vn 0.0324 -0.3466 -0.9374
vn -0.0446 -0.1359 -0.9897
vn -0.0175 -0.1312 -0.9912
vn -0.0336 -0.1918 -0.9809
vn -0.2367 -0.6639 -0.7094
vn 0.0304 -0.7169 -0.6965
vn -0.1175 -0.9429 -0.3117
vn -0.1721 -0.8145 -0.5540
vn -0.0777 -0.9875 -0.1371
vn -0.1403 -0.9766 -0.1632
vn -0.0353 -0.1205 -0.9921
vn 0.0065 -0.1470 -0.9891
vn -0.0353 -0.1700 -0.9848
vn -0.2820 -0.7621 -0.5829
vn -0.0475 -0.8427 -0.5364
vn -0.1392 -0.9870 -0.0799
vn -0.2106 -0.2772 -0.9375
vn -0.0125 -0.1668 -0.9859
vn -0.0322 -0.4162 -0.9087
vn -0.0915 -0.9927 -0.0786
vn -0.0246 -0.9993 -0.0271
vn -0.0631 -0.9950 0.0780
vn -0.0561 -0.9925 0.1084
vn -0.0041 -0.9941 0.1086
vn 0.0086 -0.9800 0.1987
vn -0.0950 -0.8560 -0.5082
vn 0.3214 -0.9465 -0.0273
vn -0.1009 -0.9941 0.0407
vn -0.0320 -0.9965 0.0778
vn 0.0088 -0.9775 0.2109
vn -0.0614 -0.9792 0.1933
vn -0.0427 -0.3780 -0.9248
vn 0.0594 -0.1646 -0.9846
vn 0.2211 -0.4724 -0.8532
vn -0.0681 -0.9305 0.3598
vn 0.0464 -0.9376 0.3446
vn 0.0062 -0.8234 0.5674
vn -0.0336 -0.8622 0.5054
vn 0.0684 -0.7961 0.6013
vn -0.0524 -0.7434 0.6668
vn -0.0245 -0.4261 -0.9043
vn 0.2381 -0.2742 -0.9317
vn 0.2954 -0.5040 -0.8116
vn 0.0587 -0.1373 -0.9888
vn 0.1336 -0.2175 -0.9669
vn 0.1014 -0.2534 -0.9620
vn 0.1684 -0.4691 -0.8670
vn 0.1960 -0.4266 -0.8829
vn 0.2603 -0.5075 -0.8214
s 0
f 1//1 1551//1 390//1
f 392//2 391//2 2//2
f 390//3 392//3 3//3
f 394//4 393//4 4//4
f 2//5 1552//5 394//5
f 393//6 391//6 1//6
f 5//7 1553//7 395//7
f 397//8 396//8 1//8
f 395//9 397//9 6//9
f 390//10 397//10 1//10
f 3//11 1554//11 390//11
f 397//12 398//12 6//12
f 399//13 393//13 1//13
f 7//14 1555//14 399//14
f 393//15 400//15 4//15
f 399//16 401//16 7//16
f 1//17 1556//17 399//17
f 401//18 396//18 5//18
f 4//19 1557//19 394//19
f 403//20 402//20 8//20
f 394//21 403//21 2//21
f 392//22 404//22 3//22
f 405//23 392//23 2//23
f 9//24 1558//24 405//24
f 407//25 406//25 10//25
f 3//26 1559//26 407//26
f 9//27 1559//27 404//27
f 409//28 408//28 11//28
f 407//29 409//29 3//29
f 10//30 1560//30 407//30
f 11//31 1561//31 409//31
f 6//32 1561//32 410//32
f 409//33 398//33 3//33
f 12//34 1562//34 411//34
f 413//35 412//35 13//35
f 411//36 413//36 6//36
f 414//37 410//37 11//37
f 411//38 414//38 12//38
f 6//39 1563//39 411//39
f 413//40 415//40 6//40
f 13//41 1564//41 413//41
f 415//42 416//42 14//42
f 395//43 417//43 5//43
f 415//44 395//44 6//44
f 14//45 1565//45 415//45
f 14//46 1566//46 417//46
f 419//47 418//47 15//47
f 5//48 1566//48 419//48
f 15//49 1567//49 419//49
f 401//50 420//50 7//50
f 419//51 401//51 5//51
f 422//52 421//52 16//52
f 7//53 1568//53 422//53
f 15//54 1568//54 420//54
f 424//55 423//55 17//55
f 422//56 424//56 7//56
f 16//57 1569//57 422//57
f 424//58 400//58 7//58
f 425//59 424//59 17//59
f 4//60 1570//60 425//60
f 18//61 1571//61 426//61
f 8//62 1571//62 427//62
f 426//63 402//63 4//63
f 4//64 1572//64 426//64
f 17//65 1572//65 425//65
f 426//66 428//66 18//66
f 8//67 1573//67 429//67
f 431//68 430//68 19//68
f 429//69 431//69 20//69
f 429//70 403//70 8//70
f 432//71 429//71 20//71
f 2//72 1574//72 432//72
f 10//73 1575//73 433//73
f 434//74 406//74 9//74
f 21//75 1575//75 434//75
f 22//76 1576//76 435//76
f 437//77 436//77 10//77
f 23//78 1576//78 437//78
f 10//79 1577//79 437//79
f 21//80 1577//80 433//80
f 23//81 1577//81 438//81
f 11//82 1578//82 439//82
f 436//83 408//83 10//83
f 22//84 1578//84 436//84
f 414//85 440//85 12//85
f 439//86 414//86 11//86
f 22//87 1579//87 439//87
f 442//88 441//88 24//88
f 13//89 1580//89 442//89
f 441//90 412//90 12//90
f 444//91 443//91 25//91
f 441//92 444//92 24//92
f 12//93 1581//93 441//93
f 25//94 1582//94 445//94
f 446//95 443//95 12//95
f 26//96 1582//96 446//96
f 13//97 1583//97 447//97
f 448//98 442//98 24//98
f 447//99 448//99 27//99
f 14//100 1584//100 449//100
f 13//101 1584//101 416//101
f 449//102 447//102 27//102
f 27//103 1585//103 449//103
f 451//104 450//104 28//104
f 14//105 1585//105 451//105
f 28//106 1586//106 451//106
f 15//107 1586//107 452//107
f 451//108 418//108 14//108
f 454//109 453//109 29//109
f 15//110 1587//110 454//110
f 28//111 1587//111 452//111
f 16//112 1588//112 455//112
f 454//113 421//113 15//113
f 29//114 1588//114 454//114
f 457//115 456//115 30//115
f 16//116 1589//116 457//116
f 29//117 1589//117 455//117
f 458//118 457//118 30//118
f 17//119 1590//119 458//119
f 457//120 423//120 16//120
f 31//121 1591//121 459//121
f 458//122 460//122 17//122
f 30//123 1591//123 458//123
f 460//124 428//124 17//124
f 31//125 1592//125 460//125
f 18//126 1592//126 461//126
f 32//127 1593//127 462//127
f 19//128 1593//128 463//128
f 462//129 430//129 8//129
f 18//130 1594//130 427//130
f 462//131 464//131 32//131
f 427//132 462//132 8//132
f 21//133 1595//133 465//133
f 466//134 434//134 9//134
f 33//135 1595//135 466//135
f 23//136 1596//136 467//136
f 21//137 1596//137 438//137
f 467//138 468//138 34//138
f 21//139 1597//139 468//139
f 469//140 465//140 33//140
f 34//141 1597//141 469//141
f 23//142 1598//142 470//142
f 471//143 467//143 34//143
f 26//144 1598//144 471//144
f 26//145 1599//145 470//145
f 22//146 1599//146 472//146
f 23//147 1599//147 435//147
f 12//148 1600//148 446//148
f 22//149 1600//149 440//149
f 446//150 472//150 26//150
f 35//151 1601//151 473//151
f 444//152 474//152 24//152
f 25//153 1601//153 444//153
f 36//154 1602//154 475//154
f 477//155 476//155 37//155
f 475//156 477//156 24//156
f 35//157 1603//157 474//157
f 36//158 1603//158 478//158
f 474//159 475//159 24//159
f 477//160 479//160 24//160
f 37//161 1604//161 477//161
f 479//162 480//162 38//162
f 27//163 1605//163 481//163
f 479//164 448//164 24//164
f 481//165 479//165 38//165
f 38//166 1606//166 481//166
f 483//167 482//167 39//167
f 481//168 483//168 27//168
f 39//169 1607//169 483//169
f 28//170 1607//170 484//170
f 483//171 450//171 27//171
f 486//172 485//172 40//172
f 28//173 1608//173 486//173
f 39//174 1608//174 484//174
f 453//175 487//175 29//175
f 486//176 453//176 28//176
f 40//177 1609//177 486//177
f 489//178 488//178 41//178
f 29//179 1610//179 489//179
f 488//180 487//180 40//180
f 491//181 490//181 42//181
f 29//182 1611//182 491//182
f 41//183 1611//183 489//183
f 493//184 492//184 43//184
f 491//185 493//185 29//185
f 42//186 1612//186 491//186
f 494//187 493//187 43//187
f 30//188 1613//188 494//188
f 493//189 456//189 29//189
f 496//190 495//190 44//190
f 459//191 496//191 31//191
f 30//192 1614//192 459//192
f 31//193 1615//193 461//193
f 497//194 496//194 44//194
f 18//195 1615//195 497//195
f 45//196 1616//196 498//196
f 32//197 1616//197 499//197
f 498//198 464//198 18//198
f 497//199 498//199 18//199
f 44//200 1617//200 497//200
f 498//201 500//201 45//201
f 405//202 501//202 9//202
f 502//203 405//203 2//203
f 46//204 1618//204 502//204
f 9//205 1619//205 466//205
f 503//206 501//206 46//206
f 466//207 503//207 33//207
f 33//208 1620//208 504//208
f 505//209 503//209 46//209
f 47//210 1620//210 505//210
f 34//211 1621//211 506//211
f 33//212 1621//212 469//212
f 506//213 507//213 48//213
f 33//214 1622//214 507//214
f 508//215 504//215 47//215
f 48//216 1622//216 508//216
f 506//217 509//217 34//217
f 510//218 506//218 48//218
f 49//219 1623//219 510//219
f 34//220 1624//220 471//220
f 511//221 509//221 49//221
f 471//222 511//222 26//222
f 25//223 1625//223 512//223
f 26//224 1625//224 445//224
f 512//225 511//225 49//225
f 514//226 513//226 49//226
f 50//227 1626//227 514//227
f 513//228 515//228 51//228
f 48//229 1627//229 510//229
f 514//230 516//230 50//230
f 510//231 514//231 49//231
f 517//232 516//232 48//232
f 518//233 517//233 52//233
f 50//234 1628//234 518//234
f 508//235 517//235 48//235
f 47//236 1629//236 508//236
f 517//237 519//237 52//237
f 47//238 1630//238 520//238
f 521//239 505//239 46//239
f 520//240 521//240 53//240
f 47//241 1631//241 519//241
f 522//242 520//242 53//242
f 52//243 1631//243 522//243
f 432//244 502//244 2//244
f 523//245 432//245 20//245
f 502//204 523//204 46//204
f 32//246 1633//246 463//246
f 525//247 524//247 55//247
f 19//248 1633//248 525//248
f 56//249 1634//249 526//249
f 528//250 527//250 55//250
f 57//251 1634//251 528//251
f 58//252 1635//252 529//252
f 527//253 530//253 55//253
f 529//254 527//254 56//254
f 59//255 1636//255 531//255
f 57//256 1636//256 532//256
f 531//257 528//257 55//257
f 531//258 533//258 59//258
f 55//259 1637//259 531//259
f 533//260 524//260 32//260
f 58//261 1638//261 530//261
f 535//262 534//262 60//262
f 530//263 535//263 55//263
f 55//264 1639//264 525//264
f 536//265 535//265 60//265
f 525//266 536//266 19//266
f 536//267 537//267 19//267
f 538//268 536//268 60//268
f 54//269 1640//269 538//269
f 46//270 1641//270 521//270
f 539//271 523//271 20//271
f 521//272 539//272 53//272
f 541//273 540//273 20//273
f 61//274 1642//274 541//274
f 62//275 1642//275 542//275
f 540//276 539//276 20//276
f 543//277 540//277 62//277
f 53//278 1643//278 543//278
f 20//279 1644//279 541//279
f 545//280 544//280 63//280
f 541//281 545//281 61//281
f 64//282 1645//282 546//282
f 60//283 1645//283 547//283
f 546//284 548//284 65//284
f 65//285 1646//285 549//285
f 534//286 548//286 60//286
f 549//287 534//287 58//287
f 58//288 1647//288 549//288
f 551//289 550//289 66//289
f 549//290 551//290 65//290
f 56//291 1648//291 529//291
f 66//292 1648//292 552//292
f 529//293 550//293 58//293
f 553//294 551//294 66//294
f 67//295 1649//295 553//295
f 65//296 1649//296 554//296
f 65//297 1650//297 546//297
f 67//298 1650//298 554//298
f 546//299 555//299 64//299
f 556//300 555//300 67//300
f 68//301 1651//301 556//301
f 64//302 1651//302 557//302
f 559//303 558//303 69//303
f 547//304 559//304 60//304
f 64//305 1652//305 547//305
f 60//306 1653//306 538//306
f 560//307 559//307 69//307
f 538//308 560//308 54//308
f 19//309 1654//309 431//309
f 54//310 1654//310 537//310
f 431//311 561//311 20//311
f 561//312 544//312 20//312
f 562//313 561//313 54//313
f 63//314 1655//314 562//314
f 543//315 563//315 53//315
f 564//316 543//316 62//316
f 70//317 1656//317 564//317
f 522//318 565//318 52//318
f 566//319 522//319 53//319
f 71//320 1657//320 566//320
f 563//321 566//321 53//321
f 567//322 563//322 70//322
f 71//323 1658//323 567//323
f 567//324 568//324 71//324
f 569//325 567//325 70//325
f 72//326 1659//326 569//326
f 54//327 1660//327 562//327
f 73//328 1660//328 570//328
f 562//329 571//329 63//329
f 69//330 1661//330 560//330
f 73//331 1661//331 572//331
f 560//332 570//332 54//332
f 68//333 1662//333 557//333
f 558//334 573//334 69//334
f 64//335 1662//335 558//335
f 556//336 574//336 68//336
f 575//337 556//337 67//337
f 74//338 1663//338 575//338
f 575//339 576//339 74//339
f 67//340 1664//340 575//340
f 75//341 1664//341 577//341
f 578//342 576//342 75//342
f 76//343 1665//343 578//343
f 74//344 1665//344 579//344
f 63//345 1666//345 580//345
f 73//346 1666//346 571//346
f 580//347 581//347 77//347
f 78//348 1667//348 582//348
f 69//349 1667//349 583//349
f 582//350 573//350 68//350
f 582//351 584//351 78//351
f 68//352 1668//352 582//352
f 74//353 1668//353 574//353
f 76//354 1669//354 585//354
f 587//355 586//355 79//355
f 585//356 587//356 80//356
f 585//357 588//357 76//357
f 80//358 1670//358 585//358
f 588//359 589//359 81//359
f 74//360 1671//360 590//360
f 76//361 1671//361 579//361
f 590//362 588//362 81//362
f 590//363 591//363 74//363
f 81//364 1672//364 590//364
f 591//365 592//365 82//365
f 82//366 1673//366 591//366
f 78//367 1673//367 593//367
f 591//368 584//368 74//368
f 73//369 1674//369 594//369
f 69//370 1674//370 572//370
f 594//371 595//371 83//371
f 594//372 581//372 73//372
f 83//373 1675//373 594//373
f 77//374 1675//374 596//374
f 63//375 1676//375 545//375
f 597//376 580//376 77//376
f 61//377 1676//377 597//377
f 62//378 1677//378 598//378
f 61//379 1677//379 542//379
f 598//380 599//380 84//380
f 601//381 600//381 85//381
f 583//382 601//382 69//382
f 78//383 1678//383 583//383
f 81//384 1679//384 602//384
f 603//385 589//385 80//385
f 86//386 1679//386 603//386
f 604//387 603//387 80//387
f 87//388 1680//388 604//388
f 603//389 605//389 86//389
f 607//390 606//390 88//390
f 608//391 607//391 86//391
f 89//392 1681//392 608//392
f 81//393 1682//393 609//393
f 86//394 1682//394 602//394
f 609//395 607//395 88//395
f 86//396 1683//396 608//396
f 610//397 605//397 87//397
f 608//398 610//398 89//398
f 609//399 611//399 81//399
f 88//400 1684//400 609//400
f 611//401 612//401 90//401
f 82//402 1685//402 613//402
f 611//403 592//403 81//403
f 613//404 611//404 90//404
f 615//405 614//405 91//405
f 78//406 1686//406 615//406
f 82//407 1686//407 593//407
f 615//408 600//408 78//408
f 91//409 1687//409 615//409
f 85//410 1687//410 616//410
f 618//411 617//411 92//411
f 601//412 618//412 69//412
f 85//413 1688//413 601//413
f 618//414 595//414 69//414
f 92//415 1689//415 618//415
f 83//416 1689//416 619//416
f 61//417 1690//417 620//417
f 77//418 1690//418 597//418
f 620//419 621//419 93//419
f 620//420 599//420 61//420
f 622//421 620//421 93//421
f 84//422 1691//422 622//422
f 623//423 621//423 77//423
f 94//424 1692//424 623//424
f 621//425 624//425 93//425
f 625//426 596//426 83//426
f 626//427 625//427 95//427
f 77//428 1693//428 626//428
f 83//429 1694//429 625//429
f 92//430 1694//430 619//430
f 625//431 627//431 95//431
f 96//432 1695//432 628//432
f 92//433 1695//433 629//433
f 628//434 617//434 85//434
f 630//435 628//435 85//435
f 97//436 1696//436 630//436
f 628//437 631//437 96//437
f 632//438 616//438 91//438
f 97//439 1697//439 632//439
f 616//440 630//440 85//440
f 632//441 633//441 97//441
f 634//442 632//442 91//442
f 98//443 1698//443 634//443
f 634//444 635//444 98//444
f 91//445 1699//445 634//445
f 635//446 614//446 82//446
f 613//447 635//447 82//447
f 90//448 1700//448 613//448
f 635//449 636//449 98//449
f 90//450 1701//450 637//450
f 638//451 612//451 88//451
f 637//452 638//452 99//452
f 640//453 639//453 100//453
f 97//454 1702//454 640//454
f 639//455 633//455 98//455
f 97//456 1703//456 631//456
f 100//457 1703//457 640//457
f 631//458 641//458 96//458
f 643//459 642//459 101//459
f 92//460 1704//460 643//460
f 96//461 1704//461 629//461
f 643//462 627//462 92//462
f 644//463 643//463 101//463
f 95//464 1705//464 644//464
f 77//465 1706//465 623//465
f 95//466 1706//466 626//466
f 623//467 645//467 94//467
f 646//468 624//468 94//468
f 103//469 1707//469 646//469
f 624//470 647//470 93//470
f 104//471 1708//471 648//471
f 642//472 649//472 101//472
f 648//473 642//473 96//473
f 96//474 1709//474 648//474
f 105//475 1709//475 650//475
f 648//476 651//476 104//476
f 100//477 1710//477 641//477
f 105//478 1710//478 652//478
f 641//479 650//479 96//479
f 652//480 653//480 105//480
f 100//481 1711//481 652//481
f 106//482 1711//482 654//482
f 106//483 1712//483 655//483
f 100//484 1712//484 654//484
f 655//485 639//485 98//485
f 98//486 1713//486 655//486
f 90//487 1713//487 636//487
f 655//488 656//488 106//488
f 637//489 657//489 90//489
f 99//490 1714//490 637//490
f 657//491 658//491 107//491
f 106//492 1715//492 659//492
f 657//493 656//493 90//493
f 659//494 657//494 107//494
f 108//495 1716//495 660//495
f 105//496 1716//496 661//496
f 660//497 653//497 106//497
f 105//498 1717//498 651//498
f 108//499 1717//499 661//499
f 651//500 662//500 104//500
f 95//501 1718//501 645//501
f 663//502 644//502 101//502
f 645//503 663//503 94//503
f 622//504 664//504 84//504
f 665//505 622//505 93//505
f 109//506 1719//506 665//506
f 664//507 666//507 84//507
f 667//508 664//508 109//508
f 110//509 1720//509 667//509
f 102//510 1721//510 668//510
f 666//511 669//511 84//511
f 668//512 666//512 110//512
f 667//513 670//513 110//513
f 109//514 1722//514 667//514
f 111//515 1722//515 671//515
f 112//516 1723//516 672//516
f 649//517 673//517 101//517
f 672//518 649//518 104//518
f 104//519 1724//519 672//519
f 675//520 674//520 113//520
f 112//521 1724//521 675//521
f 108//522 1725//522 662//522
f 113//523 1725//523 676//523
f 662//524 674//524 104//524
f 676//525 677//525 113//525
f 108//526 1726//526 676//526
f 114//527 1726//527 678//527
f 678//528 679//528 114//528
f 108//529 1727//529 678//529
f 679//530 660//530 106//530
f 659//531 679//531 106//531
f 107//532 1728//532 659//532
f 114//533 1728//533 680//533
f 107//534 1729//534 681//534
f 682//535 658//535 99//535
f 115//536 1729//536 682//536
f 684//537 683//537 116//537
f 113//538 1730//538 684//538
f 683//539 677//539 114//539
f 113//540 1731//540 675//540
f 116//541 1731//541 684//541
f 675//542 685//542 112//542
f 112//543 1732//543 673//543
f 117//544 1732//544 686//544
f 673//545 687//545 101//545
f 686//546 688//546 117//546
f 112//547 1733//547 686//547
f 688//548 685//548 116//548
f 118//549 1734//549 689//549
f 663//550 690//550 94//550
f 689//551 663//551 101//551
f 691//552 687//552 117//552
f 118//553 1735//553 691//553
f 101//554 1735//554 689//554
f 94//555 1736//555 646//555
f 692//556 690//556 118//556
f 646//557 692//557 103//557
f 693//558 692//558 118//558
f 119//559 1737//559 693//559
f 692//560 694//560 103//560
f 119//561 1738//561 695//561
f 118//562 1738//562 693//562
f 695//563 696//563 120//563
f 120//564 1739//564 697//564
f 691//565 696//565 118//565
f 117//566 1739//566 691//566
f 121//567 1740//567 698//567
f 116//568 1740//568 699//568
f 698//569 700//569 122//569
f 688//570 701//570 117//570
f 116//571 1741//571 688//571
f 121//572 1741//572 699//572
f 122//573 1742//573 702//573
f 683//574 700//574 116//574
f 702//575 683//575 114//575
f 114//576 1743//576 702//576
f 107//577 1743//577 680//577
f 702//578 703//578 122//578
f 107//579 1744//579 704//579
f 115//580 1744//580 681//580
f 704//581 705//581 123//581
f 122//582 1745//582 706//582
f 704//583 703//583 107//583
f 123//584 1745//584 704//584
f 706//585 707//585 122//585
f 123//586 1746//586 706//586
f 707//587 708//587 124//587
f 124//588 1747//588 707//588
f 698//589 709//589 121//589
f 707//590 698//590 122//590
f 711//591 710//591 125//591
f 121//592 1748//592 711//592
f 710//593 709//593 124//593
f 121//594 1749//594 701//594
f 125//595 1749//595 711//595
f 701//596 712//596 117//596
f 117//597 1750//597 697//597
f 713//598 712//598 125//598
f 120//599 1750//599 713//599
f 93//600 1751//600 714//600
f 715//601 647//601 103//601
f 126//602 1751//602 715//602
f 714//603 716//603 93//603
f 126//604 1752//604 714//604
f 127//605 1752//605 717//605
f 109//606 1753//606 718//606
f 716//607 665//607 93//607
f 127//608 1753//608 716//608
f 718//609 719//609 109//609
f 127//610 1754//610 718//610
f 128//611 1754//611 720//611
f 111//612 1755//612 721//612
f 719//613 671//613 109//613
f 721//614 719//614 128//614
f 717//615 722//615 127//615
f 723//616 717//616 126//616
f 129//617 1756//617 723//617
f 127//618 1757//618 724//618
f 129//619 1757//619 722//619
f 724//620 725//620 130//620
f 128//621 1758//621 726//621
f 724//622 720//622 127//622
f 130//623 1758//623 724//623
f 103//624 1759//624 715//624
f 131//625 1759//625 727//625
f 715//626 728//626 126//626
f 103//627 1760//627 727//627
f 729//628 694//628 119//628
f 131//629 1760//629 729//629
f 132//630 1761//630 730//630
f 710//631 731//631 125//631
f 124//632 1761//632 710//632
f 124//633 1762//633 730//633
f 732//634 708//634 123//634
f 132//635 1762//635 732//635
f 123//636 1763//636 733//636
f 734//637 705//637 115//637
f 733//638 734//638 133//638
f 733//639 732//639 123//639
f 133//640 1764//640 733//640
f 132//641 1764//641 735//641
f 134//642 1765//642 736//642
f 731//643 737//643 125//643
f 132//644 1765//644 731//644
f 135//645 1766//645 738//645
f 737//646 739//646 125//646
f 134//647 1766//647 737//647
f 125//648 1767//648 713//648
f 740//649 739//649 135//649
f 713//650 740//650 120//650
f 740//651 741//651 120//651
f 742//652 740//652 135//652
f 136//653 1768//653 742//653
f 743//654 741//654 136//654
f 695//655 743//655 119//655
f 120//656 1769//656 695//656
f 137//657 1770//657 744//657
f 743//658 745//658 119//658
f 744//659 743//659 136//659
f 119//660 1771//660 729//660
f 746//661 745//661 137//661
f 729//662 746//662 131//662
f 747//663 728//663 131//663
f 138//664 1772//664 747//664
f 728//665 748//665 126//665
f 129//666 1773//666 749//666
f 750//667 723//667 126//667
f 749//668 750//668 139//668
f 129//669 1774//669 751//669
f 139//670 1774//670 749//670
f 751//671 752//671 140//671
f 130//672 1775//672 753//672
f 751//673 725//673 129//673
f 753//674 751//674 140//674
f 747//675 754//675 138//675
f 131//676 1776//676 747//676
f 141//677 1776//677 755//677
f 136//678 1777//678 744//678
f 757//679 756//679 142//679
f 744//680 757//680 137//680
f 758//681 756//681 136//681
f 759//682 758//682 143//682
f 142//683 1778//683 759//683
f 135//684 1779//684 742//684
f 143//685 1779//685 760//685
f 742//686 758//686 136//686
f 143//687 1780//687 761//687
f 135//688 1780//688 760//688
f 761//689 762//689 144//689
f 144//690 1781//690 763//690
f 738//691 762//691 135//691
f 134//692 1781//692 738//692
f 134//693 1782//693 763//693
f 764//694 736//694 132//694
f 763//695 764//695 144//695
f 132//696 1783//696 764//696
f 765//697 735//697 133//697
f 764//698 765//698 144//698
f 765//699 766//699 144//699
f 767//700 765//700 133//700
f 145//701 1784//701 767//701
f 144//702 1785//702 768//702
f 769//703 766//703 145//703
f 768//704 769//704 146//704
f 146//705 1786//705 768//705
f 761//706 770//706 143//706
f 768//707 761//707 144//707
f 147//708 1787//708 771//708
f 143//709 1787//709 772//709
f 771//710 770//710 146//710
f 143//711 1788//711 759//711
f 147//712 1788//712 772//712
f 759//713 773//713 142//713
f 746//714 755//714 131//714
f 774//715 746//715 137//715
f 141//716 1789//716 774//716
f 137//717 1790//717 774//717
f 776//718 775//718 148//718
f 774//719 776//719 141//719
f 126//720 1791//720 750//720
f 777//721 748//721 138//721
f 139//722 1791//722 777//722
f 140//723 1792//723 778//723
f 779//724 752//724 139//724
f 149//725 1792//725 779//725
f 138//726 1793//726 780//726
f 781//727 754//727 141//727
f 780//728 781//728 150//728
f 138//729 1794//729 777//729
f 150//730 1794//730 780//730
f 777//731 782//731 139//731
f 783//732 781//732 141//732
f 151//733 1795//733 783//733
f 781//734 784//734 150//734
f 141//735 1796//735 783//735
f 786//736 785//736 152//736
f 783//737 786//737 151//737
f 787//738 776//738 148//738
f 152//739 1797//739 787//739
f 776//740 785//740 141//740
f 148//741 1798//741 787//741
f 789//742 788//742 153//742
f 787//743 789//743 152//743
f 757//744 775//744 137//744
f 790//745 757//745 142//745
f 148//746 1799//746 790//746
f 147//747 1800//747 773//747
f 154//748 1800//748 791//748
f 773//749 792//749 142//749
f 791//750 793//750 154//750
f 147//751 1801//751 791//751
f 793//752 794//752 155//752
f 155//753 1802//753 795//753
f 771//754 794//754 147//754
f 795//755 771//755 146//755
f 146//756 1803//756 795//756
f 797//757 796//757 156//757
f 795//758 797//758 155//758
f 146//759 1804//759 796//759
f 798//760 769//760 145//760
f 156//761 1804//761 798//761
f 145//762 1805//762 798//762
f 157//763 1805//763 799//763
f 798//764 800//764 156//764
f 155//765 1806//765 801//765
f 802//766 797//766 156//766
f 801//767 802//767 158//767
f 158//768 1807//768 801//768
f 793//769 803//769 154//769
f 155//770 1807//770 793//770
f 142//771 1808//771 790//771
f 804//772 792//772 154//772
f 790//773 804//773 148//773
f 148//774 1809//774 788//774
f 806//775 805//775 159//775
f 153//776 1809//776 806//776
f 154//777 1810//777 804//777
f 159//778 1810//778 807//778
f 804//779 805//779 148//779
f 160//780 1811//780 808//780
f 153//781 1811//781 809//781
f 808//782 810//782 161//782
f 806//783 810//783 153//783
f 159//784 1812//784 806//784
f 161//785 1812//785 811//785
f 789//786 812//786 152//786
f 153//787 1813//787 789//787
f 160//788 1813//788 809//788
f 162//789 1814//789 813//789
f 812//790 814//790 152//790
f 813//791 812//791 160//791
f 163//792 1815//792 815//792
f 152//793 1815//793 816//793
f 815//794 814//794 162//794
f 786//795 817//795 151//795
f 816//796 786//796 152//796
f 163//797 1816//797 816//797
f 164//798 1817//798 818//798
f 151//799 1817//799 819//799
f 818//800 817//800 163//800
f 821//801 820//801 165//801
f 151//802 1818//802 821//802
f 820//803 819//803 164//803
f 823//804 822//804 166//804
f 821//805 823//805 151//805
f 165//806 1819//806 821//806
f 150//807 1820//807 824//807
f 823//808 784//808 151//808
f 166//809 1820//809 823//809
f 150//810 1821//810 825//810
f 166//811 1821//811 824//811
f 825//812 826//812 167//812
f 139//813 1822//813 827//813
f 825//814 782//814 150//814
f 167//815 1822//815 825//815
f 139//816 1823//816 779//816
f 167//817 1823//817 827//817
f 779//818 828//818 149//818
f 167//819 1824//819 829//819
f 830//820 826//820 166//820
f 168//821 1824//821 830//821
f 168//822 1825//822 829//822
f 832//823 831//823 169//823
f 167//824 1825//824 832//824
f 828//825 833//825 149//825
f 832//826 828//826 167//826
f 169//827 1826//827 832//827
f 170//828 1827//828 834//828
f 166//829 1827//829 835//829
f 834//830 822//830 165//830
f 830//831 836//831 168//831
f 166//832 1828//832 830//832
f 170//833 1828//833 835//833
f 838//834 837//834 171//834
f 172//835 1829//835 838//835
f 165//836 1829//836 839//836
f 164//837 1830//837 820//837
f 171//838 1830//838 840//838
f 820//839 837//839 165//839
f 165//840 1831//840 834//840
f 172//841 1831//841 839//841
f 834//842 841//842 170//842
f 843//843 842//843 173//843
f 171//844 1832//844 843//844
f 164//845 1832//845 840//845
f 163//846 1833//846 818//846
f 173//847 1833//847 844//847
f 818//848 842//848 164//848
f 846//849 845//849 174//849
f 173//850 1834//850 846//850
f 163//851 1834//851 844//851
f 162//852 1835//852 815//852
f 174//853 1835//853 847//853
f 815//854 845//854 163//854
f 849//855 848//855 175//855
f 174//856 1836//856 849//856
f 162//857 1836//857 847//857
f 160//858 1837//858 813//858
f 175//859 1837//859 850//859
f 813//860 848//860 162//860
f 852//861 851//861 176//861
f 175//862 1838//862 852//862
f 160//863 1838//863 850//863
f 161//864 1839//864 808//864
f 176//865 1839//865 853//865
f 808//866 851//866 160//866
f 854//867 853//867 161//867
f 855//868 854//868 177//868
f 176//869 1840//869 855//869
f 159//870 1841//870 811//870
f 854//871 856//871 177//871
f 161//872 1841//872 854//872
f 177//873 1842//873 857//873
f 858//874 856//874 159//874
f 857//875 858//875 158//875
f 807//876 858//876 159//876
f 154//877 1843//877 807//877
f 858//878 803//878 158//878
f 802//879 859//879 158//879
f 860//880 802//880 156//880
f 178//881 1844//881 860//881
f 156//882 1845//882 860//882
f 862//883 861//883 179//883
f 178//884 1845//884 862//884
f 156//885 1846//885 861//885
f 863//886 800//886 157//886
f 179//887 1846//887 863//887
f 158//888 1847//888 864//888
f 178//889 1847//889 859//889
f 864//890 865//890 180//890
f 864//891 857//891 158//891
f 180//892 1848//892 864//892
f 857//893 866//893 177//893
f 177//894 1849//894 855//894
f 181//895 1849//895 867//895
f 855//896 868//896 176//896
f 177//897 1850//897 867//897
f 869//898 866//898 180//898
f 181//899 1850//899 869//899
f 868//900 870//900 176//900
f 871//901 868//901 181//901
f 182//902 1851//902 871//902
f 176//903 1852//903 852//903
f 182//904 1852//904 870//904
f 852//905 872//905 175//905
f 873//906 872//906 182//906
f 183//907 1853//907 873//907
f 175//908 1853//908 874//908
f 175//909 1854//909 849//909
f 183//910 1854//910 874//910
f 849//911 875//911 174//911
f 876//912 875//912 183//912
f 184//913 1855//913 876//913
f 174//914 1855//914 877//914
f 174//915 1856//915 846//915
f 184//916 1856//916 877//916
f 846//917 878//917 173//917
f 879//918 878//918 184//918
f 185//919 1857//919 879//919
f 173//920 1857//920 880//920
f 173//921 1858//921 843//921
f 185//922 1858//922 880//922
f 843//923 881//923 171//923
f 882//924 881//924 185//924
f 186//925 1859//925 882//925
f 171//926 1859//926 883//926
f 171//927 1860//927 838//927
f 186//928 1860//928 883//928
f 838//929 884//929 172//929
f 885//930 884//930 186//930
f 187//931 1861//931 885//931
f 172//932 1861//932 886//932
f 187//933 1862//933 886//933
f 888//934 887//934 188//934
f 886//935 888//935 172//935
f 888//936 841//936 172//936
f 889//937 888//937 188//937
f 170//938 1863//938 889//938
f 188//939 1864//939 889//939
f 891//940 890//940 189//940
f 889//941 891//941 170//941
f 189//942 1865//942 891//942
f 168//943 1865//943 892//943
f 891//944 836//944 170//944
f 168//945 1866//945 893//945
f 189//946 1866//946 892//946
f 893//947 894//947 190//947
f 190//948 1867//948 893//948
f 831//949 895//949 169//949
f 893//950 831//950 168//950
f 896//951 895//951 190//951
f 897//952 896//952 191//952
f 169//953 1868//953 897//953
f 897//954 898//954 169//954
f 191//955 1869//955 897//955
f 898//956 899//956 192//956
f 149//957 1870//957 900//957
f 898//958 833//958 169//958
f 900//959 898//959 192//959
f 902//960 901//960 193//960
f 900//961 902//961 149//961
f 192//962 1871//962 900//962
f 192//963 1872//963 903//963
f 904//964 899//964 191//964
f 194//965 1872//965 904//965
f 903//966 905//966 192//966
f 194//967 1873//967 903//967
f 905//968 906//968 195//968
f 193//969 1874//969 907//969
f 905//970 901//970 192//970
f 907//971 905//971 195//971
f 909//972 908//972 196//972
f 197//973 1875//973 909//973
f 191//974 1875//974 910//974
f 198//975 1876//975 911//975
f 196//976 1876//976 912//976
f 911//977 908//977 191//977
f 198//978 1877//978 913//978
f 896//979 911//979 191//979
f 190//980 1877//980 896//980
f 191//981 1878//981 904//981
f 197//982 1878//982 910//982
f 904//983 914//983 194//983
f 190//984 1879//984 913//984
f 915//985 894//985 189//985
f 198//986 1879//986 915//986
f 196//987 1880//987 916//987
f 189//988 1880//988 917//988
f 916//989 890//989 188//989
f 196//990 1881//990 917//990
f 915//991 912//991 198//991
f 189//992 1881//992 915//992
f 919//993 918//993 199//993
f 200//994 1882//994 919//994
f 187//995 1882//995 920//995
f 186//996 1883//996 885//996
f 199//997 1883//997 921//997
f 885//998 918//998 187//998
f 187//999 1884//999 922//999
f 200//1000 1884//1000 920//1000
f 922//1001 923//1001 201//1001
f 925//1002 924//1002 202//1002
f 199//1003 1885//1003 925//1003
f 186//1004 1885//1004 921//1004
f 185//1005 1886//1005 882//1005
f 202//1006 1886//1006 926//1006
f 882//1007 924//1007 186//1007
f 928//1008 927//1008 203//1008
f 926//1009 928//1009 202//1009
f 185//1010 1887//1010 926//1010
f 184//1011 1888//1011 879//1011
f 203//1012 1888//1012 929//1012
f 879//1013 927//1013 185//1013
f 931//1014 930//1014 204//1014
f 929//1015 931//1015 203//1015
f 184//1016 1889//1016 929//1016
f 183//1017 1890//1017 876//1017
f 204//1018 1890//1018 932//1018
f 876//1019 930//1019 184//1019
f 934//1020 933//1020 205//1020
f 204//1021 1891//1021 934//1021
f 183//1022 1891//1022 932//1022
f 182//1023 1892//1023 873//1023
f 205//1024 1892//1024 935//1024
f 873//1025 933//1025 183//1025
f 936//1026 935//1026 182//1026
f 206//1027 1893//1027 936//1027
f 205//1028 1893//1028 937//1028
f 181//1029 1894//1029 871//1029
f 936//1030 938//1030 206//1030
f 871//1031 936//1031 182//1031
f 207//1032 1895//1032 939//1032
f 941//1033 940//1033 208//1033
f 205//1034 1895//1034 941//1034
f 941//1035 934//1035 205//1035
f 208//1036 1896//1036 941//1036
f 934//1037 942//1037 204//1037
f 206//1038 1897//1038 937//1038
f 207//1039 1897//1039 943//1039
f 937//1040 939//1040 205//1040
f 944//1041 942//1041 208//1041
f 945//1042 944//1042 209//1042
f 204//1043 1898//1043 945//1043
f 945//1044 931//1044 204//1044
f 209//1045 1899//1045 945//1045
f 931//1046 946//1046 203//1046
f 947//1047 946//1047 209//1047
f 948//1048 947//1048 210//1048
f 203//1049 1900//1049 948//1049
f 948//1050 928//1050 203//1050
f 210//1051 1901//1051 948//1051
f 928//1052 949//1052 202//1052
f 950//1053 949//1053 210//1053
f 211//1054 1902//1054 950//1054
f 202//1055 1902//1055 951//1055
f 202//1056 1903//1056 925//1056
f 211//1057 1903//1057 951//1057
f 925//1058 952//1058 199//1058
f 953//1059 952//1059 211//1059
f 212//1060 1904//1060 953//1060
f 199//1061 1904//1061 954//1061
f 199//1062 1905//1062 919//1062
f 212//1063 1905//1063 954//1063
f 919//1064 955//1064 200//1064
f 956//1065 955//1065 212//1065
f 957//1066 956//1066 213//1066
f 200//1067 1906//1067 957//1067
f 201//1068 1907//1068 958//1068
f 957//1069 923//1069 200//1069
f 213//1070 1907//1070 957//1070
f 960//1071 959//1071 214//1071
f 201//1072 1908//1072 960//1072
f 959//1073 958//1073 213//1073
f 214//1074 1909//1074 960//1074
f 188//1075 1909//1075 961//1075
f 960//1076 962//1076 201//1076
f 201//1077 1910//1077 922//1077
f 887//1078 962//1078 188//1078
f 922//1079 887//1079 187//1079
f 963//1080 916//1080 188//1080
f 215//1081 1911//1081 963//1081
f 196//1082 1911//1082 964//1082
f 196//1083 1912//1083 909//1083
f 215//1084 1912//1084 964//1084
f 909//1085 965//1085 197//1085
f 966//1086 965//1086 215//1086
f 216//1087 1913//1087 966//1087
f 197//1088 1913//1088 967//1088
f 194//1089 1914//1089 968//1089
f 969//1090 914//1090 197//1090
f 217//1091 1914//1091 969//1091
f 197//1092 1915//1092 969//1092
f 970//1093 967//1093 216//1093
f 969//1094 970//1094 217//1094
f 968//1095 971//1095 194//1095
f 972//1096 968//1096 217//1096
f 218//1097 1916//1097 972//1097
f 195//1098 1917//1098 973//1098
f 971//1099 906//1099 194//1099
f 973//1100 971//1100 218//1100
f 970//1101 974//1101 217//1101
f 975//1102 970//1102 216//1102
f 219//1103 1918//1103 975//1103
f 974//1104 976//1104 217//1104
f 977//1105 974//1105 219//1105
f 220//1106 1919//1106 977//1106
f 972//1107 978//1107 218//1107
f 217//1108 1920//1108 972//1108
f 978//1109 976//1109 220//1109
f 980//1110 979//1110 221//1110
f 222//1111 1921//1111 980//1111
f 216//1112 1921//1112 981//1112
f 215//1113 1922//1113 966//1113
f 221//1114 1922//1114 982//1114
f 966//1115 979//1115 216//1115
f 216//1116 1923//1116 975//1116
f 222//1117 1923//1117 981//1117
f 975//1118 983//1118 219//1118
f 985//1119 984//1119 214//1119
f 221//1120 1924//1120 985//1120
f 215//1121 1924//1121 982//1121
f 188//1122 1925//1122 963//1122
f 214//1123 1925//1123 961//1123
f 963//1124 984//1124 215//1124
f 214//1125 1926//1125 986//1125
f 987//1126 959//1126 213//1126
f 223//1127 1926//1127 987//1127
f 214//1128 1927//1128 985//1128
f 223//1129 1927//1129 986//1129
f 985//1130 988//1130 221//1130
f 224//1131 1928//1131 989//1131
f 956//1132 990//1132 213//1132
f 989//1133 956//1133 212//1133
f 987//1134 991//1134 223//1134
f 213//1135 1929//1135 987//1135
f 991//1136 990//1136 224//1136
f 225//1137 1930//1137 992//1137
f 953//1138 993//1138 212//1138
f 211//1139 1930//1139 953//1139
f 994//1140 993//1140 225//1140
f 989//1141 994//1141 224//1141
f 212//1142 1931//1142 989//1142
f 226//1143 1932//1143 995//1143
f 950//1144 996//1144 211//1144
f 210//1145 1932//1145 950//1145
f 997//1146 996//1146 226//1146
f 992//1147 997//1147 225//1147
f 211//1148 1933//1148 992//1148
f 227//1149 1934//1149 998//1149
f 210//1150 1934//1150 999//1150
f 998//1151 947//1151 209//1151
f 1000//1152 999//1152 227//1152
f 226//1153 1935//1153 1000//1153
f 210//1154 1935//1154 995//1154
f 228//1155 1936//1155 1001//1155
f 944//1156 1002//1156 209//1156
f 1001//1157 944//1157 208//1157
f 1003//1158 1002//1158 228//1158
f 998//1159 1003//1159 227//1159
f 209//1160 1937//1160 998//1160
f 940//1161 1004//1161 208//1161
f 1005//1162 940//1162 207//1162
f 229//1163 1938//1163 1005//1163
f 1006//1164 1004//1164 229//1164
f 1001//1165 1006//1165 228//1165
f 208//1166 1939//1166 1001//1166
f 207//1167 1940//1167 1005//1167
f 230//1168 1940//1168 1007//1168
f 1005//1169 1008//1169 229//1169
f 1009//1170 943//1170 206//1170
f 1007//1171 1009//1171 230//1171
f 207//1172 1941//1172 1007//1172
f 180//1173 1942//1173 1010//1173
f 230//1174 1942//1174 1011//1174
f 1010//1175 1009//1175 206//1175
f 869//1176 938//1176 181//1176
f 1010//1177 869//1177 180//1177
f 206//1178 1943//1178 1010//1178
f 1012//1179 1008//1179 230//1179
f 1013//1180 1012//1180 231//1180
f 229//1181 1944//1181 1013//1181
f 180//1182 1945//1182 1011//1182
f 1012//1183 1014//1183 231//1183
f 230//1184 1945//1184 1012//1184
f 1015//1185 1000//1185 227//1185
f 997//1186 1015//1186 225//1186
f 226//1187 1946//1187 997//1187
f 232//1188 1947//1188 1016//1188
f 991//1189 1017//1189 223//1189
f 1016//1190 991//1190 224//1190
f 1018//1191 994//1191 225//1191
f 1016//1192 1018//1192 232//1192
f 224//1193 1948//1193 1016//1193
f 1019//1194 988//1194 223//1194
f 1020//1195 1019//1195 233//1195
f 221//1196 1949//1196 1020//1196
f 234//1197 1950//1197 1021//1197
f 1019//1198 1022//1198 233//1198
f 1021//1199 1019//1199 223//1199
f 1023//1200 1017//1200 232//1200
f 1021//1201 1023//1201 234//1201
f 223//1202 1951//1202 1021//1202
f 221//1203 1952//1203 980//1203
f 233//1204 1952//1204 1020//1204
f 980//1205 1024//1205 222//1205
f 1025//1206 1024//1206 233//1206
f 1026//1207 1025//1207 235//1207
f 222//1208 1953//1208 1026//1208
f 983//1209 1027//1209 219//1209
f 1026//1210 983//1210 222//1210
f 235//1211 1954//1211 1026//1211
f 977//1212 1028//1212 220//1212
f 219//1213 1955//1213 977//1213
f 1028//1214 1027//1214 235//1214
f 236//1215 1956//1215 1029//1215
f 1028//1216 1030//1216 220//1216
f 235//1217 1956//1217 1028//1217
f 237//1218 1957//1218 1031//1218
f 220//1219 1957//1219 1032//1219
f 1031//1220 1030//1220 236//1220
f 218//1221 1958//1221 1033//1221
f 220//1222 1958//1222 978//1222
f 1033//1223 1032//1223 237//1223
f 238//1224 1959//1224 1034//1224
f 1033//1225 1035//1225 218//1225
f 237//1226 1959//1226 1033//1226
f 973//1227 1036//1227 195//1227
f 218//1228 1960//1228 973//1228
f 1036//1229 1035//1229 238//1229
f 239//1230 1961//1230 1037//1230
f 1031//1231 1038//1231 237//1231
f 236//1232 1961//1232 1031//1232
f 236//1233 1962//1233 1039//1233
f 235//1234 1962//1234 1029//1234
f 1039//1235 1025//1235 233//1235
f 1040//1236 1022//1236 234//1236
f 1039//1237 1040//1237 236//1237
f 233//1238 1963//1238 1039//1238
f 239//1239 1964//1239 1041//1239
f 236//1240 1964//1240 1037//1240
f 1041//1241 1040//1241 234//1241
f 240//1242 1965//1242 1042//1242
f 225//1243 1965//1243 1043//1243
f 1042//1244 1015//1244 227//1244
f 1013//1245 1044//1245 229//1245
f 231//1246 1966//1246 1013//1246
f 241//1247 1966//1247 1045//1247
f 241//1248 1967//1248 1044//1248
f 1006//1249 1046//1249 228//1249
f 229//1250 1967//1250 1006//1250
f 178//1251 1968//1251 865//1251
f 1014//1252 1047//1252 231//1252
f 865//1253 1014//1253 180//1253
f 242//1254 1969//1254 1048//1254
f 1003//1255 1049//1255 227//1255
f 1048//1256 1003//1256 228//1256
f 1050//1257 1049//1257 242//1257
f 1042//1258 1050//1258 240//1258
f 227//1259 1970//1259 1042//1259
f 240//1260 1971//1260 1043//1260
f 1018//1261 1051//1261 232//1261
f 225//1262 1971//1262 1018//1262
f 243//1263 1972//1263 1052//1263
f 1038//1264 1053//1264 237//1264
f 239//1265 1972//1265 1038//1265
f 238//1266 1973//1266 1054//1266
f 237//1267 1973//1267 1034//1267
f 1054//1268 1053//1268 243//1268
f 244//1269 1974//1269 1055//1269
f 1036//1270 1056//1270 195//1270
f 1055//1271 1036//1271 238//1271
f 907//1272 1057//1272 193//1272
f 195//1273 1975//1273 907//1273
f 244//1274 1975//1274 1056//1274
f 245//1275 1976//1275 1058//1275
f 1057//1276 1059//1276 193//1276
f 244//1277 1976//1277 1057//1277
f 1061//1278 1060//1278 246//1278
f 244//1279 1977//1279 1061//1279
f 1060//1280 1055//1280 238//1280
f 245//1281 1978//1281 1062//1281
f 1061//1282 1058//1282 244//1282
f 1062//1283 1061//1283 246//1283
f 1064//1284 1063//1284 247//1284
f 1054//1285 1064//1285 238//1285
f 243//1286 1979//1286 1054//1286
f 1060//1287 1065//1287 246//1287
f 238//1288 1980//1288 1060//1288
f 1065//1289 1064//1289 247//1289
f 1067//1290 1066//1290 248//1290
f 243//1291 1981//1291 1067//1291
f 239//1292 1981//1292 1052//1292
f 249//1293 1982//1293 1068//1293
f 1067//1294 1069//1294 243//1294
f 1068//1295 1067//1295 248//1295
f 1063//1296 1070//1296 247//1296
f 243//1297 1983//1297 1063//1297
f 1070//1298 1069//1298 249//1298
f 248//1299 1984//1299 1071//1299
f 1041//1300 1066//1300 239//1300
f 1071//1301 1041//1301 234//1301
f 1073//1302 1072//1302 250//1302
f 1023//1303 1073//1303 234//1303
f 232//1304 1985//1304 1023//1304
f 1074//1305 1073//1305 250//1305
f 248//1306 1986//1306 1074//1306
f 234//1307 1986//1307 1071//1307
f 1076//1308 1075//1308 251//1308
f 232//1309 1987//1309 1076//1309
f 1075//1310 1051//1310 240//1310
f 251//1311 1988//1311 1076//1311
f 250//1312 1988//1312 1077//1312
f 1076//1313 1072//1313 232//1313
f 252//1314 1989//1314 1078//1314
f 228//1315 1989//1315 1079//1315
f 1078//1316 1046//1316 241//1316
f 252//1317 1990//1317 1079//1317
f 1048//1318 1080//1318 242//1318
f 228//1319 1990//1319 1048//1319
f 1081//1320 1045//1320 231//1320
f 253//1321 1991//1321 1081//1321
f 1045//1322 1082//1322 241//1322
f 241//1323 1992//1323 1083//1323
f 253//1324 1992//1324 1082//1324
f 1083//1325 1084//1325 254//1325
f 254//1326 1993//1326 1083//1326
f 1078//1327 1085//1327 252//1327
f 1083//1328 1078//1328 241//1328
f 179//1329 1994//1329 862//1329
f 231//1330 1994//1330 1086//1330
f 862//1331 1047//1331 178//1331
f 179//1332 1995//1332 1086//1332
f 1081//1333 1087//1333 253//1333
f 1086//1334 1081//1334 231//1334
f 157//1335 1996//1335 863//1335
f 253//1336 1996//1336 1088//1336
f 863//1337 1087//1337 179//1337
f 1089//1338 1084//1338 253//1338
f 255//1339 1997//1339 1089//1339
f 254//1340 1997//1340 1090//1340
f 157//1341 1998//1341 1088//1341
f 255//1342 1998//1342 1091//1342
f 253//1343 1998//1343 1089//1343
f 1093//1344 1092//1344 256//1344
f 251//1345 1999//1345 1093//1345
f 1092//1346 1075//1346 240//1346
f 257//1347 2000//1347 1094//1347
f 1074//1348 1095//1348 248//1348
f 1094//1349 1074//1349 250//1349
f 1096//1350 1095//1350 257//1350
f 249//1351 2001//1351 1096//1351
f 248//1352 2001//1352 1068//1352
f 258//1353 2002//1353 1097//1353
f 249//1354 2002//1354 1098//1354
f 1097//1355 1096//1355 257//1355
f 247//1356 2003//1356 1099//1356
f 249//1357 2003//1357 1070//1357
f 1099//1358 1098//1358 258//1358
f 250//1359 2004//1359 1100//1359
f 1102//1360 1101//1360 256//1360
f 1100//1361 1102//1361 259//1361
f 1093//1362 1077//1362 251//1362
f 256//1363 2005//1363 1093//1363
f 250//1364 2005//1364 1101//1364
f 1103//1365 1100//1365 259//1365
f 257//1366 2006//1366 1103//1366
f 1100//1367 1094//1367 250//1367
f 255//1368 2007//1368 1090//1368
f 1105//1369 1104//1369 260//1369
f 254//1370 2007//1370 1105//1370
f 1105//1371 1106//1371 254//1371
f 260//1372 2008//1372 1105//1372
f 1106//1373 1107//1373 261//1373
f 1108//1374 1106//1374 261//1374
f 252//1375 2009//1375 1108//1375
f 1106//1376 1085//1376 254//1376
f 1109//1377 1091//1377 157//1377
f 1104//1378 1109//1378 260//1378
f 255//1379 2010//1379 1104//1379
f 145//1380 2011//1380 799//1380
f 1109//1381 1110//1381 260//1381
f 799//1382 1109//1382 157//1382
f 1111//1383 1107//1383 260//1383
f 262//1384 2012//1384 1111//1384
f 1107//1385 1112//1385 261//1385
f 1113//1386 1110//1386 145//1386
f 1111//1387 1113//1387 262//1387
f 260//1388 2013//1388 1111//1388
f 1115//1389 1114//1389 263//1389
f 252//1390 2014//1390 1115//1390
f 261//1391 2014//1391 1108//1391
f 1116//1392 1115//1392 263//1392
f 242//1393 2015//1393 1116//1393
f 1115//1394 1080//1394 252//1394
f 264//1395 2016//1395 1117//1395
f 259//1396 2016//1396 1118//1396
f 1117//1397 1102//1397 256//1397
f 259//1398 2017//1398 1103//1398
f 265//1399 2017//1399 1119//1399
f 1103//1400 1120//1400 257//1400
f 1121//1401 1120//1401 265//1401
f 258//1402 2018//1402 1121//1402
f 1120//1403 1097//1403 257//1403
f 1123//1404 1122//1404 266//1404
f 1118//1405 1123//1405 259//1405
f 264//1406 2019//1406 1118//1406
f 1124//1407 1123//1407 266//1407
f 267//1408 2020//1408 1124//1408
f 1123//1409 1125//1409 259//1409
f 1126//1410 1125//1410 267//1410
f 265//1411 2021//1411 1126//1411
f 259//1412 2021//1412 1119//1412
f 1128//1413 1127//1413 268//1413
f 1117//1414 1128//1414 264//1414
f 256//1415 2022//1415 1117//1415
f 262//1416 2023//1416 1112//1416
f 269//1417 2023//1417 1129//1417
f 1112//1418 1130//1418 261//1418
f 261//1419 2024//1419 1131//1419
f 269//1420 2024//1420 1130//1420
f 1131//1421 1132//1421 270//1421
f 270//1422 2025//1422 1131//1422
f 1114//1423 1133//1423 263//1423
f 1131//1424 1114//1424 261//1424
f 133//1425 2026//1425 767//1425
f 262//1426 2026//1426 1134//1426
f 767//1427 1113//1427 145//1427
f 133//1428 2027//1428 1134//1428
f 1129//1429 1135//1429 269//1429
f 262//1430 2027//1430 1129//1430
f 271//1431 2028//1431 1136//1431
f 1126//1432 1137//1432 265//1432
f 1136//1433 1126//1433 267//1433
f 1139//1434 1138//1434 272//1434
f 273//1435 2029//1435 1139//1435
f 271//1436 2029//1436 1140//1436
f 1142//1437 1141//1437 274//1437
f 1136//1438 1142//1438 271//1438
f 267//1439 2030//1439 1136//1439
f 272//1440 2031//1440 1143//1440
f 1142//1441 1138//1441 271//1441
f 1143//1442 1142//1442 274//1442
f 1145//1443 1144//1443 275//1443
f 1124//1444 1145//1444 267//1444
f 266//1445 2032//1445 1124//1445
f 274//1446 2033//1446 1146//1446
f 1145//1447 1141//1447 267//1447
f 275//1448 2033//1448 1145//1448
f 1148//1449 1147//1449 276//1449
f 266//1450 2034//1450 1148//1450
f 1147//1451 1122//1451 264//1451
f 1149//1452 1148//1452 276//1452
f 275//1453 2035//1453 1149//1453
f 1148//1454 1144//1454 266//1454
f 277//1455 2036//1455 1150//1455
f 1128//1456 1151//1456 264//1456
f 268//1457 2036//1457 1128//1457
f 1152//1458 1151//1458 277//1458
f 1147//1459 1152//1459 276//1459
f 264//1460 2037//1460 1147//1460
f 1154//1461 1153//1461 278//1461
f 268//1462 2038//1462 1154//1462
f 1153//1463 1127//1463 256//1463
f 1153//1464 1155//1464 278//1464
f 256//1465 2039//1465 1153//1465
f 240//1466 2039//1466 1092//1466
f 1155//1467 1156//1467 278//1467
f 1050//1468 1155//1468 240//1468
f 242//1469 2040//1469 1050//1469
f 1157//1470 1132//1470 269//1470
f 279//1471 2041//1471 1157//1471
f 270//1472 2041//1472 1158//1472
f 270//1473 2042//1473 1159//1473
f 279//1474 2042//1474 1158//1474
f 1159//1475 1160//1475 280//1475
f 280//1476 2043//1476 1159//1476
f 263//1477 2043//1477 1161//1477
f 1159//1478 1133//1478 270//1478
f 281//1479 2044//1479 1162//1479
f 1116//1480 1163//1480 242//1480
f 1162//1481 1116//1481 263//1481
f 281//1482 2045//1482 1163//1482
f 1156//1483 1164//1483 278//1483
f 242//1484 2045//1484 1156//1484
f 1165//1485 1154//1485 278//1485
f 1150//1486 1165//1486 277//1486
f 268//1487 2046//1487 1150//1487
f 282//1488 2047//1488 1166//1488
f 1149//1489 1167//1489 275//1489
f 276//1490 2047//1490 1149//1490
f 274//1491 2048//1491 1168//1491
f 275//1492 2048//1492 1146//1492
f 1168//1493 1167//1493 282//1493
f 1170//1494 1169//1494 283//1494
f 1143//1495 1170//1495 272//1495
f 274//1496 2049//1496 1143//1496
f 1172//1497 1171//1497 284//1497
f 285//1498 2050//1498 1172//1498
f 272//1499 2050//1499 1173//1499
f 284//1500 2051//1500 1174//1500
f 1170//1501 1171//1501 272//1501
f 1174//1502 1170//1502 283//1502
f 286//1503 2052//1503 1175//1503
f 1139//1504 1176//1504 273//1504
f 1175//1505 1139//1505 272//1505
f 285//1506 2053//1506 1173//1506
f 1175//1507 1177//1507 286//1507
f 272//1508 2053//1508 1175//1508
f 285//1509 2054//1509 1177//1509
f 1179//1510 1178//1510 111//1510
f 1177//1511 1179//1511 286//1511
f 1180//1512 1172//1512 284//1512
f 111//1513 2055//1513 1180//1513
f 285//1514 2055//1514 1178//1514
f 287//1515 2056//1515 1181//1515
f 1174//1516 1182//1516 284//1516
f 283//1517 2056//1517 1174//1517
f 1183//1518 1182//1518 287//1518
f 1180//1519 1183//1519 111//1519
f 284//1520 2057//1520 1180//1520
f 288//1521 2058//1521 1184//1521
f 1165//1522 1185//1522 277//1522
f 1184//1523 1165//1523 278//1523
f 1187//1524 1186//1524 289//1524
f 1168//1525 1187//1525 274//1525
f 282//1526 2059//1526 1168//1526
f 283//1527 2060//1527 1188//1527
f 1187//1528 1169//1528 274//1528
f 1188//1529 1187//1529 289//1529
f 110//1530 2061//1530 1189//1530
f 1183//1531 670//1531 111//1531
f 287//1532 2061//1532 1183//1532
f 1191//1533 1190//1533 290//1533
f 287//1534 2062//1534 1191//1534
f 283//1535 2062//1535 1181//1535
f 290//1536 2063//1536 1191//1536
f 102//1537 2063//1537 1192//1537
f 1191//1538 1193//1538 287//1538
f 668//1539 1193//1539 102//1539
f 110//1540 2064//1540 668//1540
f 287//1541 2064//1541 1189//1541
f 291//1542 2065//1542 1194//1542
f 1188//1543 1195//1543 283//1543
f 289//1544 2065//1544 1188//1544
f 290//1545 2066//1545 1196//1545
f 1195//1546 1190//1546 283//1546
f 1196//1547 1195//1547 291//1547
f 1198//1548 1197//1548 292//1548
f 282//1549 2067//1549 1198//1549
f 276//1550 2067//1550 1166//1550
f 289//1551 2068//1551 1199//1551
f 1198//1552 1186//1552 282//1552
f 292//1553 2068//1553 1198//1553
f 293//1554 2069//1554 1200//1554
f 276//1555 2069//1555 1201//1555
f 1200//1556 1152//1556 277//1556
f 1202//1557 1201//1557 293//1557
f 292//1558 2070//1558 1202//1558
f 1201//1559 1197//1559 276//1559
f 1204//1560 1203//1560 294//1560
f 281//1561 2071//1561 1204//1561
f 1203//1562 1162//1562 263//1562
f 1164//1563 1205//1563 278//1563
f 281//1564 2072//1564 1164//1564
f 294//1565 2072//1565 1204//1565
f 1207//1566 1206//1566 295//1566
f 277//1567 2073//1567 1207//1567
f 1206//1568 1185//1568 288//1568
f 295//1569 2074//1569 1207//1569
f 1200//1570 1208//1570 293//1570
f 1207//1571 1200//1571 277//1571
f 296//1572 2075//1572 1209//1572
f 1202//1573 1210//1573 292//1573
f 1209//1574 1202//1574 293//1574
f 289//1575 2076//1575 1211//1575
f 292//1576 2076//1576 1199//1576
f 1211//1577 1210//1577 296//1577
f 288//1578 2077//1578 1212//1578
f 278//1579 2077//1579 1184//1579
f 1212//1580 1205//1580 294//1580
f 1203//1581 1213//1581 294//1581
f 1214//1582 1203//1582 263//1582
f 297//1583 2078//1583 1214//1583
f 298//1584 2079//1584 1215//1584
f 1213//1585 1216//1585 294//1585
f 1215//1586 1213//1586 297//1586
f 299//1587 2080//1587 1217//1587
f 294//1588 2080//1588 1218//1588
f 1217//1589 1216//1589 298//1589
f 299//1590 2081//1590 1218//1590
f 1212//1591 1219//1591 288//1591
f 294//1592 2081//1592 1212//1592
f 1221//1593 1220//1593 300//1593
f 295//1594 2082//1594 1221//1594
f 288//1595 2082//1595 1206//1595
f 301//1596 2083//1596 1222//1596
f 293//1597 2083//1597 1223//1597
f 1222//1598 1208//1598 295//1598
f 301//1599 2084//1599 1223//1599
f 296//1600 2084//1600 1224//1600
f 293//1601 2084//1601 1209//1601
f 1226//1602 1225//1602 302//1602
f 1211//1603 1226//1603 289//1603
f 296//1604 2085//1604 1211//1604
f 1228//1605 1227//1605 303//1605
f 291//1606 2086//1606 1228//1606
f 289//1607 2086//1607 1194//1607
f 303//1608 2087//1608 1229//1608
f 1226//1609 1227//1609 289//1609
f 1229//1610 1226//1610 302//1610
f 1231//1611 1230//1611 304//1611
f 1196//1612 1231//1612 290//1612
f 291//1613 2088//1613 1196//1613
f 304//1614 2089//1614 1232//1614
f 1228//1615 1230//1615 291//1615
f 303//1616 2089//1616 1228//1616
f 1233//1617 1231//1617 304//1617
f 305//1618 2090//1618 1233//1618
f 1231//1619 1234//1619 290//1619
f 305//1620 2091//1620 1234//1620
f 102//1621 2091//1621 1235//1621
f 290//1622 2091//1622 1192//1622
f 1236//1623 1235//1623 305//1623
f 669//1624 1236//1624 84//1624
f 102//1625 2092//1625 669//1625
f 1238//1626 1237//1626 306//1626
f 1236//1627 1238//1627 84//1627
f 305//1628 2093//1628 1236//1628
f 306//1629 2094//1629 1239//1629
f 1233//1630 1237//1630 305//1630
f 304//1631 2094//1631 1233//1631
f 307//1632 2095//1632 1240//1632
f 1229//1633 1241//1633 303//1633
f 302//1634 2095//1634 1229//1634
f 304//1635 2096//1635 1242//1635
f 303//1636 2096//1636 1232//1636
f 1242//1637 1241//1637 307//1637
f 308//1638 2097//1638 1243//1638
f 1221//1639 1244//1639 295//1639
f 1243//1640 1221//1640 300//1640
f 300//1641 2098//1641 1245//1641
f 1219//1642 1220//1642 288//1642
f 299//1643 2098//1643 1219//1643
f 309//1644 2099//1644 1246//1644
f 1217//1645 1247//1645 299//1645
f 298//1646 2099//1646 1217//1646
f 310//1647 2100//1647 1248//1647
f 299//1648 2100//1648 1249//1648
f 1248//1649 1247//1649 309//1649
f 310//1650 2101//1650 1249//1650
f 300//1651 2101//1651 1250//1651
f 1249//1652 1245//1652 299//1652
f 1252//1653 1251//1653 311//1653
f 295//1654 2102//1654 1252//1654
f 1251//1655 1244//1655 308//1655
f 312//1656 2103//1656 1253//1656
f 301//1657 2103//1657 1254//1657
f 1253//1658 1222//1658 295//1658
f 311//1659 2104//1659 1252//1659
f 312//1660 2104//1660 1255//1660
f 1252//1661 1253//1661 295//1661
f 312//1662 2105//1662 1254//1662
f 313//1663 2105//1663 1256//1663
f 301//1664 2105//1664 1257//1664
f 313//1665 2106//1665 1257//1665
f 1224//1666 1258//1666 296//1666
f 301//1667 2106//1667 1224//1667
f 302//1668 2107//1668 1259//1668
f 1258//1669 1225//1669 296//1669
f 313//1670 2107//1670 1258//1670
f 314//1671 2108//1671 1260//1671
f 1242//1672 1261//1672 304//1672
f 307//1673 2108//1673 1242//1673
f 314//1674 2109//1674 1261//1674
f 1263//1675 1262//1675 70//1675
f 1261//1676 1263//1676 304//1676
f 1264//1677 1263//1677 70//1677
f 306//1678 2110//1678 1264//1678
f 304//1679 2110//1679 1239//1679
f 598//1680 1265//1680 62//1680
f 1238//1681 598//1681 84//1681
f 306//1682 2111//1682 1238//1682
f 564//1683 1264//1683 70//1683
f 62//1684 2112//1684 564//1684
f 1264//1685 1265//1685 306//1685
f 1267//1686 1266//1686 72//1686
f 314//1687 2113//1687 1267//1687
f 307//1688 2113//1688 1260//1688
f 569//1689 1267//1689 72//1689
f 70//1690 2114//1690 569//1690
f 1267//1691 1262//1691 314//1691
f 1269//1692 1268//1692 315//1692
f 307//1693 2115//1693 1269//1693
f 302//1694 2115//1694 1240//1694
f 72//1695 2116//1695 1270//1695
f 1269//1696 1266//1696 307//1696
f 1270//1697 1269//1697 315//1697
f 316//1698 2117//1698 1271//1698
f 313//1699 2117//1699 1272//1699
f 1271//1700 1256//1700 312//1700
f 302//1701 2118//1701 1273//1701
f 313//1702 2118//1702 1259//1702
f 1273//1703 1272//1703 316//1703
f 1275//1704 1274//1704 317//1704
f 312//1705 2119//1705 1275//1705
f 1274//1706 1255//1706 311//1706
f 317//1707 2120//1707 1275//1707
f 316//1708 2120//1708 1276//1708
f 1275//1709 1271//1709 312//1709
f 318//1710 2121//1710 1277//1710
f 1251//1711 1278//1711 311//1711
f 1277//1712 1251//1712 308//1712
f 1280//1713 1279//1713 319//1713
f 1248//1714 1280//1714 310//1714
f 309//1715 2122//1715 1248//1715
f 320//1716 2123//1716 1281//1716
f 1243//1717 1282//1717 308//1717
f 300//1718 2123//1718 1243//1718
f 1283//1719 1282//1719 320//1719
f 1277//1720 1283//1720 318//1720
f 308//1721 2124//1721 1277//1721
f 321//1722 2125//1722 1284//1722
f 1276//1723 1285//1723 316//1723
f 1284//1724 1276//1724 317//1724
f 1287//1725 1286//1725 322//1725
f 1273//1726 1287//1726 302//1726
f 316//1727 2126//1727 1273//1727
f 322//1728 2127//1728 1288//1728
f 316//1729 2127//1729 1286//1729
f 1288//1730 1285//1730 321//1730
f 315//1731 2128//1731 1289//1731
f 1287//1732 1268//1732 302//1732
f 1289//1733 1287//1733 322//1733
f 71//1734 2129//1734 1290//1734
f 1270//1735 568//1735 72//1735
f 315//1736 2129//1736 1270//1736
f 565//1737 1291//1737 52//1737
f 71//1738 2130//1738 565//1738
f 1291//1739 1290//1739 315//1739
f 1293//1740 1292//1740 323//1740
f 1289//1741 1293//1741 315//1741
f 322//1742 2131//1742 1289//1742
f 52//1743 2132//1743 1294//1743
f 1293//1744 1291//1744 315//1744
f 323//1745 2132//1745 1293//1745
f 1296//1746 1295//1746 51//1746
f 1288//1747 1296//1747 322//1747
f 321//1748 2133//1748 1288//1748
f 323//1749 2134//1749 1297//1749
f 1296//1750 1292//1750 322//1750
f 1297//1751 1296//1751 51//1751
f 1299//1752 1298//1752 324//1752
f 321//1753 2135//1753 1299//1753
f 1298//1754 1284//1754 317//1754
f 51//1755 2136//1755 1300//1755
f 1299//1756 1295//1756 321//1756
f 324//1757 2136//1757 1299//1757
f 325//1758 2137//1758 1301//1758
f 317//1759 2137//1759 1302//1759
f 1301//1760 1274//1760 311//1760
f 325//1761 2138//1761 1302//1761
f 324//1762 2138//1762 1303//1762
f 317//1763 2138//1763 1298//1763
f 1305//1764 1304//1764 326//1764
f 1250//1765 1305//1765 300//1765
f 310//1766 2139//1766 1250//1766
f 326//1767 2140//1767 1306//1767
f 310//1768 2140//1768 1304//1768
f 1306//1769 1280//1769 319//1769
f 327//1770 2141//1770 1307//1770
f 1306//1771 1308//1771 326//1771
f 1307//1772 1306//1772 319//1772
f 1281//1773 1309//1773 320//1773
f 1305//1774 1281//1774 300//1774
f 1309//1775 1305//1775 326//1775
f 328//1776 2143//1776 1310//1776
f 1301//1777 1311//1777 325//1777
f 1310//1778 1301//1778 311//1778
f 1312//1779 1278//1779 318//1779
f 1310//1780 1312//1780 328//1780
f 311//1781 2144//1781 1310//1781
f 1313//1782 1311//1782 328//1782
f 1314//1783 1313//1783 329//1783
f 325//1784 2145//1784 1314//1784
f 1315//1785 1314//1785 329//1785
f 324//1786 2146//1786 1315//1786
f 1314//1787 1303//1787 325//1787
f 51//1788 2147//1788 1316//1788
f 324//1789 2147//1789 1300//1789
f 1316//1790 1315//1790 329//1790
f 50//1791 2148//1791 515//1791
f 1297//1792 1317//1792 323//1792
f 51//1793 2148//1793 1297//1793
f 52//1794 2149//1794 518//1794
f 323//1795 2149//1795 1294//1795
f 518//1796 1317//1796 50//1796
f 49//1797 2150//1797 1318//1797
f 1316//1798 513//1798 51//1798
f 329//1799 2150//1799 1316//1799
f 1319//1800 1318//1800 329//1800
f 512//1801 1319//1801 25//1801
f 49//1802 2151//1802 512//1802
f 330//1803 2152//1803 1320//1803
f 328//1804 2152//1804 1321//1804
f 1320//1805 1312//1805 318//1805
f 1323//1806 1322//1806 36//1806
f 328//1807 2153//1807 1323//1807
f 330//1808 2153//1808 1321//1808
f 36//1809 2154//1809 1323//1809
f 1313//1810 1324//1810 329//1810
f 1323//1811 1313//1811 328//1811
f 331//1812 2155//1812 1325//1812
f 318//1813 2155//1813 1326//1813
f 1325//1814 1283//1814 320//1814
f 319//1815 2156//1815 1307//1815
f 87//1816 2156//1816 1327//1816
f 327//1817 2156//1817 1328//1817
f 610//1818 1329//1818 89//1818
f 87//1819 2157//1819 610//1819
f 1329//1820 1327//1820 319//1820
f 1331//1821 1330//1821 332//1821
f 319//1822 2158//1822 1331//1822
f 309//1823 2158//1823 1279//1823
f 333//1824 2159//1824 1332//1824
f 1331//1825 1333//1825 319//1825
f 332//1826 2159//1826 1331//1826
f 333//1827 2160//1827 1333//1827
f 89//1828 2160//1828 1334//1828
f 1333//1829 1329//1829 319//1829
f 334//1830 2161//1830 1335//1830
f 88//1831 2161//1831 1336//1831
f 1335//1832 606//1832 89//1832
f 1335//1833 1337//1833 334//1833
f 89//1834 2162//1834 1335//1834
f 333//1835 2162//1835 1334//1835
f 335//1836 2163//1836 1338//1836
f 333//1837 2163//1837 1339//1837
f 332//1838 2163//1838 1332//1838
f 334//1839 2164//1839 1340//1839
f 1339//1840 1337//1840 333//1840
f 1340//1841 1339//1841 335//1841
f 336//1842 2165//1842 1341//1842
f 337//1843 2165//1843 1342//1843
f 1341//1844 1343//1844 332//1844
f 1344//1845 1343//1845 337//1845
f 335//1846 2166//1846 1344//1846
f 332//1847 2166//1847 1338//1847
f 332//1848 2167//1848 1341//1848
f 1345//1849 1330//1849 309//1849
f 1341//1850 1345//1850 336//1850
f 1346//1851 1344//1851 337//1851
f 334//1852 2168//1852 1346//1852
f 335//1853 2168//1853 1340//1853
f 88//1854 2169//1854 638//1854
f 334//1855 2169//1855 1336//1855
f 638//1856 1347//1856 99//1856
f 1347//1857 1348//1857 99//1857
f 1346//1858 1347//1858 334//1858
f 337//1859 2170//1859 1346//1859
f 309//1860 2171//1860 1345//1860
f 298//1861 2171//1861 1246//1861
f 1345//1862 1349//1862 336//1862
f 336//1863 2172//1863 1342//1863
f 99//1864 2172//1864 1350//1864
f 1342//1865 1348//1865 337//1865
f 338//1866 2173//1866 1351//1866
f 336//1867 2173//1867 1352//1867
f 1351//1868 1353//1868 339//1868
f 338//1869 2174//1869 1352//1869
f 99//1870 2174//1870 1354//1870
f 1352//1871 1350//1871 336//1871
f 336//1872 2175//1872 1353//1872
f 1355//1873 1349//1873 298//1873
f 339//1874 2175//1874 1355//1874
f 298//1875 2176//1875 1355//1875
f 297//1876 2176//1876 1215//1876
f 1355//1877 1356//1877 339//1877
f 340//1878 2177//1878 1357//1878
f 338//1879 2177//1879 1358//1879
f 1357//1880 1351//1880 339//1880
f 1359//1881 1358//1881 340//1881
f 1354//1882 1359//1882 99//1882
f 338//1883 2178//1883 1354//1883
f 1359//1884 1360//1884 99//1884
f 340//1885 2179//1885 1359//1885
f 1360//1886 1361//1886 341//1886
f 341//1887 2180//1887 1360//1887
f 682//1888 1362//1888 115//1888
f 1360//1889 682//1889 99//1889
f 1363//1890 1361//1890 340//1890
f 1364//1891 1363//1891 342//1891
f 341//1892 2181//1892 1364//1892
f 1363//1893 1365//1893 342//1893
f 340//1894 2182//1894 1363//1894
f 339//1895 2182//1895 1357//1895
f 339//1896 2183//1896 1365//1896
f 1366//1897 1356//1897 297//1897
f 342//1898 2183//1898 1366//1898
f 1368//1899 1367//1899 280//1899
f 342//1900 2184//1900 1368//1900
f 1367//1901 1366//1901 297//1901
f 343//1902 2185//1902 1369//1902
f 1368//1903 1370//1903 342//1903
f 280//1904 2185//1904 1368//1904
f 1371//1905 1370//1905 343//1905
f 341//1906 2186//1906 1371//1906
f 342//1907 2186//1907 1364//1907
f 1371//1908 1362//1908 341//1908
f 343//1909 2187//1909 1371//1909
f 115//1910 2187//1910 1372//1910
f 1373//1911 1160//1911 279//1911
f 343//1912 2188//1912 1373//1912
f 1160//1913 1369//1913 280//1913
f 115//1914 2189//1914 1374//1914
f 343//1915 2189//1915 1372//1915
f 1374//1916 1373//1916 279//1916
f 1214//1917 1367//1917 297//1917
f 263//1918 2190//1918 1214//1918
f 1367//1919 1161//1919 280//1919
f 1374//1920 734//1920 115//1920
f 279//1921 2191//1921 1374//1921
f 734//1922 1375//1922 133//1922
f 133//1923 2192//1923 1135//1923
f 1157//1924 1375//1924 279//1924
f 269//1925 2192//1925 1157//1925
f 1376//1926 1328//1926 87//1926
f 344//1927 2193//1927 1376//1927
f 327//1928 2193//1928 1377//1928
f 327//1929 2194//1929 1378//1929
f 344//1930 2194//1930 1377//1930
f 1378//1931 1379//1931 345//1931
f 345//1932 2195//1932 1378//1932
f 1308//1933 1380//1933 326//1933
f 327//1934 2195//1934 1308//1934
f 80//1935 2196//1935 604//1935
f 1376//1936 1381//1936 344//1936
f 604//1937 1376//1937 87//1937
f 1382//1938 587//1938 79//1938
f 344//1939 2197//1939 1382//1939
f 587//1940 1381//1940 80//1940
f 1384//1941 1383//1941 346//1941
f 326//1942 2198//1942 1384//1942
f 1383//1943 1380//1943 345//1943
f 346//1944 2199//1944 1384//1944
f 1309//1945 1385//1945 320//1945
f 326//1946 2199//1946 1309//1946
f 347//1947 2200//1947 1386//1947
f 320//1948 2200//1948 1387//1948
f 1386//1949 1385//1949 346//1949
f 344//1950 2201//1950 1379//1950
f 348//1951 2201//1951 1388//1951
f 1379//1952 1389//1952 345//1952
f 79//1953 2202//1953 1382//1953
f 348//1954 2202//1954 1390//1954
f 1382//1955 1388//1955 344//1955
f 348//1956 2203//1956 1389//1956
f 1392//1957 1391//1957 349//1957
f 345//1958 2203//1958 1392//1958
f 79//1959 2204//1959 1390//1959
f 349//1960 2204//1960 1393//1960
f 1390//1961 1391//1961 348//1961
f 345//1962 2205//1962 1394//1962
f 349//1963 2205//1963 1392//1963
f 1394//1964 1395//1964 350//1964
f 350//1965 2206//1965 1394//1965
f 1383//1966 1396//1966 346//1966
f 1394//1967 1383//1967 345//1967
f 347//1968 2207//1968 1387//1968
f 1325//1969 1397//1969 331//1969
f 320//1970 2207//1970 1325//1970
f 1399//1971 1398//1971 351//1971
f 79//1972 2208//1972 1399//1972
f 1398//1973 586//1973 76//1973
f 75//1974 2209//1974 578//1974
f 1398//1975 1400//1975 351//1975
f 578//1976 1398//1976 76//1976
f 1402//1977 1401//1977 352//1977
f 349//1978 2210//1978 1402//1978
f 79//1979 2210//1979 1393//1979
f 351//1980 2211//1980 1399//1980
f 1401//1981 1403//1981 352//1981
f 1399//1982 1401//1982 79//1982
f 1404//1983 1395//1983 349//1983
f 1405//1984 1404//1984 353//1984
f 350//1985 2212//1985 1405//1985
f 352//1986 2213//1986 1402//1986
f 353//1987 2213//1987 1406//1987
f 1402//1988 1404//1988 349//1988
f 1405//1989 1407//1989 350//1989
f 353//1990 2214//1990 1405//1990
f 354//1991 2214//1991 1408//1991
f 355//1992 2215//1992 1409//1992
f 346//1993 2215//1993 1410//1993
f 1409//1994 1396//1994 350//1994
f 354//1995 2216//1995 1407//1995
f 1409//1996 1411//1996 355//1996
f 350//1997 2216//1997 1409//1997
f 355//1998 2217//1998 1410//1998
f 1386//1999 1412//1999 347//1999
f 346//2000 2217//2000 1386//2000
f 1413//2001 1412//2001 355//2001
f 356//2002 2218//2002 1413//2002
f 347//2003 2218//2003 1414//2003
f 357//2004 2219//2004 1415//2004
f 1417//2005 1416//2005 358//2005
f 347//2006 2219//2006 1417//2006
f 356//2007 2220//2007 1414//2007
f 1415//2008 1418//2008 357//2008
f 347//2009 2220//2009 1415//2009
f 1417//2010 1397//2010 347//2010
f 358//2011 2221//2011 1417//2011
f 1397//2012 1419//2012 331//2012
f 1420//2013 1416//2013 357//2013
f 359//2014 2222//2014 1420//2014
f 358//2015 2222//2015 1421//2015
f 1422//2016 1418//2016 356//2016
f 42//2017 2223//2017 1422//2017
f 357//2018 2223//2018 1423//2018
f 357//2019 2224//2019 1420//2019
f 42//2020 2224//2020 1423//2020
f 1420//2021 1424//2021 359//2021
f 1425//2022 1413//2022 355//2022
f 360//2023 2225//2023 1425//2023
f 1413//2024 1426//2024 356//2024
f 1427//2025 1426//2025 360//2025
f 1422//2026 1427//2026 42//2026
f 356//2027 2226//2027 1422//2027
f 361//2028 2227//2028 1428//2028
f 1425//2029 1429//2029 360//2029
f 355//2030 2227//2030 1425//2030
f 1430//2031 1411//2031 354//2031
f 362//2032 2228//2032 1430//2032
f 1411//2033 1431//2033 355//2033
f 1432//2034 1431//2034 362//2034
f 361//2035 2229//2035 1432//2035
f 355//2036 2229//2036 1428//2036
f 353//2037 2230//2037 1408//2037
f 363//2038 2230//2038 1433//2038
f 1408//2039 1434//2039 354//2039
f 1435//2040 1434//2040 363//2040
f 1430//2041 1435//2041 362//2041
f 354//2042 2231//2042 1430//2042
f 352//2043 2232//2043 1406//2043
f 1433//2044 1436//2044 363//2044
f 353//2045 2232//2045 1433//2045
f 364//2046 2233//2046 1437//2046
f 351//2047 2233//2047 1438//2047
f 1437//2048 1400//2048 75//2048
f 553//2049 577//2049 67//2049
f 66//2050 2234//2050 553//2050
f 75//2051 2234//2051 1439//2051
f 75//2052 2235//2052 1437//2052
f 1440//2053 1439//2053 66//2053
f 364//2054 2235//2054 1440//2054
f 66//2055 2236//2055 1440//2055
f 1441//2056 552//2056 56//2056
f 1440//2057 1441//2057 364//2057
f 365//2058 2237//2058 1442//2058
f 1438//2059 1443//2059 351//2059
f 364//2060 2237//2060 1438//2060
f 364//2061 2238//2061 1442//2061
f 1444//2062 1441//2062 56//2062
f 365//2063 2238//2063 1444//2063
f 366//2064 2239//2064 1445//2064
f 352//2065 2239//2065 1446//2065
f 1445//2066 1403//2066 351//2066
f 365//2067 2240//2067 1443//2067
f 1445//2068 1447//2068 366//2068
f 1443//2069 1445//2069 351//2069
f 1449//2070 1448//2070 367//2070
f 363//2071 2241//2071 1449//2071
f 1448//2072 1436//2072 352//2072
f 366//2073 2242//2073 1446//2073
f 1448//2074 1450//2074 367//2074
f 1446//2075 1448//2075 352//2075
f 1435//2076 1451//2076 362//2076
f 1452//2077 1435//2077 363//2077
f 368//2078 2243//2078 1452//2078
f 363//2079 2244//2079 1452//2079
f 367//2080 2244//2080 1449//2080
f 1452//2081 1453//2081 368//2081
f 1454//2082 1432//2082 362//2082
f 369//2083 2245//2083 1454//2083
f 361//2084 2245//2084 1455//2084
f 368//2085 2246//2085 1451//2085
f 1454//2086 1456//2086 369//2086
f 362//2087 2246//2087 1454//2087
f 1455//2088 1429//2088 361//2088
f 369//2089 2247//2089 1455//2089
f 1429//2090 1457//2090 360//2090
f 1458//2091 1427//2091 360//2091
f 43//2092 2248//2092 1458//2092
f 1427//2093 492//2093 42//2093
f 1459//2094 1457//2094 369//2094
f 1458//2095 1459//2095 43//2095
f 360//2096 2249//2096 1458//2096
f 490//2097 1424//2097 42//2097
f 1460//2098 490//2098 41//2098
f 359//2099 2250//2099 1460//2099
f 359//2100 2251//2100 1421//2100
f 1462//2101 1461//2101 370//2101
f 358//2102 2251//2102 1462//2102
f 1460//2103 1461//2103 359//2103
f 41//2104 2252//2104 1460//2104
f 1461//2105 1463//2105 370//2105
f 1464//2106 1419//2106 358//2106
f 371//2107 2253//2107 1464//2107
f 331//2108 2253//2108 1465//2108
f 370//2109 2254//2109 1462//2109
f 1464//2110 1466//2110 371//2110
f 1462//2111 1464//2111 358//2111
f 371//2112 2255//2112 1465//2112
f 1468//2113 1467//2113 372//2113
f 331//2114 2255//2114 1468//2114
f 373//2115 2256//2115 1469//2115
f 372//2116 2256//2116 1470//2116
f 1469//2117 1467//2117 371//2117
f 370//2118 2257//2118 1466//2118
f 1469//2119 1471//2119 373//2119
f 371//2120 2257//2120 1469//2120
f 488//2121 1463//2121 41//2121
f 1472//2122 488//2122 40//2122
f 370//2123 2258//2123 1472//2123
f 1472//2124 1471//2124 370//2124
f 40//2125 2259//2125 1472//2125
f 1471//2126 1473//2126 373//2126
f 373//2127 2260//2127 1470//2127
f 1475//2128 1474//2128 38//2128
f 372//2129 2260//2129 1475//2129
f 485//2130 1473//2130 40//2130
f 1476//2131 485//2131 39//2131
f 373//2132 2261//2132 1476//2132
f 39//2133 2262//2133 1476//2133
f 1474//2134 482//2134 38//2134
f 1476//2135 1474//2135 373//2135
f 372//2136 2263//2136 1468//2136
f 330//2137 2263//2137 1477//2137
f 1468//2138 1478//2138 331//2138
f 372//2139 2264//2139 1477//2139
f 1480//2140 1479//2140 37//2140
f 330//2141 2264//2141 1480//2141
f 38//2142 2265//2142 1475//2142
f 37//2143 2265//2143 480//2143
f 1475//2144 1479//2144 372//2144
f 331//2145 2266//2145 1326//2145
f 1320//2146 1478//2146 330//2146
f 318//2147 2266//2147 1320//2147
f 37//2148 2267//2148 1480//2148
f 1322//2149 476//2149 36//2149
f 1480//2150 1322//2150 330//2150
f 35//2151 2268//2151 478//2151
f 1324//2152 1481//2152 329//2152
f 478//2153 1324//2153 36//2153
f 1481//2154 1319//2154 329//2154
f 35//2155 2269//2155 1481//2155
f 25//2156 2269//2156 473//2156
f 1482//2157 1459//2157 369//2157
f 374//2158 2270//2158 1482//2158
f 1459//2159 1483//2159 43//2159
f 1484//2160 1483//2160 374//2160
f 494//2161 1484//2161 30//2161
f 43//2162 2271//2162 494//2162
f 1486//2163 1485//2163 375//2163
f 1482//2164 1486//2164 374//2164
f 369//2165 2272//2165 1482//2165
f 1487//2166 1456//2166 368//2166
f 375//2167 2273//2167 1487//2167
f 369//2168 2273//2168 1485//2168
f 368//2169 2274//2169 1488//2169
f 1489//2170 1453//2170 367//2170
f 376//2171 2274//2171 1489//2171
f 376//2172 2275//2172 1488//2172
f 1487//2173 1490//2173 375//2173
f 368//2174 2275//2174 1487//2174
f 1492//2175 1491//2175 377//2175
f 367//2176 2276//2176 1492//2176
f 1491//2177 1450//2177 366//2177
f 367//2178 2277//2178 1489//2178
f 377//2179 2277//2179 1492//2179
f 1489//2180 1493//2180 376//2180
f 376//2181 2278//2181 1494//2181
f 1495//2182 1493//2182 377//2182
f 378//2183 2278//2183 1495//2183
f 1496//2184 1490//2184 376//2184
f 379//2185 2279//2185 1496//2185
f 1490//2186 1497//2186 375//2186
f 378//2187 2280//2187 1494//2187
f 1496//2188 1498//2188 379//2188
f 376//2189 2280//2189 1496//2189
f 1499//2190 1497//2190 379//2190
f 380//2191 2281//2191 1499//2191
f 375//2192 2281//2192 1500//2192
f 1501//2193 1486//2193 375//2193
f 381//2194 2282//2194 1501//2194
f 1486//2195 1502//2195 374//2195
f 380//2196 2283//2196 1500//2196
f 1501//2197 1503//2197 381//2197
f 375//2198 2283//2198 1501//2198
f 1504//2199 1484//2199 374//2199
f 44//2200 2284//2200 1504//2200
f 1484//2201 495//2201 30//2201
f 1505//2202 1502//2202 381//2202
f 1504//2203 1505//2203 44//2203
f 374//2204 2285//2204 1504//2204
f 1507//2205 1506//2205 45//2205
f 381//2206 2286//2206 1507//2206
f 382//2207 2286//2207 1508//2207
f 1503//2208 1508//2208 381//2208
f 1509//2209 1503//2209 380//2209
f 382//2210 2287//2210 1509//2210
f 1505//2211 500//2211 44//2211
f 1507//2212 1505//2212 381//2212
f 45//2213 2288//2213 1507//2213
f 1509//2214 1510//2214 382//2214
f 380//2215 2289//2215 1509//2215
f 59//2216 2289//2216 1511//2216
f 1499//2217 1511//2217 380//2217
f 1512//2218 1499//2218 379//2218
f 59//2219 2290//2219 1512//2219
f 1512//2220 1513//2220 59//2220
f 379//2221 2291//2221 1512//2221
f 1513//2222 1514//2222 383//2222
f 1498//2223 1514//2223 379//2223
f 1515//2224 1498//2224 378//2224
f 383//2225 2292//2225 1515//2225
f 1516//2226 1495//2226 377//2226
f 384//2227 2293//2227 1516//2227
f 1495//2228 1517//2228 378//2228
f 1515//2229 1518//2229 383//2229
f 378//2230 2294//2230 1515//2230
f 384//2231 2294//2231 1517//2231
f 1520//2232 1519//2232 385//2232
f 377//2233 2295//2233 1520//2233
f 366//2234 2295//2234 1491//2234
f 384//2235 2296//2235 1521//2235
f 1520//2236 1516//2236 377//2236
f 385//2237 2296//2237 1520//2237
f 385//2238 2297//2238 1521//2238
f 1523//2239 1522//2239 386//2239
f 384//2240 2297//2240 1523//2240
f 386//2241 2298//2241 1523//2241
f 383//2242 2298//2242 1524//2242
f 1523//2243 1518//2243 384//2243
f 383//2244 2299//2244 1513//2244
f 386//2245 2299//2245 1524//2245
f 1513//2246 1525//2246 59//2246
f 382//2247 2300//2247 1526//2247
f 533//2248 1510//2248 59//2248
f 1526//2249 533//2249 32//2249
f 1526//2250 1506//2250 382//2250
f 32//2251 2301//2251 1526//2251
f 45//2252 2301//2252 499//2252
f 386//2253 2302//2253 1525//2253
f 532//2254 1527//2254 57//2254
f 1525//2255 532//2255 59//2255
f 57//2256 2303//2256 1528//2256
f 386//2257 2303//2257 1527//2257
f 1528//2258 1522//2258 385//2258
f 385//2259 2304//2259 1529//2259
f 366//2260 2304//2260 1519//2260
f 1529//2261 1447//2261 365//2261
f 365//2262 2305//2262 1529//2262
f 1528//2263 1530//2263 57//2263
f 385//2264 2305//2264 1528//2264
f 56//2265 2306//2265 1444//2265
f 57//2266 2306//2266 526//2266
f 1444//2267 1530//2267 365//2267
f 721//2268 1179//2268 111//2268
f 128//2269 2307//2269 721//2269
f 286//2270 2307//2270 1531//2270
f 286//2271 2308//2271 1532//2271
f 1533//2272 1531//2272 128//2272
f 1532//2273 1533//2273 387//2273
f 128//2274 2309//2274 1533//2274
f 130//2275 2309//2275 726//2275
f 1533//2276 1534//2276 387//2276
f 1532//2277 1176//2277 286//2277
f 1535//2278 1532//2278 387//2278
f 273//2279 2310//2279 1535//2279
f 387//2280 2311//2280 1535//2280
f 1537//2281 1536//2281 388//2281
f 1535//2282 1537//2282 273//2282
f 753//2283 1534//2283 130//2283
f 140//2284 2312//2284 753//2284
f 1534//2285 1538//2285 387//2285
f 1539//2286 1536//2286 387//2286
f 1540//2287 1539//2287 389//2287
f 388//2288 2313//2288 1540//2288
f 1538//2289 1539//2289 387//2289
f 1541//2290 1538//2290 140//2290
f 389//2291 2314//2291 1541//2291
f 273//2292 2315//2292 1140//2292
f 1542//2293 1537//2293 388//2293
f 271//2294 2315//2294 1542//2294
f 388//2295 2316//2295 1543//2295
f 1065//2296 1544//2296 246//2296
f 247//2297 2316//2297 1065//2297
f 389//2298 2317//2298 1540//2298
f 1544//2299 1545//2299 246//2299
f 1540//2300 1544//2300 388//2300
f 388//2301 2318//2301 1542//2301
f 1546//2302 1543//2302 247//2302
f 1542//2303 1546//2303 271//2303
f 389//2304 2319//2304 1545//2304
f 1547//2305 1541//2305 140//2305
f 246//2306 2319//2306 1547//2306
f 1546//2307 1548//2307 271//2307
f 1099//2308 1546//2308 247//2308
f 258//2309 2320//2309 1099//2309
f 1548//2310 1137//2310 271//2310
f 1121//2311 1548//2311 258//2311
f 265//2312 2321//2312 1121//2312
f 246//2313 2322//2313 1062//2313
f 1550//2314 1549//2314 149//2314
f 245//2315 2322//2315 1550//2315
f 140//2316 2323//2316 1547//2316
f 149//2317 2323//2317 778//2317
f 1547//2318 1549//2318 246//2318
f 245//2319 2324//2319 1059//2319
f 902//2320 1550//2320 149//2320
f 193//2321 2324//2321 902//2321
f 1//2322 391//2322 1551//2322
f 392//2323 1551//2323 391//2323
f 390//2324 1551//2324 392//2324
f 394//2325 1552//2325 393//2325
f 2//2326 391//2326 1552//2326
f 393//2327 1552//2327 391//2327
f 5//2328 396//2328 1553//2328
f 397//2329 1553//2329 396//2329
f 395//2330 1553//2330 397//2330
f 390//2331 1554//2331 397//2331
f 3//2332 398//2332 1554//2332
f 397//2333 1554//2333 398//2333
f 399//2334 1555//2334 393//2334
f 7//2335 400//2335 1555//2335
f 393//2336 1555//2336 400//2336
f 399//2337 1556//2337 401//2337
f 1//2338 396//2338 1556//2338
f 401//2339 1556//2339 396//2339
f 4//2340 402//2340 1557//2340
f 403//2341 1557//2341 402//2341
f 394//2342 1557//2342 403//2342
f 392//2343 1558//2343 404//2343
f 405//2344 1558//2344 392//2344
f 9//2345 404//2345 1558//2345
f 407//2346 1559//2346 406//2346
f 3//2347 404//2347 1559//2347
f 9//2348 406//2348 1559//2348
f 409//2349 1560//2349 408//2349
f 407//2350 1560//2350 409//2350
f 10//2351 408//2351 1560//2351
f 11//2352 410//2352 1561//2352
f 6//2353 398//2353 1561//2353
f 409//2354 1561//2354 398//2354
f 12//2355 412//2355 1562//2355
f 413//2356 1562//2356 412//2356
f 411//2357 1562//2357 413//2357
f 414//2358 1563//2358 410//2358
f 411//2359 1563//2359 414//2359
f 6//2360 410//2360 1563//2360
f 413//2361 1564//2361 415//2361
f 13//2362 416//2362 1564//2362
f 415//2363 1564//2363 416//2363
f 395//2364 1565//2364 417//2364
f 415//2365 1565//2365 395//2365
f 14//2366 417//2366 1565//2366
f 14//2367 418//2367 1566//2367
f 419//2368 1566//2368 418//2368
f 5//2369 417//2369 1566//2369
f 15//2370 420//2370 1567//2370
f 401//2371 1567//2371 420//2371
f 419//2372 1567//2372 401//2372
f 422//2373 1568//2373 421//2373
f 7//2374 420//2374 1568//2374
f 15//2375 421//2375 1568//2375
f 424//2376 1569//2376 423//2376
f 422//2377 1569//2377 424//2377
f 16//2378 423//2378 1569//2378
f 424//2379 1570//2379 400//2379
f 425//2380 1570//2380 424//2380
f 4//2381 400//2381 1570//2381
f 18//2382 427//2382 1571//2382
f 8//2383 402//2383 1571//2383
f 426//2384 1571//2384 402//2384
f 4//2385 425//2385 1572//2385
f 17//2386 428//2386 1572//2386
f 426//2387 1572//2387 428//2387
f 8//2388 430//2388 1573//2388
f 431//2389 1573//2389 430//2389
f 429//2390 1573//2390 431//2390
f 429//2391 1574//2391 403//2391
f 432//2392 1574//2392 429//2392
f 2//2393 403//2393 1574//2393
f 10//2394 406//2394 1575//2394
f 434//2395 1575//2395 406//2395
f 21//2396 433//2396 1575//2396
f 22//2397 436//2397 1576//2397
f 437//2398 1576//2398 436//2398
f 23//2399 435//2399 1576//2399
f 10//2400 433//2400 1577//2400
f 21//2401 438//2401 1577//2401
f 23//2402 437//2402 1577//2402
f 11//2403 408//2403 1578//2403
f 436//2404 1578//2404 408//2404
f 22//2405 439//2405 1578//2405
f 414//2406 1579//2406 440//2406
f 439//87 1579//87 414//87
f 22//2407 440//2407 1579//2407
f 442//2408 1580//2408 441//2408
f 13//2409 412//2409 1580//2409
f 441//2410 1580//2410 412//2410
f 444//2411 1581//2411 443//2411
f 441//2412 1581//2412 444//2412
f 12//2413 443//2413 1581//2413
f 25//2414 443//2414 1582//2414
f 446//2415 1582//2415 443//2415
f 26//2416 445//2416 1582//2416
f 13//2417 442//2417 1583//2417
f 448//2418 1583//2418 442//2418
f 447//2419 1583//2419 448//2419
f 14//2420 416//2420 1584//2420
f 13//2421 447//2421 1584//2421
f 449//2422 1584//2422 447//2422
f 27//2423 450//2423 1585//2423
f 451//2424 1585//2424 450//2424
f 14//2425 449//2425 1585//2425
f 28//2426 452//2426 1586//2426
f 15//2427 418//2427 1586//2427
f 451//2428 1586//2428 418//2428
f 454//2429 1587//2429 453//2429
f 15//2430 452//2430 1587//2430
f 28//2431 453//2431 1587//2431
f 16//2432 421//2432 1588//2432
f 454//2433 1588//2433 421//2433
f 29//2434 455//2434 1588//2434
f 457//2435 1589//2435 456//2435
f 16//2436 455//2436 1589//2436
f 29//2437 456//2437 1589//2437
f 458//2438 1590//2438 457//2438
f 17//2439 423//2439 1590//2439
f 457//2440 1590//2440 423//2440
f 31//2441 460//2441 1591//2441
f 458//2442 1591//2442 460//2442
f 30//2443 459//2443 1591//2443
f 460//2444 1592//2444 428//2444
f 31//2445 461//2445 1592//2445
f 18//2446 428//2446 1592//2446
f 32//2447 463//2447 1593//2447
f 19//2448 430//2448 1593//2448
f 462//2449 1593//2449 430//2449
f 18//2450 464//2450 1594//2450
f 462//2451 1594//2451 464//2451
f 427//2452 1594//2452 462//2452
f 21//2453 434//2453 1595//2453
f 466//2454 1595//2454 434//2454
f 33//2455 465//2455 1595//2455
f 23//2456 438//2456 1596//2456
f 21//2457 468//2457 1596//2457
f 467//2458 1596//2458 468//2458
f 21//2459 465//2459 1597//2459
f 469//2460 1597//2460 465//2460
f 34//2461 468//2461 1597//2461
f 23//2462 467//2462 1598//2462
f 471//2463 1598//2463 467//2463
f 26//2464 470//2464 1598//2464
f 26//2465 472//2465 1599//2465
f 22//2466 435//2466 1599//2466
f 23//2467 470//2467 1599//2467
f 12//2468 440//2468 1600//2468
f 22//2469 472//2469 1600//2469
f 446//2470 1600//2470 472//2470
f 35//2471 474//2471 1601//2471
f 444//2472 1601//2472 474//2472
f 25//2473 473//2473 1601//2473
f 36//2474 476//2474 1602//2474
f 477//2475 1602//2475 476//2475
f 475//2476 1602//2476 477//2476
f 35//2477 478//2477 1603//2477
f 36//2478 475//2478 1603//2478
f 474//2479 1603//2479 475//2479
f 477//2480 1604//2480 479//2480
f 37//2481 480//2481 1604//2481
f 479//2482 1604//2482 480//2482
f 27//2483 448//2483 1605//2483
f 479//2484 1605//2484 448//2484
f 481//2485 1605//2485 479//2485
f 38//2486 482//2486 1606//2486
f 483//2487 1606//2487 482//2487
f 481//2488 1606//2488 483//2488
f 39//2489 484//2489 1607//2489
f 28//2490 450//2490 1607//2490
f 483//2491 1607//2491 450//2491
f 486//2492 1608//2492 485//2492
f 28//2493 484//2493 1608//2493
f 39//2494 485//2494 1608//2494
f 453//2495 1609//2495 487//2495
f 486//2496 1609//2496 453//2496
f 40//2497 487//2497 1609//2497
f 489//2498 1610//2498 488//2498
f 29//2499 487//2499 1610//2499
f 488//2500 1610//2500 487//2500
f 491//2501 1611//2501 490//2501
f 29//2502 489//2502 1611//2502
f 41//2503 490//2503 1611//2503
f 493//2504 1612//2504 492//2504
f 491//2505 1612//2505 493//2505
f 42//2506 492//2506 1612//2506
f 494//2507 1613//2507 493//2507
f 30//2508 456//2508 1613//2508
f 493//2509 1613//2509 456//2509
f 496//2510 1614//2510 495//2510
f 459//2511 1614//2511 496//2511
f 30//2512 495//2512 1614//2512
f 31//2513 496//2513 1615//2513
f 497//2514 1615//2514 496//2514
f 18//2515 461//2515 1615//2515
f 45//2516 499//2516 1616//2516
f 32//2517 464//2517 1616//2517
f 498//2518 1616//2518 464//2518
f 497//2519 1617//2519 498//2519
f 44//2520 500//2520 1617//2520
f 498//2521 1617//2521 500//2521
f 405//2522 1618//2522 501//2522
f 502//2523 1618//2523 405//2523
f 46//2524 501//2524 1618//2524
f 9//2525 501//2525 1619//2525
f 503//2526 1619//2526 501//2526
f 466//2527 1619//2527 503//2527
f 33//2528 503//2528 1620//2528
f 505//2529 1620//2529 503//2529
f 47//2530 504//2530 1620//2530
f 34//2531 469//2531 1621//2531
f 33//2532 507//2532 1621//2532
f 506//2533 1621//2533 507//2533
f 33//2534 504//2534 1622//2534
f 508//2535 1622//2535 504//2535
f 48//2536 507//2536 1622//2536
f 506//2537 1623//2537 509//2537
f 510//2538 1623//2538 506//2538
f 49//2539 509//2539 1623//2539
f 34//2540 509//2540 1624//2540
f 511//2541 1624//2541 509//2541
f 471//2542 1624//2542 511//2542
f 25//2543 445//2543 1625//2543
f 26//2544 511//2544 1625//2544
f 512//2545 1625//2545 511//2545
f 514//2546 1626//2546 513//2546
f 50//2547 515//2547 1626//2547
f 513//2548 1626//2548 515//2548
f 48//2549 516//2549 1627//2549
f 514//2550 1627//2550 516//2550
f 510//2551 1627//2551 514//2551
f 517//2552 1628//2552 516//2552
f 518//2553 1628//2553 517//2553
f 50//2554 516//2554 1628//2554
f 508//2555 1629//2555 517//2555
f 47//2556 519//2556 1629//2556
f 517//2557 1629//2557 519//2557
f 47//2558 505//2558 1630//2558
f 521//2559 1630//2559 505//2559
f 520//2560 1630//2560 521//2560
f 47//2561 520//2561 1631//2561
f 522//2562 1631//2562 520//2562
f 52//2563 519//2563 1631//2563
f 432//2564 1632//2564 502//2564
f 523//2565 1632//2565 432//2565
f 502//2566 1632//2566 523//2566
f 32//2567 524//2567 1633//2567
f 525//2568 1633//2568 524//2568
f 19//2569 463//2569 1633//2569
f 56//2570 527//2570 1634//2570
f 528//2571 1634//2571 527//2571
f 57//2572 526//2572 1634//2572
f 58//2573 530//2573 1635//2573
f 527//2574 1635//2574 530//2574
f 529//2575 1635//2575 527//2575
f 59//2576 532//2576 1636//2576
f 57//2577 528//2577 1636//2577
f 531//2578 1636//2578 528//2578
f 531//2579 1637//2579 533//2579
f 55//2580 524//2580 1637//2580
f 533//2581 1637//2581 524//2581
f 58//2582 534//2582 1638//2582
f 535//2583 1638//2583 534//2583
f 530//2584 1638//2584 535//2584
f 55//2585 535//2585 1639//2585
f 536//2586 1639//2586 535//2586
f 525//2587 1639//2587 536//2587
f 536//2588 1640//2588 537//2588
f 538//2589 1640//2589 536//2589
f 54//2590 537//2590 1640//2590
f 46//2591 523//2591 1641//2591
f 539//2592 1641//2592 523//2592
f 521//2593 1641//2593 539//2593
f 541//2594 1642//2594 540//2594
f 61//2595 542//2595 1642//2595
f 62//2596 540//2596 1642//2596
f 540//2597 1643//2597 539//2597
f 543//2598 1643//2598 540//2598
f 53//2599 539//2599 1643//2599
f 20//2600 544//2600 1644//2600
f 545//2601 1644//2601 544//2601
f 541//2602 1644//2602 545//2602
f 64//2603 547//2603 1645//2603
f 60//2604 548//2604 1645//2604
f 546//2605 1645//2605 548//2605
f 65//2606 548//2606 1646//2606
f 534//2607 1646//2607 548//2607
f 549//2608 1646//2608 534//2608
f 58//2609 550//2609 1647//2609
f 551//2610 1647//2610 550//2610
f 549//2611 1647//2611 551//2611
f 56//2612 552//2612 1648//2612
f 66//2613 550//2613 1648//2613
f 529//2614 1648//2614 550//2614
f 553//2615 1649//2615 551//2615
f 67//2616 554//2616 1649//2616
f 65//2617 551//2617 1649//2617
f 65//2618 554//2618 1650//2618
f 67//2619 555//2619 1650//2619
f 546//2620 1650//2620 555//2620
f 556//2621 1651//2621 555//2621
f 68//2622 557//2622 1651//2622
f 64//2623 555//2623 1651//2623
f 559//2624 1652//2624 558//2624
f 547//2625 1652//2625 559//2625
f 64//2626 558//2626 1652//2626
f 60//2627 559//2627 1653//2627
f 560//2628 1653//2628 559//2628
f 538//2629 1653//2629 560//2629
f 19//2630 537//2630 1654//2630
f 54//2631 561//2631 1654//2631
f 431//2632 1654//2632 561//2632
f 561//2633 1655//2633 544//2633
f 562//2634 1655//2634 561//2634
f 63//2635 544//2635 1655//2635
f 543//2636 1656//2636 563//2636
f 564//2637 1656//2637 543//2637
f 70//2638 563//2638 1656//2638
f 522//2639 1657//2639 565//2639
f 566//2640 1657//2640 522//2640
f 71//2641 565//2641 1657//2641
f 563//2642 1658//2642 566//2642
f 567//2643 1658//2643 563//2643
f 71//2644 566//2644 1658//2644
f 567//2645 1659//2645 568//2645
f 569//2646 1659//2646 567//2646
f 72//2647 568//2647 1659//2647
f 54//2648 570//2648 1660//2648
f 73//2649 571//2649 1660//2649
f 562//2650 1660//2650 571//2650
f 69//2651 572//2651 1661//2651
f 73//2652 570//2652 1661//2652
f 560//2653 1661//2653 570//2653
f 68//2654 573//2654 1662//2654
f 558//2655 1662//2655 573//2655
f 64//2656 557//2656 1662//2656
f 556//2657 1663//2657 574//2657
f 575//2658 1663//2658 556//2658
f 74//2659 574//2659 1663//2659
f 575//2660 1664//2660 576//2660
f 67//2661 577//2661 1664//2661
f 75//2662 576//2662 1664//2662
f 578//2663 1665//2663 576//2663
f 76//2664 579//2664 1665//2664
f 74//2665 576//2665 1665//2665
f 63//2666 571//2666 1666//2666
f 73//2667 581//2667 1666//2667
f 580//2668 1666//2668 581//2668
f 78//2669 583//2669 1667//2669
f 69//2670 573//2670 1667//2670
f 582//2671 1667//2671 573//2671
f 582//2672 1668//2672 584//2672
f 68//2673 574//2673 1668//2673
f 74//2674 584//2674 1668//2674
f 76//2675 586//2675 1669//2675
f 587//2676 1669//2676 586//2676
f 585//2677 1669//2677 587//2677
f 585//2678 1670//2678 588//2678
f 80//2679 589//2679 1670//2679
f 588//2680 1670//2680 589//2680
f 74//2681 579//2681 1671//2681
f 76//2682 588//2682 1671//2682
f 590//2683 1671//2683 588//2683
f 590//2684 1672//2684 591//2684
f 81//2685 592//2685 1672//2685
f 591//2686 1672//2686 592//2686
f 82//2687 593//2687 1673//2687
f 78//2688 584//2688 1673//2688
f 591//2689 1673//2689 584//2689
f 73//2690 572//2690 1674//2690
f 69//2691 595//2691 1674//2691
f 594//2692 1674//2692 595//2692
f 594//2693 1675//2693 581//2693
f 83//2694 596//2694 1675//2694
f 77//2695 581//2695 1675//2695
f 63//2696 580//2696 1676//2696
f 597//2697 1676//2697 580//2697
f 61//2698 545//2698 1676//2698
f 62//2699 542//2699 1677//2699
f 61//2700 599//2700 1677//2700
f 598//2701 1677//2701 599//2701
f 601//2702 1678//2702 600//2702
f 583//2703 1678//2703 601//2703
f 78//2704 600//2704 1678//2704
f 81//2705 589//2705 1679//2705
f 603//2706 1679//2706 589//2706
f 86//2707 602//2707 1679//2707
f 604//2708 1680//2708 603//2708
f 87//2709 605//2709 1680//2709
f 603//2710 1680//2710 605//2710
f 607//2711 1681//2711 606//2711
f 608//2712 1681//2712 607//2712
f 89//2713 606//2713 1681//2713
f 81//2714 602//2714 1682//2714
f 86//2715 607//2715 1682//2715
f 609//2716 1682//2716 607//2716
f 86//2717 605//2717 1683//2717
f 610//2718 1683//2718 605//2718
f 608//2719 1683//2719 610//2719
f 609//2720 1684//2720 611//2720
f 88//2721 612//2721 1684//2721
f 611//2722 1684//2722 612//2722
f 82//2723 592//2723 1685//2723
f 611//2724 1685//2724 592//2724
f 613//2725 1685//2725 611//2725
f 615//2726 1686//2726 614//2726
f 78//2727 593//2727 1686//2727
f 82//2728 614//2728 1686//2728
f 615//2729 1687//2729 600//2729
f 91//409 616//409 1687//409
f 85//2730 600//2730 1687//2730
f 618//2731 1688//2731 617//2731
f 601//2732 1688//2732 618//2732
f 85//2733 617//2733 1688//2733
f 618//2734 1689//2734 595//2734
f 92//2735 619//2735 1689//2735
f 83//2736 595//2736 1689//2736
f 61//2737 597//2737 1690//2737
f 77//2738 621//2738 1690//2738
f 620//2739 1690//2739 621//2739
f 620//2740 1691//2740 599//2740
f 622//2741 1691//2741 620//2741
f 84//2742 599//2742 1691//2742
f 623//2743 1692//2743 621//2743
f 94//2744 624//2744 1692//2744
f 621//2745 1692//2745 624//2745
f 625//2746 1693//2746 596//2746
f 626//2747 1693//2747 625//2747
f 77//2748 596//2748 1693//2748
f 83//2749 619//2749 1694//2749
f 92//2750 627//2750 1694//2750
f 625//2751 1694//2751 627//2751
f 96//2752 629//2752 1695//2752
f 92//2753 617//2753 1695//2753
f 628//2754 1695//2754 617//2754
f 630//2755 1696//2755 628//2755
f 97//2756 631//2756 1696//2756
f 628//2757 1696//2757 631//2757
f 632//2758 1697//2758 616//2758
f 97//2759 630//2759 1697//2759
f 616//2760 1697//2760 630//2760
f 632//2761 1698//2761 633//2761
f 634//2762 1698//2762 632//2762
f 98//2763 633//2763 1698//2763
f 634//2764 1699//2764 635//2764
f 91//2765 614//2765 1699//2765
f 635//2766 1699//2766 614//2766
f 613//2767 1700//2767 635//2767
f 90//2768 636//2768 1700//2768
f 635//2769 1700//2769 636//2769
f 90//2770 612//2770 1701//2770
f 638//2771 1701//2771 612//2771
f 637//2772 1701//2772 638//2772
f 640//2773 1702//2773 639//2773
f 97//2774 633//2774 1702//2774
f 639//2775 1702//2775 633//2775
f 97//2776 640//2776 1703//2776
f 100//2777 641//2777 1703//2777
f 631//2778 1703//2778 641//2778
f 643//2779 1704//2779 642//2779
f 92//2780 629//2780 1704//2780
f 96//2781 642//2781 1704//2781
f 643//2782 1705//2782 627//2782
f 644//2783 1705//2783 643//2783
f 95//2784 627//2784 1705//2784
f 77//2785 626//2785 1706//2785
f 95//2786 645//2786 1706//2786
f 623//2787 1706//2787 645//2787
f 646//2788 1707//2788 624//2788
f 103//2789 647//2789 1707//2789
f 624//2790 1707//2790 647//2790
f 104//2791 649//2791 1708//2791
f 642//2792 1708//2792 649//2792
f 648//2793 1708//2793 642//2793
f 96//2794 650//2794 1709//2794
f 105//2795 651//2795 1709//2795
f 648//2796 1709//2796 651//2796
f 100//2797 652//2797 1710//2797
f 105//2798 650//2798 1710//2798
f 641//2799 1710//2799 650//2799
f 652//2800 1711//2800 653//2800
f 100//2801 654//2801 1711//2801
f 106//2802 653//2802 1711//2802
f 106//2803 654//2803 1712//2803
f 100//2804 639//2804 1712//2804
f 655//2805 1712//2805 639//2805
f 98//2806 636//2806 1713//2806
f 90//2807 656//2807 1713//2807
f 655//2808 1713//2808 656//2808
f 637//2809 1714//2809 657//2809
f 99//2810 658//2810 1714//2810
f 657//2811 1714//2811 658//2811
f 106//2812 656//2812 1715//2812
f 657//2813 1715//2813 656//2813
f 659//2814 1715//2814 657//2814
f 108//2815 661//2815 1716//2815
f 105//2816 653//2816 1716//2816
f 660//2817 1716//2817 653//2817
f 105//2818 661//2818 1717//2818
f 108//2819 662//2819 1717//2819
f 651//2820 1717//2820 662//2820
f 95//2821 644//2821 1718//2821
f 663//2822 1718//2822 644//2822
f 645//2823 1718//2823 663//2823
f 622//2824 1719//2824 664//2824
f 665//2825 1719//2825 622//2825
f 109//2826 664//2826 1719//2826
f 664//2827 1720//2827 666//2827
f 667//2828 1720//2828 664//2828
f 110//2829 666//2829 1720//2829
f 102//2830 669//2830 1721//2830
f 666//2831 1721//2831 669//2831
f 668//2832 1721//2832 666//2832
f 667//2833 1722//2833 670//2833
f 109//2834 671//2834 1722//2834
f 111//2835 670//2835 1722//2835
f 112//2836 673//2836 1723//2836
f 649//2837 1723//2837 673//2837
f 672//2838 1723//2838 649//2838
f 104//2839 674//2839 1724//2839
f 675//2840 1724//2840 674//2840
f 112//2841 672//2841 1724//2841
f 108//2842 676//2842 1725//2842
f 113//2843 674//2843 1725//2843
f 662//2844 1725//2844 674//2844
f 676//2845 1726//2845 677//2845
f 108//2846 678//2846 1726//2846
f 114//2847 677//2847 1726//2847
f 678//2848 1727//2848 679//2848
f 108//2849 660//2849 1727//2849
f 679//2850 1727//2850 660//2850
f 659//2851 1728//2851 679//2851
f 107//2852 680//2852 1728//2852
f 114//2853 679//2853 1728//2853
f 107//2854 658//2854 1729//2854
f 682//2855 1729//2855 658//2855
f 115//2856 681//2856 1729//2856
f 684//2857 1730//2857 683//2857
f 113//2858 677//2858 1730//2858
f 683//2859 1730//2859 677//2859
f 113//2860 684//2860 1731//2860
f 116//2861 685//2861 1731//2861
f 675//2862 1731//2862 685//2862
f 112//2863 686//2863 1732//2863
f 117//2864 687//2864 1732//2864
f 673//2865 1732//2865 687//2865
f 686//2866 1733//2866 688//2866
f 112//2867 685//2867 1733//2867
f 688//2868 1733//2868 685//2868
f 118//2869 690//2869 1734//2869
f 663//2870 1734//2870 690//2870
f 689//2871 1734//2871 663//2871
f 691//2872 1735//2872 687//2872
f 118//2873 689//2873 1735//2873
f 101//2874 687//2874 1735//2874
f 94//2875 690//2875 1736//2875
f 692//2876 1736//2876 690//2876
f 646//2877 1736//2877 692//2877
f 693//2878 1737//2878 692//2878
f 119//2879 694//2879 1737//2879
f 692//2880 1737//2880 694//2880
f 119//2881 693//2881 1738//2881
f 118//2882 696//2882 1738//2882
f 695//2883 1738//2883 696//2883
f 120//2884 696//2884 1739//2884
f 691//2885 1739//2885 696//2885
f 117//2886 697//2886 1739//2886
f 121//2887 699//2887 1740//2887
f 116//2888 700//2888 1740//2888
f 698//2889 1740//2889 700//2889
f 688//2890 1741//2890 701//2890
f 116//2891 699//2891 1741//2891
f 121//2892 701//2892 1741//2892
f 122//2893 700//2893 1742//2893
f 683//2894 1742//2894 700//2894
f 702//2895 1742//2895 683//2895
f 114//2896 680//2896 1743//2896
f 107//2897 703//2897 1743//2897
f 702//2898 1743//2898 703//2898
f 107//2899 681//2899 1744//2899
f 115//2900 705//2900 1744//2900
f 704//2901 1744//2901 705//2901
f 122//2902 703//2902 1745//2902
f 704//2903 1745//2903 703//2903
f 123//2904 706//2904 1745//2904
f 706//2905 1746//2905 707//2905
f 123//2906 708//2906 1746//2906
f 707//2907 1746//2907 708//2907
f 124//2908 709//2908 1747//2908
f 698//2909 1747//2909 709//2909
f 707//2910 1747//2910 698//2910
f 711//2911 1748//2911 710//2911
f 121//2912 709//2912 1748//2912
f 710//2913 1748//2913 709//2913
f 121//2914 711//2914 1749//2914
f 125//2915 712//2915 1749//2915
f 701//2916 1749//2916 712//2916
f 117//2917 712//2917 1750//2917
f 713//2918 1750//2918 712//2918
f 120//2919 697//2919 1750//2919
f 93//2920 647//2920 1751//2920
f 715//2921 1751//2921 647//2921
f 126//2922 714//2922 1751//2922
f 714//2923 1752//2923 716//2923
f 126//2924 717//2924 1752//2924
f 127//2925 716//2925 1752//2925
f 109//2926 665//2926 1753//2926
f 716//2927 1753//2927 665//2927
f 127//2928 718//2928 1753//2928
f 718//2929 1754//2929 719//2929
f 127//2930 720//2930 1754//2930
f 128//2931 719//2931 1754//2931
f 111//2932 671//2932 1755//2932
f 719//2933 1755//2933 671//2933
f 721//2934 1755//2934 719//2934
f 717//615 1756//615 722//615
f 723//2935 1756//2935 717//2935
f 129//2936 722//2936 1756//2936
f 127//2937 722//2937 1757//2937
f 129//2938 725//2938 1757//2938
f 724//2939 1757//2939 725//2939
f 128//2940 720//2940 1758//2940
f 724//2941 1758//2941 720//2941
f 130//2942 726//2942 1758//2942
f 103//2943 727//2943 1759//2943
f 131//2944 728//2944 1759//2944
f 715//2945 1759//2945 728//2945
f 103//2946 694//2946 1760//2946
f 729//2947 1760//2947 694//2947
f 131//2948 727//2948 1760//2948
f 132//2949 731//2949 1761//2949
f 710//2950 1761//2950 731//2950
f 124//2951 730//2951 1761//2951
f 124//2952 708//2952 1762//2952
f 732//2953 1762//2953 708//2953
f 132//2954 730//2954 1762//2954
f 123//2955 705//2955 1763//2955
f 734//2956 1763//2956 705//2956
f 733//2957 1763//2957 734//2957
f 733//2958 1764//2958 732//2958
f 133//2959 735//2959 1764//2959
f 132//2960 732//2960 1764//2960
f 134//2961 737//2961 1765//2961
f 731//2962 1765//2962 737//2962
f 132//2963 736//2963 1765//2963
f 135//2964 739//2964 1766//2964
f 737//2965 1766//2965 739//2965
f 134//2966 738//2966 1766//2966
f 125//2967 739//2967 1767//2967
f 740//2968 1767//2968 739//2968
f 713//2969 1767//2969 740//2969
f 740//2970 1768//2970 741//2970
f 742//2971 1768//2971 740//2971
f 136//2972 741//2972 1768//2972
f 743//2973 1769//2973 741//2973
f 695//2974 1769//2974 743//2974
f 120//2975 741//2975 1769//2975
f 137//2976 745//2976 1770//2976
f 743//2977 1770//2977 745//2977
f 744//2978 1770//2978 743//2978
f 119//2979 745//2979 1771//2979
f 746//2980 1771//2980 745//2980
f 729//2981 1771//2981 746//2981
f 747//2982 1772//2982 728//2982
f 138//2983 748//2983 1772//2983
f 728//2984 1772//2984 748//2984
f 129//2985 723//2985 1773//2985
f 750//2986 1773//2986 723//2986
f 749//2987 1773//2987 750//2987
f 129//2988 749//2988 1774//2988
f 139//2989 752//2989 1774//2989
f 751//2990 1774//2990 752//2990
f 130//2991 725//2991 1775//2991
f 751//2992 1775//2992 725//2992
f 753//2993 1775//2993 751//2993
f 747//2994 1776//2994 754//2994
f 131//2995 755//2995 1776//2995
f 141//2996 754//2996 1776//2996
f 136//2997 756//2997 1777//2997
f 757//2998 1777//2998 756//2998
f 744//2999 1777//2999 757//2999
f 758//3000 1778//3000 756//3000
f 759//3001 1778//3001 758//3001
f 142//3002 756//3002 1778//3002
f 135//3003 760//3003 1779//3003
f 143//3004 758//3004 1779//3004
f 742//3005 1779//3005 758//3005
f 143//3006 760//3006 1780//3006
f 135//3007 762//3007 1780//3007
f 761//3008 1780//3008 762//3008
f 144//3009 762//3009 1781//3009
f 738//3010 1781//3010 762//3010
f 134//3011 763//3011 1781//3011
f 134//3012 736//3012 1782//3012
f 764//3013 1782//3013 736//3013
f 763//3014 1782//3014 764//3014
f 132//3015 735//3015 1783//3015
f 765//3016 1783//3016 735//3016
f 764//3017 1783//3017 765//3017
f 765//3018 1784//3018 766//3018
f 767//3019 1784//3019 765//3019
f 145//3020 766//3020 1784//3020
f 144//3021 766//3021 1785//3021
f 769//3022 1785//3022 766//3022
f 768//3023 1785//3023 769//3023
f 146//3024 770//3024 1786//3024
f 761//3025 1786//3025 770//3025
f 768//3026 1786//3026 761//3026
f 147//3027 772//3027 1787//3027
f 143//3028 770//3028 1787//3028
f 771//3029 1787//3029 770//3029
f 143//3030 772//3030 1788//3030
f 147//3031 773//3031 1788//3031
f 759//3032 1788//3032 773//3032
f 746//3033 1789//3033 755//3033
f 774//3034 1789//3034 746//3034
f 141//3035 755//3035 1789//3035
f 137//3036 775//3036 1790//3036
f 776//3037 1790//3037 775//3037
f 774//3038 1790//3038 776//3038
f 126//3039 748//3039 1791//3039
f 777//3040 1791//3040 748//3040
f 139//3041 750//3041 1791//3041
f 140//3042 752//3042 1792//3042
f 779//3043 1792//3043 752//3043
f 149//3044 778//3044 1792//3044
f 138//3045 754//3045 1793//3045
f 781//3046 1793//3046 754//3046
f 780//3047 1793//3047 781//3047
f 138//3048 780//3048 1794//3048
f 150//3049 782//3049 1794//3049
f 777//3050 1794//3050 782//3050
f 783//3051 1795//3051 781//3051
f 151//3052 784//3052 1795//3052
f 781//3053 1795//3053 784//3053
f 141//3054 785//3054 1796//3054
f 786//3055 1796//3055 785//3055
f 783//3056 1796//3056 786//3056
f 787//3057 1797//3057 776//3057
f 152//3058 785//3058 1797//3058
f 776//3059 1797//3059 785//3059
f 148//3060 788//3060 1798//3060
f 789//3061 1798//3061 788//3061
f 787//3062 1798//3062 789//3062
f 757//3063 1799//3063 775//3063
f 790//3064 1799//3064 757//3064
f 148//3065 775//3065 1799//3065
f 147//3066 791//3066 1800//3066
f 154//3067 792//3067 1800//3067
f 773//3068 1800//3068 792//3068
f 791//3069 1801//3069 793//3069
f 147//3070 794//3070 1801//3070
f 793//3071 1801//3071 794//3071
f 155//3072 794//3072 1802//3072
f 771//3073 1802//3073 794//3073
f 795//3074 1802//3074 771//3074
f 146//3075 796//3075 1803//3075
f 797//3076 1803//3076 796//3076
f 795//3077 1803//3077 797//3077
f 146//3078 769//3078 1804//3078
f 798//3079 1804//3079 769//3079
f 156//3080 796//3080 1804//3080
f 145//3081 799//3081 1805//3081
f 157//3082 800//3082 1805//3082
f 798//3083 1805//3083 800//3083
f 155//3084 797//3084 1806//3084
f 802//3085 1806//3085 797//3085
f 801//3086 1806//3086 802//3086
f 158//3087 803//3087 1807//3087
f 793//3088 1807//3088 803//3088
f 155//3089 801//3089 1807//3089
f 142//3090 792//3090 1808//3090
f 804//3091 1808//3091 792//3091
f 790//3092 1808//3092 804//3092
f 148//3093 805//3093 1809//3093
f 806//3094 1809//3094 805//3094
f 153//3095 788//3095 1809//3095
f 154//3096 807//3096 1810//3096
f 159//3097 805//3097 1810//3097
f 804//3098 1810//3098 805//3098
f 160//3099 809//3099 1811//3099
f 153//3100 810//3100 1811//3100
f 808//3101 1811//3101 810//3101
f 806//3102 1812//3102 810//3102
f 159//3103 811//3103 1812//3103
f 161//3104 810//3104 1812//3104
f 789//3105 1813//3105 812//3105
f 153//3106 809//3106 1813//3106
f 160//3107 812//3107 1813//3107
f 162//3108 814//3108 1814//3108
f 812//3109 1814//3109 814//3109
f 813//3110 1814//3110 812//3110
f 163//3111 816//3111 1815//3111
f 152//3112 814//3112 1815//3112
f 815//3113 1815//3113 814//3113
f 786//3114 1816//3114 817//3114
f 816//3115 1816//3115 786//3115
f 163//3116 817//3116 1816//3116
f 164//3117 819//3117 1817//3117
f 151//3118 817//3118 1817//3118
f 818//3119 1817//3119 817//3119
f 821//3120 1818//3120 820//3120
f 151//3121 819//3121 1818//3121
f 820//3122 1818//3122 819//3122
f 823//3123 1819//3123 822//3123
f 821//3124 1819//3124 823//3124
f 165//3125 822//3125 1819//3125
f 150//3126 784//3126 1820//3126
f 823//3127 1820//3127 784//3127
f 166//3128 824//3128 1820//3128
f 150//3129 824//3129 1821//3129
f 166//3130 826//3130 1821//3130
f 825//3131 1821//3131 826//3131
f 139//3132 782//3132 1822//3132
f 825//3133 1822//3133 782//3133
f 167//3134 827//3134 1822//3134
f 139//3135 827//3135 1823//3135
f 167//3136 828//3136 1823//3136
f 779//3137 1823//3137 828//3137
f 167//3138 826//3138 1824//3138
f 830//3139 1824//3139 826//3139
f 168//3140 829//3140 1824//3140
f 168//3141 831//3141 1825//3141
f 832//3142 1825//3142 831//3142
f 167//3143 829//3143 1825//3143
f 828//3144 1826//3144 833//3144
f 832//3145 1826//3145 828//3145
f 169//3146 833//3146 1826//3146
f 170//3147 835//3147 1827//3147
f 166//3148 822//3148 1827//3148
f 834//3149 1827//3149 822//3149
f 830//3150 1828//3150 836//3150
f 166//3151 835//3151 1828//3151
f 170//3152 836//3152 1828//3152
f 838//3153 1829//3153 837//3153
f 172//3154 839//3154 1829//3154
f 165//3155 837//3155 1829//3155
f 164//3156 840//3156 1830//3156
f 171//3157 837//3157 1830//3157
f 820//3158 1830//3158 837//3158
f 165//3159 839//3159 1831//3159
f 172//3160 841//3160 1831//3160
f 834//3161 1831//3161 841//3161
f 843//3162 1832//3162 842//3162
f 171//3163 840//3163 1832//3163
f 164//3164 842//3164 1832//3164
f 163//3165 844//3165 1833//3165
f 173//3166 842//3166 1833//3166
f 818//3167 1833//3167 842//3167
f 846//3168 1834//3168 845//3168
f 173//3169 844//3169 1834//3169
f 163//3170 845//3170 1834//3170
f 162//3171 847//3171 1835//3171
f 174//3172 845//3172 1835//3172
f 815//3173 1835//3173 845//3173
f 849//3174 1836//3174 848//3174
f 174//3175 847//3175 1836//3175
f 162//3176 848//3176 1836//3176
f 160//3177 850//3177 1837//3177
f 175//3178 848//3178 1837//3178
f 813//3179 1837//3179 848//3179
f 852//3180 1838//3180 851//3180
f 175//3181 850//3181 1838//3181
f 160//3182 851//3182 1838//3182
f 161//3183 853//3183 1839//3183
f 176//3184 851//3184 1839//3184
f 808//3185 1839//3185 851//3185
f 854//3186 1840//3186 853//3186
f 855//3187 1840//3187 854//3187
f 176//3188 853//3188 1840//3188
f 159//3189 856//3189 1841//3189
f 854//3190 1841//3190 856//3190
f 161//3191 811//3191 1841//3191
f 177//3192 856//3192 1842//3192
f 858//3193 1842//3193 856//3193
f 857//3194 1842//3194 858//3194
f 807//3195 1843//3195 858//3195
f 154//3196 803//3196 1843//3196
f 858//3197 1843//3197 803//3197
f 802//3198 1844//3198 859//3198
f 860//3199 1844//3199 802//3199
f 178//3200 859//3200 1844//3200
f 156//3201 861//3201 1845//3201
f 862//3202 1845//3202 861//3202
f 178//3203 860//3203 1845//3203
f 156//3204 800//3204 1846//3204
f 863//3205 1846//3205 800//3205
f 179//3206 861//3206 1846//3206
f 158//3207 859//3207 1847//3207
f 178//3208 865//3208 1847//3208
f 864//3209 1847//3209 865//3209
f 864//3210 1848//3210 857//3210
f 180//3211 866//3211 1848//3211
f 857//3212 1848//3212 866//3212
f 177//3213 867//3213 1849//3213
f 181//3214 868//3214 1849//3214
f 855//3215 1849//3215 868//3215
f 177//3216 866//3216 1850//3216
f 869//3217 1850//3217 866//3217
f 181//3218 867//3218 1850//3218
f 868//3219 1851//3219 870//3219
f 871//3220 1851//3220 868//3220
f 182//3221 870//3221 1851//3221
f 176//3222 870//3222 1852//3222
f 182//3223 872//3223 1852//3223
f 852//3224 1852//3224 872//3224
f 873//3225 1853//3225 872//3225
f 183//3226 874//3226 1853//3226
f 175//3227 872//3227 1853//3227
f 175//3228 874//3228 1854//3228
f 183//3229 875//3229 1854//3229
f 849//3230 1854//3230 875//3230
f 876//3231 1855//3231 875//3231
f 184//3232 877//3232 1855//3232
f 174//3233 875//3233 1855//3233
f 174//3234 877//3234 1856//3234
f 184//3235 878//3235 1856//3235
f 846//3236 1856//3236 878//3236
f 879//3237 1857//3237 878//3237
f 185//3238 880//3238 1857//3238
f 173//3239 878//3239 1857//3239
f 173//3240 880//3240 1858//3240
f 185//3241 881//3241 1858//3241
f 843//3242 1858//3242 881//3242
f 882//3243 1859//3243 881//3243
f 186//3244 883//3244 1859//3244
f 171//3245 881//3245 1859//3245
f 171//3246 883//3246 1860//3246
f 186//3247 884//3247 1860//3247
f 838//3248 1860//3248 884//3248
f 885//3249 1861//3249 884//3249
f 187//3250 886//3250 1861//3250
f 172//3251 884//3251 1861//3251
f 187//3252 887//3252 1862//3252
f 888//3253 1862//3253 887//3253
f 886//3254 1862//3254 888//3254
f 888//3255 1863//3255 841//3255
f 889//3256 1863//3256 888//3256
f 170//3257 841//3257 1863//3257
f 188//3258 890//3258 1864//3258
f 891//3259 1864//3259 890//3259
f 889//3260 1864//3260 891//3260
f 189//3261 892//3261 1865//3261
f 168//3262 836//3262 1865//3262
f 891//3263 1865//3263 836//3263
f 168//3264 892//3264 1866//3264
f 189//3265 894//3265 1866//3265
f 893//3266 1866//3266 894//3266
f 190//3267 895//3267 1867//3267
f 831//3268 1867//3268 895//3268
f 893//3269 1867//3269 831//3269
f 896//3270 1868//3270 895//3270
f 897//3271 1868//3271 896//3271
f 169//3272 895//3272 1868//3272
f 897//3273 1869//3273 898//3273
f 191//3274 899//3274 1869//3274
f 898//3275 1869//3275 899//3275
f 149//3276 833//3276 1870//3276
f 898//3277 1870//3277 833//3277
f 900//3278 1870//3278 898//3278
f 902//3279 1871//3279 901//3279
f 900//3280 1871//3280 902//3280
f 192//3281 901//3281 1871//3281
f 192//3282 899//3282 1872//3282
f 904//3283 1872//3283 899//3283
f 194//3284 903//3284 1872//3284
f 903//3285 1873//3285 905//3285
f 194//3286 906//3286 1873//3286
f 905//3287 1873//3287 906//3287
f 193//3288 901//3288 1874//3288
f 905//3289 1874//3289 901//3289
f 907//3290 1874//3290 905//3290
f 909//3291 1875//3291 908//3291
f 197//3292 910//3292 1875//3292
f 191//3293 908//3293 1875//3293
f 198//3294 912//3294 1876//3294
f 196//3295 908//3295 1876//3295
f 911//3296 1876//3296 908//3296
f 198//3297 911//3297 1877//3297
f 896//3298 1877//3298 911//3298
f 190//3299 913//3299 1877//3299
f 191//3300 910//3300 1878//3300
f 197//3301 914//3301 1878//3301
f 904//3302 1878//3302 914//3302
f 190//3303 894//3303 1879//3303
f 915//3304 1879//3304 894//3304
f 198//3305 913//3305 1879//3305
f 196//3306 917//3306 1880//3306
f 189//3307 890//3307 1880//3307
f 916//3308 1880//3308 890//3308
f 196//3309 912//3309 1881//3309
f 915//3310 1881//3310 912//3310
f 189//3311 917//3311 1881//3311
f 919//3312 1882//3312 918//3312
f 200//3313 920//3313 1882//3313
f 187//3314 918//3314 1882//3314
f 186//3315 921//3315 1883//3315
f 199//3316 918//3316 1883//3316
f 885//3317 1883//3317 918//3317
f 187//3318 920//3318 1884//3318
f 200//3319 923//3319 1884//3319
f 922//3320 1884//3320 923//3320
f 925//3321 1885//3321 924//3321
f 199//3322 921//3322 1885//3322
f 186//3323 924//3323 1885//3323
f 185//3324 926//3324 1886//3324
f 202//3325 924//3325 1886//3325
f 882//3326 1886//3326 924//3326
f 928//3327 1887//3327 927//3327
f 926//3328 1887//3328 928//3328
f 185//3329 927//3329 1887//3329
f 184//3330 929//3330 1888//3330
f 203//3331 927//3331 1888//3331
f 879//3332 1888//3332 927//3332
f 931//3333 1889//3333 930//3333
f 929//3334 1889//3334 931//3334
f 184//3335 930//3335 1889//3335
f 183//3336 932//3336 1890//3336
f 204//3337 930//3337 1890//3337
f 876//3338 1890//3338 930//3338
f 934//3339 1891//3339 933//3339
f 204//3340 932//3340 1891//3340
f 183//3341 933//3341 1891//3341
f 182//3342 935//3342 1892//3342
f 205//3343 933//3343 1892//3343
f 873//3344 1892//3344 933//3344
f 936//3345 1893//3345 935//3345
f 206//3346 937//3346 1893//3346
f 205//3347 935//3347 1893//3347
f 181//3348 938//3348 1894//3348
f 936//3349 1894//3349 938//3349
f 871//3350 1894//3350 936//3350
f 207//3351 940//3351 1895//3351
f 941//3352 1895//3352 940//3352
f 205//3353 939//3353 1895//3353
f 941//3354 1896//3354 934//3354
f 208//3355 942//3355 1896//3355
f 934//3356 1896//3356 942//3356
f 206//3357 943//3357 1897//3357
f 207//3358 939//3358 1897//3358
f 937//3359 1897//3359 939//3359
f 944//3360 1898//3360 942//3360
f 945//3361 1898//3361 944//3361
f 204//3362 942//3362 1898//3362
f 945//3363 1899//3363 931//3363
f 209//3364 946//3364 1899//3364
f 931//3365 1899//3365 946//3365
f 947//3366 1900//3366 946//3366
f 948//3367 1900//3367 947//3367
f 203//3368 946//3368 1900//3368
f 948//3369 1901//3369 928//3369
f 210//3370 949//3370 1901//3370
f 928//3371 1901//3371 949//3371
f 950//3372 1902//3372 949//3372
f 211//3373 951//3373 1902//3373
f 202//3374 949//3374 1902//3374
f 202//3375 951//3375 1903//3375
f 211//3376 952//3376 1903//3376
f 925//3377 1903//3377 952//3377
f 953//3378 1904//3378 952//3378
f 212//3379 954//3379 1904//3379
f 199//3380 952//3380 1904//3380
f 199//3381 954//3381 1905//3381
f 212//3382 955//3382 1905//3382
f 919//3383 1905//3383 955//3383
f 956//3384 1906//3384 955//3384
f 957//3385 1906//3385 956//3385
f 200//3386 955//3386 1906//3386
f 201//3387 923//3387 1907//3387
f 957//3388 1907//3388 923//3388
f 213//3389 958//3389 1907//3389
f 960//3390 1908//3390 959//3390
f 201//3391 958//3391 1908//3391
f 959//3392 1908//3392 958//3392
f 214//3393 961//3393 1909//3393
f 188//3394 962//3394 1909//3394
f 960//3395 1909//3395 962//3395
f 201//3396 962//3396 1910//3396
f 887//3397 1910//3397 962//3397
f 922//3398 1910//3398 887//3398
f 963//3399 1911//3399 916//3399
f 215//3400 964//3400 1911//3400
f 196//3401 916//3401 1911//3401
f 196//3402 964//3402 1912//3402
f 215//3403 965//3403 1912//3403
f 909//3404 1912//3404 965//3404
f 966//3405 1913//3405 965//3405
f 216//3406 967//3406 1913//3406
f 197//3407 965//3407 1913//3407
f 194//3408 914//3408 1914//3408
f 969//3409 1914//3409 914//3409
f 217//3410 968//3410 1914//3410
f 197//3411 967//3411 1915//3411
f 970//3412 1915//3412 967//3412
f 969//3413 1915//3413 970//3413
f 968//3414 1916//3414 971//3414
f 972//3415 1916//3415 968//3415
f 218//3416 971//3416 1916//3416
f 195//3417 906//3417 1917//3417
f 971//3418 1917//3418 906//3418
f 973//3419 1917//3419 971//3419
f 970//3420 1918//3420 974//3420
f 975//3421 1918//3421 970//3421
f 219//3422 974//3422 1918//3422
f 974//3423 1919//3423 976//3423
f 977//3424 1919//3424 974//3424
f 220//3425 976//3425 1919//3425
f 972//3426 1920//3426 978//3426
f 217//3427 976//3427 1920//3427
f 978//3428 1920//3428 976//3428
f 980//3429 1921//3429 979//3429
f 222//3430 981//3430 1921//3430
f 216//3431 979//3431 1921//3431
f 215//3432 982//3432 1922//3432
f 221//3433 979//3433 1922//3433
f 966//3434 1922//3434 979//3434
f 216//3435 981//3435 1923//3435
f 222//3436 983//3436 1923//3436
f 975//3437 1923//3437 983//3437
f 985//3438 1924//3438 984//3438
f 221//3439 982//3439 1924//3439
f 215//3440 984//3440 1924//3440
f 188//3441 961//3441 1925//3441
f 214//3442 984//3442 1925//3442
f 963//3443 1925//3443 984//3443
f 214//3444 959//3444 1926//3444
f 987//3445 1926//3445 959//3445
f 223//3446 986//3446 1926//3446
f 214//3447 986//3447 1927//3447
f 223//3448 988//3448 1927//3448
f 985//3449 1927//3449 988//3449
f 224//3450 990//3450 1928//3450
f 956//3451 1928//3451 990//3451
f 989//3452 1928//3452 956//3452
f 987//3453 1929//3453 991//3453
f 213//3454 990//3454 1929//3454
f 991//3455 1929//3455 990//3455
f 225//3456 993//3456 1930//3456
f 953//3457 1930//3457 993//3457
f 211//3458 992//3458 1930//3458
f 994//3459 1931//3459 993//3459
f 989//3460 1931//3460 994//3460
f 212//3461 993//3461 1931//3461
f 226//3462 996//3462 1932//3462
f 950//3463 1932//3463 996//3463
f 210//3464 995//3464 1932//3464
f 997//3465 1933//3465 996//3465
f 992//3466 1933//3466 997//3466
f 211//3467 996//3467 1933//3467
f 227//3468 999//3468 1934//3468
f 210//3469 947//3469 1934//3469
f 998//3470 1934//3470 947//3470
f 1000//3471 1935//3471 999//3471
f 226//3472 995//3472 1935//3472
f 210//3473 999//3473 1935//3473
f 228//3474 1002//3474 1936//3474
f 944//3475 1936//3475 1002//3475
f 1001//3476 1936//3476 944//3476
f 1003//3477 1937//3477 1002//3477
f 998//3478 1937//3478 1003//3478
f 209//3479 1002//3479 1937//3479
f 940//3480 1938//3480 1004//3480
f 1005//3481 1938//3481 940//3481
f 229//3482 1004//3482 1938//3482
f 1006//3483 1939//3483 1004//3483
f 1001//3484 1939//3484 1006//3484
f 208//3485 1004//3485 1939//3485
f 207//3486 1007//3486 1940//3486
f 230//3487 1008//3487 1940//3487
f 1005//3488 1940//3488 1008//3488
f 1009//3489 1941//3489 943//3489
f 1007//3490 1941//3490 1009//3490
f 207//3491 943//3491 1941//3491
f 180//3492 1011//3492 1942//3492
f 230//3493 1009//3493 1942//3493
f 1010//3494 1942//3494 1009//3494
f 869//3495 1943//3495 938//3495
f 1010//3496 1943//3496 869//3496
f 206//3497 938//3497 1943//3497
f 1012//3498 1944//3498 1008//3498
f 1013//3499 1944//3499 1012//3499
f 229//3500 1008//3500 1944//3500
f 180//3501 1014//3501 1945//3501
f 1012//3502 1945//3502 1014//3502
f 230//3503 1011//3503 1945//3503
f 1015//3504 1946//3504 1000//3504
f 997//3505 1946//3505 1015//3505
f 226//3506 1000//3506 1946//3506
f 232//3507 1017//3507 1947//3507
f 991//3508 1947//3508 1017//3508
f 1016//3509 1947//3509 991//3509
f 1018//3510 1948//3510 994//3510
f 1016//3511 1948//3511 1018//3511
f 224//3512 994//3512 1948//3512
f 1019//3513 1949//3513 988//3513
f 1020//3514 1949//3514 1019//3514
f 221//3515 988//3515 1949//3515
f 234//3516 1022//3516 1950//3516
f 1019//3517 1950//3517 1022//3517
f 1021//3518 1950//3518 1019//3518
f 1023//3519 1951//3519 1017//3519
f 1021//3520 1951//3520 1023//3520
f 223//3521 1017//3521 1951//3521
f 221//3522 1020//3522 1952//3522
f 233//3523 1024//3523 1952//3523
f 980//3524 1952//3524 1024//3524
f 1025//3525 1953//3525 1024//3525
f 1026//3526 1953//3526 1025//3526
f 222//3527 1024//3527 1953//3527
f 983//3528 1954//3528 1027//3528
f 1026//3529 1954//3529 983//3529
f 235//3530 1027//3530 1954//3530
f 977//3531 1955//3531 1028//3531
f 219//3532 1027//3532 1955//3532
f 1028//3533 1955//3533 1027//3533
f 236//3534 1030//3534 1956//3534
f 1028//3535 1956//3535 1030//3535
f 235//3536 1029//3536 1956//3536
f 237//3537 1032//3537 1957//3537
f 220//3538 1030//3538 1957//3538
f 1031//3539 1957//3539 1030//3539
f 218//3540 978//3540 1958//3540
f 220//3541 1032//3541 1958//3541
f 1033//3542 1958//3542 1032//3542
f 238//3543 1035//3543 1959//3543
f 1033//3544 1959//3544 1035//3544
f 237//3545 1034//3545 1959//3545
f 973//3546 1960//3546 1036//3546
f 218//3547 1035//3547 1960//3547
f 1036//3548 1960//3548 1035//3548
f 239//3549 1038//3549 1961//3549
f 1031//3550 1961//3550 1038//3550
f 236//3551 1037//3551 1961//3551
f 236//3552 1029//3552 1962//3552
f 235//3553 1025//3553 1962//3553
f 1039//3554 1962//3554 1025//3554
f 1040//3555 1963//3555 1022//3555
f 1039//3556 1963//3556 1040//3556
f 233//3557 1022//3557 1963//3557
f 239//3558 1037//3558 1964//3558
f 236//3559 1040//3559 1964//3559
f 1041//3560 1964//3560 1040//3560
f 240//3561 1043//3561 1965//3561
f 225//3562 1015//3562 1965//3562
f 1042//3563 1965//3563 1015//3563
f 1013//3564 1966//3564 1044//3564
f 231//3565 1045//3565 1966//3565
f 241//3566 1044//3566 1966//3566
f 241//3567 1046//3567 1967//3567
f 1006//3568 1967//3568 1046//3568
f 229//3569 1044//3569 1967//3569
f 178//3570 1047//3570 1968//3570
f 1014//3571 1968//3571 1047//3571
f 865//3572 1968//3572 1014//3572
f 242//3573 1049//3573 1969//3573
f 1003//3574 1969//3574 1049//3574
f 1048//3575 1969//3575 1003//3575
f 1050//3576 1970//3576 1049//3576
f 1042//3577 1970//3577 1050//3577
f 227//3578 1049//3578 1970//3578
f 240//3579 1051//3579 1971//3579
f 1018//3580 1971//3580 1051//3580
f 225//3581 1043//3581 1971//3581
f 243//3582 1053//3582 1972//3582
f 1038//3583 1972//3583 1053//3583
f 239//3584 1052//3584 1972//3584
f 238//3585 1034//3585 1973//3585
f 237//3586 1053//3586 1973//3586
f 1054//3587 1973//3587 1053//3587
f 244//3588 1056//3588 1974//3588
f 1036//3589 1974//3589 1056//3589
f 1055//3590 1974//3590 1036//3590
f 907//3591 1975//3591 1057//3591
f 195//3592 1056//3592 1975//3592
f 244//3593 1057//3593 1975//3593
f 245//3594 1059//3594 1976//3594
f 1057//3595 1976//3595 1059//3595
f 244//3596 1058//3596 1976//3596
f 1061//3597 1977//3597 1060//3597
f 244//3598 1055//3598 1977//3598
f 1060//3599 1977//3599 1055//3599
f 245//3600 1058//3600 1978//3600
f 1061//3601 1978//3601 1058//3601
f 1062//3602 1978//3602 1061//3602
f 1064//3603 1979//3603 1063//3603
f 1054//3604 1979//3604 1064//3604
f 243//3605 1063//3605 1979//3605
f 1060//3606 1980//3606 1065//3606
f 238//3607 1064//3607 1980//3607
f 1065//3608 1980//3608 1064//3608
f 1067//3609 1981//3609 1066//3609
f 243//3610 1052//3610 1981//3610
f 239//3611 1066//3611 1981//3611
f 249//3612 1069//3612 1982//3612
f 1067//3613 1982//3613 1069//3613
f 1068//3614 1982//3614 1067//3614
f 1063//3615 1983//3615 1070//3615
f 243//3616 1069//3616 1983//3616
f 1070//3617 1983//3617 1069//3617
f 248//3618 1066//3618 1984//3618
f 1041//3619 1984//3619 1066//3619
f 1071//3620 1984//3620 1041//3620
f 1073//3621 1985//3621 1072//3621
f 1023//3622 1985//3622 1073//3622
f 232//3623 1072//3623 1985//3623
f 1074//3624 1986//3624 1073//3624
f 248//3625 1071//3625 1986//3625
f 234//3626 1073//3626 1986//3626
f 1076//3627 1987//3627 1075//3627
f 232//3628 1051//3628 1987//3628
f 1075//3629 1987//3629 1051//3629
f 251//3630 1077//3630 1988//3630
f 250//3631 1072//3631 1988//3631
f 1076//3632 1988//3632 1072//3632
f 252//3633 1079//3633 1989//3633
f 228//3634 1046//3634 1989//3634
f 1078//3635 1989//3635 1046//3635
f 252//3636 1080//3636 1990//3636
f 1048//3637 1990//3637 1080//3637
f 228//3638 1079//3638 1990//3638
f 1081//3639 1991//3639 1045//3639
f 253//3640 1082//3640 1991//3640
f 1045//3641 1991//3641 1082//3641
f 241//3642 1082//3642 1992//3642
f 253//3643 1084//3643 1992//3643
f 1083//3644 1992//3644 1084//3644
f 254//3645 1085//3645 1993//3645
f 1078//3646 1993//3646 1085//3646
f 1083//3647 1993//3647 1078//3647
f 179//3648 1086//3648 1994//3648
f 231//3649 1047//3649 1994//3649
f 862//3650 1994//3650 1047//3650
f 179//3651 1087//3651 1995//3651
f 1081//3652 1995//3652 1087//3652
f 1086//3653 1995//3653 1081//3653
f 157//3654 1088//3654 1996//3654
f 253//3655 1087//3655 1996//3655
f 863//3656 1996//3656 1087//3656
f 1089//3657 1997//3657 1084//3657
f 255//3658 1090//3658 1997//3658
f 254//3659 1084//3659 1997//3659
f 157//3660 1091//3660 1998//3660
f 255//3661 1089//3661 1998//3661
f 253//3662 1088//3662 1998//3662
f 1093//3663 1999//3663 1092//3663
f 251//3664 1075//3664 1999//3664
f 1092//3665 1999//3665 1075//3665
f 257//3666 1095//3666 2000//3666
f 1074//3667 2000//3667 1095//3667
f 1094//3668 2000//3668 1074//3668
f 1096//3669 2001//3669 1095//3669
f 249//3670 1068//3670 2001//3670
f 248//3671 1095//3671 2001//3671
f 258//3672 1098//3672 2002//3672
f 249//3673 1096//3673 2002//3673
f 1097//3674 2002//3674 1096//3674
f 247//3675 1070//3675 2003//3675
f 249//3676 1098//3676 2003//3676
f 1099//3677 2003//3677 1098//3677
f 250//3678 1101//3678 2004//3678
f 1102//3679 2004//3679 1101//3679
f 1100//3680 2004//3680 1102//3680
f 1093//3681 2005//3681 1077//3681
f 256//3682 1101//3682 2005//3682
f 250//3683 1077//3683 2005//3683
f 1103//3684 2006//3684 1100//3684
f 257//3685 1094//3685 2006//3685
f 1100//3686 2006//3686 1094//3686
f 255//3687 1104//3687 2007//3687
f 1105//3688 2007//3688 1104//3688
f 254//3689 1090//3689 2007//3689
f 1105//3690 2008//3690 1106//3690
f 260//3691 1107//3691 2008//3691
f 1106//3692 2008//3692 1107//3692
f 1108//3693 2009//3693 1106//3693
f 252//3694 1085//3694 2009//3694
f 1106//3695 2009//3695 1085//3695
f 1109//3696 2010//3696 1091//3696
f 1104//3697 2010//3697 1109//3697
f 255//3698 1091//3698 2010//3698
f 145//3699 1110//3699 2011//3699
f 1109//3700 2011//3700 1110//3700
f 799//3701 2011//3701 1109//3701
f 1111//3702 2012//3702 1107//3702
f 262//3703 1112//3703 2012//3703
f 1107//3704 2012//3704 1112//3704
f 1113//3705 2013//3705 1110//3705
f 1111//3706 2013//3706 1113//3706
f 260//3707 1110//3707 2013//3707
f 1115//3708 2014//3708 1114//3708
f 252//3709 1108//3709 2014//3709
f 261//3710 1114//3710 2014//3710
f 1116//3711 2015//3711 1115//3711
f 242//3712 1080//3712 2015//3712
f 1115//3713 2015//3713 1080//3713
f 264//3714 1118//3714 2016//3714
f 259//3715 1102//3715 2016//3715
f 1117//3716 2016//3716 1102//3716
f 259//3717 1119//3717 2017//3717
f 265//3718 1120//3718 2017//3718
f 1103//3719 2017//3719 1120//3719
f 1121//3720 2018//3720 1120//3720
f 258//3721 1097//3721 2018//3721
f 1120//3722 2018//3722 1097//3722
f 1123//3723 2019//3723 1122//3723
f 1118//3724 2019//3724 1123//3724
f 264//3725 1122//3725 2019//3725
f 1124//3726 2020//3726 1123//3726
f 267//3727 1125//3727 2020//3727
f 1123//3728 2020//3728 1125//3728
f 1126//3729 2021//3729 1125//3729
f 265//3730 1119//3730 2021//3730
f 259//3731 1125//3731 2021//3731
f 1128//3732 2022//3732 1127//3732
f 1117//3733 2022//3733 1128//3733
f 256//3734 1127//3734 2022//3734
f 262//3735 1129//3735 2023//3735
f 269//3736 1130//3736 2023//3736
f 1112//3737 2023//3737 1130//3737
f 261//3738 1130//3738 2024//3738
f 269//3739 1132//3739 2024//3739
f 1131//3740 2024//3740 1132//3740
f 270//3741 1133//3741 2025//3741
f 1114//3742 2025//3742 1133//3742
f 1131//3743 2025//3743 1114//3743
f 133//3744 1134//3744 2026//3744
f 262//3745 1113//3745 2026//3745
f 767//3746 2026//3746 1113//3746
f 133//3747 1135//3747 2027//3747
f 1129//3748 2027//3748 1135//3748
f 262//3749 1134//3749 2027//3749
f 271//3750 1137//3750 2028//3750
f 1126//3751 2028//3751 1137//3751
f 1136//3752 2028//3752 1126//3752
f 1139//3753 2029//3753 1138//3753
f 273//3754 1140//3754 2029//3754
f 271//3755 1138//3755 2029//3755
f 1142//3756 2030//3756 1141//3756
f 1136//3757 2030//3757 1142//3757
f 267//3758 1141//3758 2030//3758
f 272//3759 1138//3759 2031//3759
f 1142//3760 2031//3760 1138//3760
f 1143//3761 2031//3761 1142//3761
f 1145//3762 2032//3762 1144//3762
f 1124//3763 2032//3763 1145//3763
f 266//3764 1144//3764 2032//3764
f 274//3765 1141//3765 2033//3765
f 1145//3766 2033//3766 1141//3766
f 275//3767 1146//3767 2033//3767
f 1148//3768 2034//3768 1147//3768
f 266//3769 1122//3769 2034//3769
f 1147//3770 2034//3770 1122//3770
f 1149//3771 2035//3771 1148//3771
f 275//3772 1144//3772 2035//3772
f 1148//3773 2035//3773 1144//3773
f 277//3774 1151//3774 2036//3774
f 1128//3775 2036//3775 1151//3775
f 268//3776 1150//3776 2036//3776
f 1152//3777 2037//3777 1151//3777
f 1147//3778 2037//3778 1152//3778
f 264//3779 1151//3779 2037//3779
f 1154//3780 2038//3780 1153//3780
f 268//3781 1127//3781 2038//3781
f 1153//3782 2038//3782 1127//3782
f 1153//3783 2039//3783 1155//3783
f 256//3784 1092//3784 2039//3784
f 240//3785 1155//3785 2039//3785
f 1155//3786 2040//3786 1156//3786
f 1050//3787 2040//3787 1155//3787
f 242//3788 1156//3788 2040//3788
f 1157//3789 2041//3789 1132//3789
f 279//3790 1158//3790 2041//3790
f 270//3791 1132//3791 2041//3791
f 270//3792 1158//3792 2042//3792
f 279//3793 1160//3793 2042//3793
f 1159//3794 2042//3794 1160//3794
f 280//3795 1161//3795 2043//3795
f 263//3796 1133//3796 2043//3796
f 1159//3797 2043//3797 1133//3797
f 281//3798 1163//3798 2044//3798
f 1116//3799 2044//3799 1163//3799
f 1162//3800 2044//3800 1116//3800
f 281//3801 1164//3801 2045//3801
f 1156//3802 2045//3802 1164//3802
f 242//3803 1163//3803 2045//3803
f 1165//3804 2046//3804 1154//3804
f 1150//3805 2046//3805 1165//3805
f 268//3806 1154//3806 2046//3806
f 282//3807 1167//3807 2047//3807
f 1149//3808 2047//3808 1167//3808
f 276//3809 1166//3809 2047//3809
f 274//3810 1146//3810 2048//3810
f 275//3811 1167//3811 2048//3811
f 1168//3812 2048//3812 1167//3812
f 1170//3813 2049//3813 1169//3813
f 1143//3814 2049//3814 1170//3814
f 274//3815 1169//3815 2049//3815
f 1172//3816 2050//3816 1171//3816
f 285//3817 1173//3817 2050//3817
f 272//3818 1171//3818 2050//3818
f 284//3819 1171//3819 2051//3819
f 1170//3820 2051//3820 1171//3820
f 1174//3821 2051//3821 1170//3821
f 286//3822 1176//3822 2052//3822
f 1139//3823 2052//3823 1176//3823
f 1175//3824 2052//3824 1139//3824
f 285//3825 1177//3825 2053//3825
f 1175//3826 2053//3826 1177//3826
f 272//3827 1173//3827 2053//3827
f 285//3828 1178//3828 2054//3828
f 1179//3829 2054//3829 1178//3829
f 1177//3830 2054//3830 1179//3830
f 1180//3831 2055//3831 1172//3831
f 111//3832 1178//3832 2055//3832
f 285//3833 1172//3833 2055//3833
f 287//3834 1182//3834 2056//3834
f 1174//3835 2056//3835 1182//3835
f 283//3836 1181//3836 2056//3836
f 1183//3837 2057//3837 1182//3837
f 1180//3838 2057//3838 1183//3838
f 284//3839 1182//3839 2057//3839
f 288//3840 1185//3840 2058//3840
f 1165//3841 2058//3841 1185//3841
f 1184//3842 2058//3842 1165//3842
f 1187//3843 2059//3843 1186//3843
f 1168//3844 2059//3844 1187//3844
f 282//3845 1186//3845 2059//3845
f 283//3846 1169//3846 2060//3846
f 1187//3847 2060//3847 1169//3847
f 1188//3848 2060//3848 1187//3848
f 110//3849 670//3849 2061//3849
f 1183//3850 2061//3850 670//3850
f 287//3851 1189//3851 2061//3851
f 1191//3852 2062//3852 1190//3852
f 287//3853 1181//3853 2062//3853
f 283//3854 1190//3854 2062//3854
f 290//3855 1192//3855 2063//3855
f 102//3856 1193//3856 2063//3856
f 1191//3857 2063//3857 1193//3857
f 668//3858 2064//3858 1193//3858
f 110//3859 1189//3859 2064//3859
f 287//3860 1193//3860 2064//3860
f 291//3861 1195//3861 2065//3861
f 1188//3862 2065//3862 1195//3862
f 289//3863 1194//3863 2065//3863
f 290//3864 1190//3864 2066//3864
f 1195//3865 2066//3865 1190//3865
f 1196//3866 2066//3866 1195//3866
f 1198//3867 2067//3867 1197//3867
f 282//3868 1166//3868 2067//3868
f 276//3869 1197//3869 2067//3869
f 289//3870 1186//3870 2068//3870
f 1198//3871 2068//3871 1186//3871
f 292//3872 1199//3872 2068//3872
f 293//3873 1201//3873 2069//3873
f 276//3874 1152//3874 2069//3874
f 1200//3875 2069//3875 1152//3875
f 1202//3876 2070//3876 1201//3876
f 292//3877 1197//3877 2070//3877
f 1201//3878 2070//3878 1197//3878
f 1204//3879 2071//3879 1203//3879
f 281//3880 1162//3880 2071//3880
f 1203//3881 2071//3881 1162//3881
f 1164//3882 2072//3882 1205//3882
f 281//3883 1204//3883 2072//3883
f 294//3884 1205//3884 2072//3884
f 1207//3885 2073//3885 1206//3885
f 277//3886 1185//3886 2073//3886
f 1206//3887 2073//3887 1185//3887
f 295//3888 1208//3888 2074//3888
f 1200//3889 2074//3889 1208//3889
f 1207//3890 2074//3890 1200//3890
f 296//3891 1210//3891 2075//3891
f 1202//3892 2075//3892 1210//3892
f 1209//3893 2075//3893 1202//3893
f 289//3894 1199//3894 2076//3894
f 292//3895 1210//3895 2076//3895
f 1211//3896 2076//3896 1210//3896
f 288//3897 1184//3897 2077//3897
f 278//3898 1205//3898 2077//3898
f 1212//3899 2077//3899 1205//3899
f 1203//3900 2078//3900 1213//3900
f 1214//3901 2078//3901 1203//3901
f 297//3902 1213//3902 2078//3902
f 298//3903 1216//3903 2079//3903
f 1213//3904 2079//3904 1216//3904
f 1215//3905 2079//3905 1213//3905
f 299//3906 1218//3906 2080//3906
f 294//3907 1216//3907 2080//3907
f 1217//3908 2080//3908 1216//3908
f 299//3909 1219//3909 2081//3909
f 1212//3910 2081//3910 1219//3910
f 294//3911 1218//3911 2081//3911
f 1221//3912 2082//3912 1220//3912
f 295//3913 1206//3913 2082//3913
f 288//3914 1220//3914 2082//3914
f 301//3915 1223//3915 2083//3915
f 293//3916 1208//3916 2083//3916
f 1222//3917 2083//3917 1208//3917
f 301//3918 1224//3918 2084//3918
f 296//3919 1209//3919 2084//3919
f 293//3920 1223//3920 2084//3920
f 1226//3921 2085//3921 1225//3921
f 1211//3922 2085//3922 1226//3922
f 296//3923 1225//3923 2085//3923
f 1228//3924 2086//3924 1227//3924
f 291//3925 1194//3925 2086//3925
f 289//3926 1227//3926 2086//3926
f 303//3927 1227//3927 2087//3927
f 1226//3928 2087//3928 1227//3928
f 1229//3929 2087//3929 1226//3929
f 1231//3930 2088//3930 1230//3930
f 1196//3931 2088//3931 1231//3931
f 291//3932 1230//3932 2088//3932
f 304//3933 1230//3933 2089//3933
f 1228//3934 2089//3934 1230//3934
f 303//3935 1232//3935 2089//3935
f 1233//3936 2090//3936 1231//3936
f 305//3937 1234//3937 2090//3937
f 1231//3938 2090//3938 1234//3938
f 305//3939 1235//3939 2091//3939
f 102//3940 1192//3940 2091//3940
f 290//3941 1234//3941 2091//3941
f 1236//3942 2092//3942 1235//3942
f 669//3943 2092//3943 1236//3943
f 102//3944 1235//3944 2092//3944
f 1238//3945 2093//3945 1237//3945
f 1236//3946 2093//3946 1238//3946
f 305//3947 1237//3947 2093//3947
f 306//3948 1237//3948 2094//3948
f 1233//3949 2094//3949 1237//3949
f 304//3950 1239//3950 2094//3950
f 307//3951 1241//3951 2095//3951
f 1229//3952 2095//3952 1241//3952
f 302//3953 1240//3953 2095//3953
f 304//3954 1232//3954 2096//3954
f 303//3955 1241//3955 2096//3955
f 1242//3956 2096//3956 1241//3956
f 308//3957 1244//3957 2097//3957
f 1221//3958 2097//3958 1244//3958
f 1243//3959 2097//3959 1221//3959
f 300//3960 1220//3960 2098//3960
f 1219//3961 2098//3961 1220//3961
f 299//3962 1245//3962 2098//3962
f 309//3963 1247//3963 2099//3963
f 1217//3964 2099//3964 1247//3964
f 298//3965 1246//3965 2099//3965
f 310//3966 1249//3966 2100//3966
f 299//3967 1247//3967 2100//3967
f 1248//3968 2100//3968 1247//3968
f 310//3969 1250//3969 2101//3969
f 300//3970 1245//3970 2101//3970
f 1249//3971 2101//3971 1245//3971
f 1252//3972 2102//3972 1251//3972
f 295//3973 1244//3973 2102//3973
f 1251//3974 2102//3974 1244//3974
f 312//3975 1254//3975 2103//3975
f 301//3976 1222//3976 2103//3976
f 1253//3977 2103//3977 1222//3977
f 311//3978 1255//3978 2104//3978
f 312//3979 1253//3979 2104//3979
f 1252//3980 2104//3980 1253//3980
f 312//3981 1256//3981 2105//3981
f 313//3982 1257//3982 2105//3982
f 301//3983 1254//3983 2105//3983
f 313//3984 1258//3984 2106//3984
f 1224//3985 2106//3985 1258//3985
f 301//3986 1257//3986 2106//3986
f 302//3987 1225//3987 2107//3987
f 1258//3988 2107//3988 1225//3988
f 313//3989 1259//3989 2107//3989
f 314//3990 1261//3990 2108//3990
f 1242//3991 2108//3991 1261//3991
f 307//3992 1260//3992 2108//3992
f 314//3993 1262//3993 2109//3993
f 1263//3994 2109//3994 1262//3994
f 1261//3995 2109//3995 1263//3995
f 1264//3996 2110//3996 1263//3996
f 306//3997 1239//3997 2110//3997
f 304//3998 1263//3998 2110//3998
f 598//3999 2111//3999 1265//3999
f 1238//4000 2111//4000 598//4000
f 306//4001 1265//4001 2111//4001
f 564//4002 2112//4002 1264//4002
f 62//4003 1265//4003 2112//4003
f 1264//4004 2112//4004 1265//4004
f 1267//4005 2113//4005 1266//4005
f 314//4006 1260//4006 2113//4006
f 307//4007 1266//4007 2113//4007
f 569//4008 2114//4008 1267//4008
f 70//4009 1262//4009 2114//4009
f 1267//4010 2114//4010 1262//4010
f 1269//4011 2115//4011 1268//4011
f 307//4012 1240//4012 2115//4012
f 302//4013 1268//4013 2115//4013
f 72//4014 1266//4014 2116//4014
f 1269//4015 2116//4015 1266//4015
f 1270//4016 2116//4016 1269//4016
f 316//4017 1272//4017 2117//4017
f 313//4018 1256//4018 2117//4018
f 1271//4019 2117//4019 1256//4019
f 302//4020 1259//4020 2118//4020
f 313//4021 1272//4021 2118//4021
f 1273//4022 2118//4022 1272//4022
f 1275//4023 2119//4023 1274//4023
f 312//4024 1255//4024 2119//4024
f 1274//4025 2119//4025 1255//4025
f 317//4026 1276//4026 2120//4026
f 316//4027 1271//4027 2120//4027
f 1275//4028 2120//4028 1271//4028
f 318//4029 1278//4029 2121//4029
f 1251//4030 2121//4030 1278//4030
f 1277//4031 2121//4031 1251//4031
f 1280//4032 2122//4032 1279//4032
f 1248//4033 2122//4033 1280//4033
f 309//4034 1279//4034 2122//4034
f 320//4035 1282//4035 2123//4035
f 1243//4036 2123//4036 1282//4036
f 300//4037 1281//4037 2123//4037
f 1283//4038 2124//4038 1282//4038
f 1277//4039 2124//4039 1283//4039
f 308//4040 1282//4040 2124//4040
f 321//4041 1285//4041 2125//4041
f 1276//4042 2125//4042 1285//4042
f 1284//4043 2125//4043 1276//4043
f 1287//4044 2126//4044 1286//4044
f 1273//4045 2126//4045 1287//4045
f 316//4046 1286//4046 2126//4046
f 322//4047 1286//4047 2127//4047
f 316//4048 1285//4048 2127//4048
f 1288//4049 2127//4049 1285//4049
f 315//4050 1268//4050 2128//4050
f 1287//4051 2128//4051 1268//4051
f 1289//4052 2128//4052 1287//4052
f 71//4053 568//4053 2129//4053
f 1270//4054 2129//4054 568//4054
f 315//4055 1290//4055 2129//4055
f 565//4056 2130//4056 1291//4056
f 71//4057 1290//4057 2130//4057
f 1291//4058 2130//4058 1290//4058
f 1293//4059 2131//4059 1292//4059
f 1289//4060 2131//4060 1293//4060
f 322//4061 1292//4061 2131//4061
f 52//4062 1291//4062 2132//4062
f 1293//4063 2132//4063 1291//4063
f 323//4064 1294//4064 2132//4064
f 1296//4065 2133//4065 1295//4065
f 1288//4066 2133//4066 1296//4066
f 321//4067 1295//4067 2133//4067
f 323//4068 1292//4068 2134//4068
f 1296//4069 2134//4069 1292//4069
f 1297//4070 2134//4070 1296//4070
f 1299//4071 2135//4071 1298//4071
f 321//4072 1284//4072 2135//4072
f 1298//4073 2135//4073 1284//4073
f 51//4074 1295//4074 2136//4074
f 1299//4075 2136//4075 1295//4075
f 324//4076 1300//4076 2136//4076
f 325//4077 1302//4077 2137//4077
f 317//4078 1274//4078 2137//4078
f 1301//4079 2137//4079 1274//4079
f 325//4080 1303//4080 2138//4080
f 324//4081 1298//4081 2138//4081
f 317//4082 1302//4082 2138//4082
f 1305//4083 2139//4083 1304//4083
f 1250//4084 2139//4084 1305//4084
f 310//4085 1304//4085 2139//4085
f 326//4086 1304//4086 2140//4086
f 310//4087 1280//4087 2140//4087
f 1306//4088 2140//4088 1280//4088
f 327//4089 1308//4089 2141//4089
f 1306//4090 2141//4090 1308//4090
f 1307//4091 2141//4091 1306//4091
f 1281//4092 2142//4092 1309//4092
f 1305//4093 2142//4093 1281//4093
f 1309//4094 2142//4094 1305//4094
f 328//4095 1311//4095 2143//4095
f 1301//4096 2143//4096 1311//4096
f 1310//4097 2143//4097 1301//4097
f 1312//4098 2144//4098 1278//4098
f 1310//4099 2144//4099 1312//4099
f 311//4100 1278//4100 2144//4100
f 1313//4101 2145//4101 1311//4101
f 1314//4102 2145//4102 1313//4102
f 325//4103 1311//4103 2145//4103
f 1315//4104 2146//4104 1314//4104
f 324//4105 1303//4105 2146//4105
f 1314//4106 2146//4106 1303//4106
f 51//4107 1300//4107 2147//4107
f 324//4108 1315//4108 2147//4108
f 1316//4109 2147//4109 1315//4109
f 50//4110 1317//4110 2148//4110
f 1297//4111 2148//4111 1317//4111
f 51//4112 515//4112 2148//4112
f 52//4113 1294//4113 2149//4113
f 323//4114 1317//4114 2149//4114
f 518//4115 2149//4115 1317//4115
f 49//4116 513//4116 2150//4116
f 1316//4117 2150//4117 513//4117
f 329//4118 1318//4118 2150//4118
f 1319//4119 2151//4119 1318//4119
f 512//4120 2151//4120 1319//4120
f 49//4121 1318//4121 2151//4121
f 330//4122 1321//4122 2152//4122
f 328//4123 1312//4123 2152//4123
f 1320//4124 2152//4124 1312//4124
f 1323//4125 2153//4125 1322//4125
f 328//4126 1321//4126 2153//4126
f 330//4127 1322//4127 2153//4127
f 36//4128 1324//4128 2154//4128
f 1313//4129 2154//4129 1324//4129
f 1323//4130 2154//4130 1313//4130
f 331//4131 1326//4131 2155//4131
f 318//4132 1283//4132 2155//4132
f 1325//4133 2155//4133 1283//4133
f 319//4134 1327//4134 2156//4134
f 87//4135 1328//4135 2156//4135
f 327//4136 1307//4136 2156//4136
f 610//4137 2157//4137 1329//4137
f 87//4138 1327//4138 2157//4138
f 1329//4139 2157//4139 1327//4139
f 1331//4140 2158//4140 1330//4140
f 319//4141 1279//4141 2158//4141
f 309//4142 1330//4142 2158//4142
f 333//4143 1333//4143 2159//4143
f 1331//4144 2159//4144 1333//4144
f 332//4145 1332//4145 2159//4145
f 333//4146 1334//4146 2160//4146
f 89//4147 1329//4147 2160//4147
f 1333//4148 2160//4148 1329//4148
f 334//4149 1336//4149 2161//4149
f 88//4150 606//4150 2161//4150
f 1335//4151 2161//4151 606//4151
f 1335//4152 2162//4152 1337//4152
f 89//4153 1334//4153 2162//4153
f 333//4154 1337//4154 2162//4154
f 335//4155 1339//4155 2163//4155
f 333//4156 1332//4156 2163//4156
f 332//4157 1338//4157 2163//4157
f 334//4158 1337//4158 2164//4158
f 1339//4159 2164//4159 1337//4159
f 1340//4160 2164//4160 1339//4160
f 336//4161 1342//4161 2165//4161
f 337//4162 1343//4162 2165//4162
f 1341//4163 2165//4163 1343//4163
f 1344//4164 2166//4164 1343//4164
f 335//4165 1338//4165 2166//4165
f 332//4166 1343//4166 2166//4166
f 332//4167 1330//4167 2167//4167
f 1345//4168 2167//4168 1330//4168
f 1341//4169 2167//4169 1345//4169
f 1346//4170 2168//4170 1344//4170
f 334//4171 1340//4171 2168//4171
f 335//4172 1344//4172 2168//4172
f 88//4173 1336//4173 2169//4173
f 334//4174 1347//4174 2169//4174
f 638//4175 2169//4175 1347//4175
f 1347//4176 2170//4176 1348//4176
f 1346//4177 2170//4177 1347//4177
f 337//4178 1348//4178 2170//4178
f 309//4179 1246//4179 2171//4179
f 298//4180 1349//4180 2171//4180
f 1345//4181 2171//4181 1349//4181
f 336//4182 1350//4182 2172//4182
f 99//4183 1348//4183 2172//4183
f 1342//4184 2172//4184 1348//4184
f 338//4185 1352//4185 2173//4185
f 336//4186 1353//4186 2173//4186
f 1351//4187 2173//4187 1353//4187
f 338//4188 1354//4188 2174//4188
f 99//4189 1350//4189 2174//4189
f 1352//4190 2174//4190 1350//4190
f 336//4191 1349//4191 2175//4191
f 1355//4192 2175//4192 1349//4192
f 339//4193 1353//4193 2175//4193
f 298//4194 1215//4194 2176//4194
f 297//4195 1356//4195 2176//4195
f 1355//4196 2176//4196 1356//4196
f 340//4197 1358//4197 2177//4197
f 338//4198 1351//4198 2177//4198
f 1357//4199 2177//4199 1351//4199
f 1359//4200 2178//4200 1358//4200
f 1354//4201 2178//4201 1359//4201
f 338//4202 1358//4202 2178//4202
f 1359//4203 2179//4203 1360//4203
f 340//4204 1361//4204 2179//4204
f 1360//4205 2179//4205 1361//4205
f 341//4206 1362//4206 2180//4206
f 682//4207 2180//4207 1362//4207
f 1360//4208 2180//4208 682//4208
f 1363//4209 2181//4209 1361//4209
f 1364//4210 2181//4210 1363//4210
f 341//4211 1361//4211 2181//4211
f 1363//4212 2182//4212 1365//4212
f 340//4213 1357//4213 2182//4213
f 339//4214 1365//4214 2182//4214
f 339//4215 1356//4215 2183//4215
f 1366//4216 2183//4216 1356//4216
f 342//4217 1365//4217 2183//4217
f 1368//4218 2184//4218 1367//4218
f 342//4219 1366//4219 2184//4219
f 1367//4220 2184//4220 1366//4220
f 343//4221 1370//4221 2185//4221
f 1368//4222 2185//4222 1370//4222
f 280//4223 1369//4223 2185//4223
f 1371//4224 2186//4224 1370//4224
f 341//4225 1364//4225 2186//4225
f 342//4226 1370//4226 2186//4226
f 1371//4227 2187//4227 1362//4227
f 343//4228 1372//4228 2187//4228
f 115//4229 1362//4229 2187//4229
f 1373//4230 2188//4230 1160//4230
f 343//4231 1369//4231 2188//4231
f 1160//4232 2188//4232 1369//4232
f 115//4233 1372//4233 2189//4233
f 343//4234 1373//4234 2189//4234
f 1374//4235 2189//4235 1373//4235
f 1214//4236 2190//4236 1367//4236
f 263//4237 1161//4237 2190//4237
f 1367//4238 2190//4238 1161//4238
f 1374//4239 2191//4239 734//4239
f 279//4240 1375//4240 2191//4240
f 734//4241 2191//4241 1375//4241
f 133//4242 1375//4242 2192//4242
f 1157//4243 2192//4243 1375//4243
f 269//4244 1135//4244 2192//4244
f 1376//4245 2193//4245 1328//4245
f 344//4246 1377//4246 2193//4246
f 327//4247 1328//4247 2193//4247
f 327//4248 1377//4248 2194//4248
f 344//4249 1379//4249 2194//4249
f 1378//4250 2194//4250 1379//4250
f 345//4251 1380//4251 2195//4251
f 1308//4252 2195//4252 1380//4252
f 327//4253 1378//4253 2195//4253
f 80//4254 1381//4254 2196//4254
f 1376//4255 2196//4255 1381//4255
f 604//4256 2196//4256 1376//4256
f 1382//4257 2197//4257 587//4257
f 344//4258 1381//4258 2197//4258
f 587//4259 2197//4259 1381//4259
f 1384//4260 2198//4260 1383//4260
f 326//4261 1380//4261 2198//4261
f 1383//4262 2198//4262 1380//4262
f 346//4263 1385//4263 2199//4263
f 1309//4264 2199//4264 1385//4264
f 326//4265 1384//4265 2199//4265
f 347//4266 1387//4266 2200//4266
f 320//4267 1385//4267 2200//4267
f 1386//4268 2200//4268 1385//4268
f 344//4269 1388//4269 2201//4269
f 348//4270 1389//4270 2201//4270
f 1379//4271 2201//4271 1389//4271
f 79//4272 1390//4272 2202//4272
f 348//4273 1388//4273 2202//4273
f 1382//4274 2202//4274 1388//4274
f 348//4275 1391//4275 2203//4275
f 1392//4276 2203//4276 1391//4276
f 345//4277 1389//4277 2203//4277
f 79//4278 1393//4278 2204//4278
f 349//4279 1391//4279 2204//4279
f 1390//4280 2204//4280 1391//4280
f 345//4281 1392//4281 2205//4281
f 349//4282 1395//4282 2205//4282
f 1394//4283 2205//4283 1395//4283
f 350//4284 1396//4284 2206//4284
f 1383//4285 2206//4285 1396//4285
f 1394//4286 2206//4286 1383//4286
f 347//4287 1397//4287 2207//4287
f 1325//4288 2207//4288 1397//4288
f 320//4289 1387//4289 2207//4289
f 1399//4290 2208//4290 1398//4290
f 79//4291 586//4291 2208//4291
f 1398//4292 2208//4292 586//4292
f 75//4293 1400//4293 2209//4293
f 1398//4294 2209//4294 1400//4294
f 578//4295 2209//4295 1398//4295
f 1402//4296 2210//4296 1401//4296
f 349//4297 1393//4297 2210//4297
f 79//4298 1401//4298 2210//4298
f 351//4299 1403//4299 2211//4299
f 1401//4300 2211//4300 1403//4300
f 1399//4301 2211//4301 1401//4301
f 1404//4302 2212//4302 1395//4302
f 1405//4303 2212//4303 1404//4303
f 350//4304 1395//4304 2212//4304
f 352//4305 1406//4305 2213//4305
f 353//4306 1404//4306 2213//4306
f 1402//4307 2213//4307 1404//4307
f 1405//4308 2214//4308 1407//4308
f 353//4309 1408//4309 2214//4309
f 354//4310 1407//4310 2214//4310
f 355//4311 1410//4311 2215//4311
f 346//4312 1396//4312 2215//4312
f 1409//4313 2215//4313 1396//4313
f 354//4314 1411//4314 2216//4314
f 1409//4315 2216//4315 1411//4315
f 350//4316 1407//4316 2216//4316
f 355//4317 1412//4317 2217//4317
f 1386//4318 2217//4318 1412//4318
f 346//4319 1410//4319 2217//4319
f 1413//4320 2218//4320 1412//4320
f 356//4321 1414//4321 2218//4321
f 347//4322 1412//4322 2218//4322
f 357//4323 1416//4323 2219//4323
f 1417//4324 2219//4324 1416//4324
f 347//4325 1415//4325 2219//4325
f 356//4326 1418//4326 2220//4326
f 1415//4327 2220//4327 1418//4327
f 347//4328 1414//4328 2220//4328
f 1417//4329 2221//4329 1397//4329
f 358//4330 1419//4330 2221//4330
f 1397//4331 2221//4331 1419//4331
f 1420//4332 2222//4332 1416//4332
f 359//4333 1421//4333 2222//4333
f 358//4334 1416//4334 2222//4334
f 1422//4335 2223//4335 1418//4335
f 42//4336 1423//4336 2223//4336
f 357//4337 1418//4337 2223//4337
f 357//4338 1423//4338 2224//4338
f 42//4339 1424//4339 2224//4339
f 1420//4340 2224//4340 1424//4340
f 1425//4341 2225//4341 1413//4341
f 360//4342 1426//4342 2225//4342
f 1413//4343 2225//4343 1426//4343
f 1427//4344 2226//4344 1426//4344
f 1422//4345 2226//4345 1427//4345
f 356//4346 1426//4346 2226//4346
f 361//4347 1429//4347 2227//4347
f 1425//4348 2227//4348 1429//4348
f 355//4349 1428//4349 2227//4349
f 1430//4350 2228//4350 1411//4350
f 362//4351 1431//4351 2228//4351
f 1411//4352 2228//4352 1431//4352
f 1432//4353 2229//4353 1431//4353
f 361//4354 1428//4354 2229//4354
f 355//4355 1431//4355 2229//4355
f 353//4356 1433//4356 2230//4356
f 363//4357 1434//4357 2230//4357
f 1408//4358 2230//4358 1434//4358
f 1435//4359 2231//4359 1434//4359
f 1430//4360 2231//4360 1435//4360
f 354//4361 1434//4361 2231//4361
f 352//4362 1436//4362 2232//4362
f 1433//4363 2232//4363 1436//4363
f 353//4364 1406//4364 2232//4364
f 364//4365 1438//4365 2233//4365
f 351//4366 1400//4366 2233//4366
f 1437//4367 2233//4367 1400//4367
f 553//4368 2234//4368 577//4368
f 66//4369 1439//4369 2234//4369
f 75//4370 577//4370 2234//4370
f 75//4371 1439//4371 2235//4371
f 1440//4372 2235//4372 1439//4372
f 364//4373 1437//4373 2235//4373
f 66//4374 552//4374 2236//4374
f 1441//4375 2236//4375 552//4375
f 1440//4376 2236//4376 1441//4376
f 365//4377 1443//4377 2237//4377
f 1438//4378 2237//4378 1443//4378
f 364//4379 1442//4379 2237//4379
f 364//4380 1441//4380 2238//4380
f 1444//4381 2238//4381 1441//4381
f 365//4382 1442//4382 2238//4382
f 366//4383 1446//4383 2239//4383
f 352//4384 1403//4384 2239//4384
f 1445//4385 2239//4385 1403//4385
f 365//4386 1447//4386 2240//4386
f 1445//4387 2240//4387 1447//4387
f 1443//4388 2240//4388 1445//4388
f 1449//4389 2241//4389 1448//4389
f 363//4390 1436//4390 2241//4390
f 1448//4391 2241//4391 1436//4391
f 366//4392 1450//4392 2242//4392
f 1448//4393 2242//4393 1450//4393
f 1446//4394 2242//4394 1448//4394
f 1435//4395 2243//4395 1451//4395
f 1452//4396 2243//4396 1435//4396
f 368//4397 1451//4397 2243//4397
f 363//4398 1449//4398 2244//4398
f 367//4399 1453//4399 2244//4399
f 1452//4400 2244//4400 1453//4400
f 1454//4401 2245//4401 1432//4401
f 369//4402 1455//4402 2245//4402
f 361//4403 1432//4403 2245//4403
f 368//4404 1456//4404 2246//4404
f 1454//4405 2246//4405 1456//4405
f 362//4406 1451//4406 2246//4406
f 1455//4407 2247//4407 1429//4407
f 369//4408 1457//4408 2247//4408
f 1429//4409 2247//4409 1457//4409
f 1458//4410 2248//4410 1427//4410
f 43//4411 492//4411 2248//4411
f 1427//4412 2248//4412 492//4412
f 1459//4413 2249//4413 1457//4413
f 1458//4414 2249//4414 1459//4414
f 360//4415 1457//4415 2249//4415
f 490//4416 2250//4416 1424//4416
f 1460//4417 2250//4417 490//4417
f 359//4418 1424//4418 2250//4418
f 359//4419 1461//4419 2251//4419
f 1462//4420 2251//4420 1461//4420
f 358//4421 1421//4421 2251//4421
f 1460//4422 2252//4422 1461//4422
f 41//4423 1463//4423 2252//4423
f 1461//4424 2252//4424 1463//4424
f 1464//4425 2253//4425 1419//4425
f 371//4426 1465//4426 2253//4426
f 331//4427 1419//4427 2253//4427
f 370//4428 1466//4428 2254//4428
f 1464//4429 2254//4429 1466//4429
f 1462//4430 2254//4430 1464//4430
f 371//4431 1467//4431 2255//4431
f 1468//4432 2255//4432 1467//4432
f 331//4433 1465//4433 2255//4433
f 373//4434 1470//4434 2256//4434
f 372//4435 1467//4435 2256//4435
f 1469//4436 2256//4436 1467//4436
f 370//4437 1471//4437 2257//4437
f 1469//4438 2257//4438 1471//4438
f 371//4439 1466//4439 2257//4439
f 488//4440 2258//4440 1463//4440
f 1472//4441 2258//4441 488//4441
f 370//4442 1463//4442 2258//4442
f 1472//4443 2259//4443 1471//4443
f 40//4444 1473//4444 2259//4444
f 1471//4445 2259//4445 1473//4445
f 373//4446 1474//4446 2260//4446
f 1475//4447 2260//4447 1474//4447
f 372//4448 1470//4448 2260//4448
f 485//4449 2261//4449 1473//4449
f 1476//4450 2261//4450 485//4450
f 373//4451 1473//4451 2261//4451
f 39//4452 482//4452 2262//4452
f 1474//4453 2262//4453 482//4453
f 1476//4454 2262//4454 1474//4454
f 372//4455 1477//4455 2263//4455
f 330//4456 1478//4456 2263//4456
f 1468//4457 2263//4457 1478//4457
f 372//4458 1479//4458 2264//4458
f 1480//4459 2264//4459 1479//4459
f 330//4460 1477//4460 2264//4460
f 38//4461 480//4461 2265//4461
f 37//4462 1479//4462 2265//4462
f 1475//4463 2265//4463 1479//4463
f 331//4464 1478//4464 2266//4464
f 1320//4465 2266//4465 1478//4465
f 318//4466 1326//4466 2266//4466
f 37//4467 476//4467 2267//4467
f 1322//4468 2267//4468 476//4468
f 1480//4469 2267//4469 1322//4469
f 35//4470 1481//4470 2268//4470
f 1324//4471 2268//4471 1481//4471
f 478//4472 2268//4472 1324//4472
f 1481//4473 2269//4473 1319//4473
f 35//4474 473//4474 2269//4474
f 25//4475 1319//4475 2269//4475
f 1482//4476 2270//4476 1459//4476
f 374//4477 1483//4477 2270//4477
f 1459//4478 2270//4478 1483//4478
f 1484//4479 2271//4479 1483//4479
f 494//4480 2271//4480 1484//4480
f 43//4481 1483//4481 2271//4481
f 1486//4482 2272//4482 1485//4482
f 1482//4483 2272//4483 1486//4483
f 369//4484 1485//4484 2272//4484
f 1487//4485 2273//4485 1456//4485
f 375//4486 1485//4486 2273//4486
f 369//4487 1456//4487 2273//4487
f 368//4488 1453//4488 2274//4488
f 1489//4489 2274//4489 1453//4489
f 376//4490 1488//4490 2274//4490
f 376//4491 1490//4491 2275//4491
f 1487//4492 2275//4492 1490//4492
f 368//4493 1488//4493 2275//4493
f 1492//4494 2276//4494 1491//4494
f 367//4495 1450//4495 2276//4495
f 1491//4496 2276//4496 1450//4496
f 367//4497 1492//4497 2277//4497
f 377//4498 1493//4498 2277//4498
f 1489//4499 2277//4499 1493//4499
f 376//4500 1493//4500 2278//4500
f 1495//4501 2278//4501 1493//4501
f 378//4502 1494//4502 2278//4502
f 1496//4503 2279//4503 1490//4503
f 379//4504 1497//4504 2279//4504
f 1490//4505 2279//4505 1497//4505
f 378//4506 1498//4506 2280//4506
f 1496//4507 2280//4507 1498//4507
f 376//4508 1494//4508 2280//4508
f 1499//4509 2281//4509 1497//4509
f 380//4510 1500//4510 2281//4510
f 375//4511 1497//4511 2281//4511
f 1501//4512 2282//4512 1486//4512
f 381//4513 1502//4513 2282//4513
f 1486//4514 2282//4514 1502//4514
f 380//4515 1503//4515 2283//4515
f 1501//4516 2283//4516 1503//4516
f 375//4517 1500//4517 2283//4517
f 1504//4518 2284//4518 1484//4518
f 44//4519 495//4519 2284//4519
f 1484//4520 2284//4520 495//4520
f 1505//4521 2285//4521 1502//4521
f 1504//4522 2285//4522 1505//4522
f 374//4523 1502//4523 2285//4523
f 1507//4524 2286//4524 1506//4524
f 381//4525 1508//4525 2286//4525
f 382//4526 1506//4526 2286//4526
f 1503//4527 2287//4527 1508//4527
f 1509//4528 2287//4528 1503//4528
f 382//4529 1508//4529 2287//4529
f 1505//4530 2288//4530 500//4530
f 1507//4531 2288//4531 1505//4531
f 45//4532 500//4532 2288//4532
f 1509//4533 2289//4533 1510//4533
f 380//4534 1511//4534 2289//4534
f 59//4535 1510//4535 2289//4535
f 1499//4536 2290//4536 1511//4536
f 1512//4537 2290//4537 1499//4537
f 59//4538 1511//4538 2290//4538
f 1512//4539 2291//4539 1513//4539
f 379//4540 1514//4540 2291//4540
f 1513//4541 2291//4541 1514//4541
f 1498//4542 2292//4542 1514//4542
f 1515//4543 2292//4543 1498//4543
f 383//4544 1514//4544 2292//4544
f 1516//4545 2293//4545 1495//4545
f 384//4546 1517//4546 2293//4546
f 1495//4547 2293//4547 1517//4547
f 1515//4548 2294//4548 1518//4548
f 378//4549 1517//4549 2294//4549
f 384//4550 1518//4550 2294//4550
f 1520//4551 2295//4551 1519//4551
f 377//4552 1491//4552 2295//4552
f 366//4553 1519//4553 2295//4553
f 384//4554 1516//4554 2296//4554
f 1520//4555 2296//4555 1516//4555
f 385//4556 1521//4556 2296//4556
f 385//4557 1522//4557 2297//4557
f 1523//4558 2297//4558 1522//4558
f 384//4559 1521//4559 2297//4559
f 386//4560 1524//4560 2298//4560
f 383//4561 1518//4561 2298//4561
f 1523//4562 2298//4562 1518//4562
f 383//4563 1524//4563 2299//4563
f 386//4564 1525//4564 2299//4564
f 1513//4565 2299//4565 1525//4565
f 382//4566 1510//4566 2300//4566
f 533//4567 2300//4567 1510//4567
f 1526//4568 2300//4568 533//4568
f 1526//4569 2301//4569 1506//4569
f 32//4570 499//4570 2301//4570
f 45//4571 1506//4571 2301//4571
f 386//4572 1527//4572 2302//4572
f 532//4573 2302//4573 1527//4573
f 1525//4574 2302//4574 532//4574
f 57//4575 1527//4575 2303//4575
f 386//4576 1522//4576 2303//4576
f 1528//4577 2303//4577 1522//4577
f 385//4578 1519//4578 2304//4578
f 366//4579 1447//4579 2304//4579
f 1529//4580 2304//4580 1447//4580
f 365//4581 1530//4581 2305//4581
f 1528//4582 2305//4582 1530//4582
f 385//4583 1529//4583 2305//4583
f 56//4584 526//4584 2306//4584
f 57//4585 1530//4585 2306//4585
f 1444//4586 2306//4586 1530//4586
f 721//4587 2307//4587 1179//4587
f 128//4588 1531//4588 2307//4588
f 286//4589 1179//4589 2307//4589
f 286//4590 1531//4590 2308//4590
f 1533//4591 2308//4591 1531//4591
f 1532//4592 2308//4592 1533//4592
f 128//4593 726//4593 2309//4593
f 130//4594 1534//4594 2309//4594
f 1533//4595 2309//4595 1534//4595
f 1532//4596 2310//4596 1176//4596
f 1535//4597 2310//4597 1532//4597
f 273//4598 1176//4598 2310//4598
f 387//4599 1536//4599 2311//4599
f 1537//4600 2311//4600 1536//4600
f 1535//4601 2311//4601 1537//4601
f 753//4602 2312//4602 1534//4602
f 140//4603 1538//4603 2312//4603
f 1534//4604 2312//4604 1538//4604
f 1539//4605 2313//4605 1536//4605
f 1540//4606 2313//4606 1539//4606
f 388//4607 1536//4607 2313//4607
f 1538//4608 2314//4608 1539//4608
f 1541//4609 2314//4609 1538//4609
f 389//4610 1539//4610 2314//4610
f 273//4611 1537//4611 2315//4611
f 1542//4612 2315//4612 1537//4612
f 271//4613 1140//4613 2315//4613
f 388//4614 1544//4614 2316//4614
f 1065//4615 2316//4615 1544//4615
f 247//4616 1543//4616 2316//4616
f 389//4617 1545//4617 2317//4617
f 1544//4618 2317//4618 1545//4618
f 1540//4619 2317//4619 1544//4619
f 388//4620 1543//4620 2318//4620
f 1546//4621 2318//4621 1543//4621
f 1542//4622 2318//4622 1546//4622
f 389//4623 1541//4623 2319//4623
f 1547//4624 2319//4624 1541//4624
f 246//4625 1545//4625 2319//4625
f 1546//4626 2320//4626 1548//4626
f 1099//4627 2320//4627 1546//4627
f 258//4628 1548//4628 2320//4628
f 1548//4629 2321//4629 1137//4629
f 1121//4630 2321//4630 1548//4630
f 265//4631 1137//4631 2321//4631
f 246//4632 1549//4632 2322//4632
f 1550//4633 2322//4633 1549//4633
f 245//4634 1062//4634 2322//4634
f 140//4635 778//4635 2323//4635
f 149//4636 1549//4636 2323//4636
f 1547//4637 2323//4637 1549//4637
f 245//4638 1550//4638 2324//4638
f 902//4639 2324//4639 1550//4639
f 193//4640 1059//4640 2324//4640
