# Blender 4.3.2
# www.blender.org
mtllib rock4_high_res.mtl
o rock4
v -0.304675 -1.083279 -0.558178
v -0.304065 -1.085105 -0.526854
v -0.302427 -1.041436 -0.608638
v -0.309895 -1.050000 -0.517013
v -0.311212 -0.990000 -0.618087
v -0.323252 -0.990000 -0.570000
v -0.312040 -0.990000 -0.515181
v -0.240760 -1.140808 -0.479813
v -0.246221 -1.090251 -0.669203
v -0.257704 -1.100320 -0.630000
v -0.274431 -1.104655 -0.571543
v -0.269201 -1.112125 -0.507909
v -0.254734 -1.050000 -0.679234
v -0.297384 -1.072944 -0.592571
v -0.296217 -1.050487 -0.486617
v -0.265272 -0.977253 -0.683141
v -0.292514 -0.990000 -0.648087
v -0.296815 -0.985018 -0.484633
v -0.184890 -1.142990 -0.661879
v -0.202838 -1.149023 -0.570000
v -0.214907 -1.149106 -0.509378
v -0.207146 -1.110151 -0.675701
v -0.223137 -1.130321 -0.630000
v -0.237103 -1.137505 -0.553602
v -0.210000 -1.050000 -0.703670
v -0.210000 -0.990000 -0.711498
v -0.150000 -1.147467 -0.668339
v -0.150000 -1.157000 -0.630000
v -0.150000 -1.160750 -0.570000
v -0.150000 -1.161697 -0.510000
v -0.150000 -1.110000 -0.689717
v -0.134696 -1.050541 -0.710364
v -0.127635 -0.977695 -0.719017
v -0.090000 -1.152054 -0.672856
v -0.089907 -1.164226 -0.629063
v -0.094396 -1.159727 -0.456800
v -0.090000 -1.110000 -0.694876
v -0.089289 -1.001206 -0.719755
v -0.022502 -1.147316 -0.667905
v -0.030000 -1.159553 -0.630000
v 0.019433 -1.160735 -0.570609
v -0.030000 -1.110000 -0.693294
v -0.030000 -1.050000 -0.713165
v -0.039715 -0.977891 -0.721844
v -0.253801 -1.110000 -0.466186
v -0.241157 -1.043839 -0.416282
v -0.244512 -0.983501 -0.415258
v -0.210000 -1.145799 -0.467245
v -0.214342 -1.114377 -0.435479
v -0.197236 -1.097294 -0.403538
v -0.237236 -1.071036 -0.422806
v -0.210000 -0.990000 -0.387400
v -0.152919 -1.151809 -0.446530
v -0.134866 -1.145707 -0.410667
v -0.174866 -1.137294 -0.424217
v -0.154309 -1.113421 -0.387103
v -0.132990 -1.090166 -0.354334
v -0.171111 -1.049279 -0.361188
v -0.172982 -0.988676 -0.361934
v -0.077519 -1.147412 -0.390259
v -0.090000 -1.131883 -0.368533
v -0.090000 -1.050000 -0.331726
v -0.123453 -0.973992 -0.345993
v -0.048163 -1.141907 -0.358604
v 0.016054 -1.113100 -0.318653
v 0.002564 -1.049014 -0.301028
v -0.004137 -0.999892 -0.306508
v -0.314764 -0.930169 -0.621715
v -0.324686 -0.926696 -0.570690
v -0.310771 -0.918926 -0.520262
v -0.308242 -0.787504 -0.614249
v -0.315692 -0.780308 -0.569838
v -0.307988 -0.798492 -0.524669
v -0.308152 -0.350507 -0.614656
v -0.312845 -0.486366 -0.570845
v -0.304891 -0.484931 -0.530510
v -0.295651 -0.927398 -0.649375
v -0.261479 -0.821219 -0.684257
v -0.292867 -0.813565 -0.495189
v -0.290269 -0.789028 -0.645652
v -0.260887 -0.700939 -0.686529
v -0.261261 -0.550530 -0.683595
v -0.288115 -0.442392 -0.498245
v -0.210077 -0.909757 -0.710640
v -0.209966 -0.683658 -0.715926
v -0.205432 -0.505346 -0.714222
v -0.163694 -0.445142 -0.723038
v -0.126024 -0.877456 -0.720273
v -0.140637 -0.584220 -0.724831
v -0.176655 -0.576184 -0.720397
v -0.089202 -0.911362 -0.724662
v -0.085920 -0.614026 -0.731752
v -0.095436 -0.489013 -0.740018
v -0.030263 -0.848449 -0.728336
v -0.026529 -0.711397 -0.733433
v -0.031056 -0.601384 -0.740625
v -0.264742 -0.846207 -0.455498
v -0.259004 -0.458147 -0.455503
v -0.236178 -0.850936 -0.422957
v -0.208676 -0.844984 -0.401511
v -0.202935 -0.571130 -0.401451
v -0.232049 -0.291001 -0.428630
v -0.201879 -0.501101 -0.401951
v -0.160568 -0.834782 -0.370591
v -0.128757 -0.845451 -0.356537
v -0.139107 -0.695885 -0.352516
v -0.136685 -0.643307 -0.352253
v -0.129886 -0.568117 -0.358450
v -0.147749 -0.493265 -0.375762
v -0.057992 -0.809439 -0.333473
v -0.090006 -0.701279 -0.335620
v -0.089142 -0.627884 -0.338932
v -0.116026 -0.542796 -0.358708
v -0.094382 -0.491014 -0.364026
v -0.031403 -0.880705 -0.326775
v -0.012494 -0.753984 -0.320247
v -0.002578 -0.690118 -0.319496
v -0.306438 -0.272431 -0.529190
v -0.314600 -0.254581 -0.569296
v -0.304499 -0.051801 -0.531048
v -0.313009 -0.057302 -0.570094
v -0.261123 -0.370143 -0.683216
v -0.291136 -0.213639 -0.644920
v -0.286896 -0.093597 -0.498411
v -0.261899 -0.038898 -0.679458
v -0.291373 0.297457 -0.644860
v -0.178510 -0.360221 -0.721036
v -0.210763 -0.362997 -0.712722
v -0.183268 -0.231762 -0.724629
v -0.218167 -0.247030 -0.712615
v -0.183663 -0.057547 -0.720635
v -0.213910 -0.011267 -0.709578
v -0.153111 -0.283108 -0.734928
v -0.147389 -0.181484 -0.739839
v -0.149203 0.003965 -0.735474
v -0.087832 -0.351175 -0.756455
v -0.090645 -0.238148 -0.761286
v -0.090319 -0.113502 -0.756379
v -0.089879 -0.017368 -0.751728
v -0.030208 -0.411435 -0.766745
v 0.000171 -0.297745 -0.780530
v -0.024858 -0.325099 -0.775778
v -0.027009 -0.264623 -0.776433
v -0.029951 -0.110327 -0.764666
v -0.030000 -0.030000 -0.755902
v -0.258873 -0.214905 -0.458174
v -0.255416 -0.006169 -0.449428
v -0.201810 -0.365448 -0.405276
v -0.202818 -0.239650 -0.401421
v -0.236546 -0.010294 -0.424687
v -0.204972 -0.010470 -0.397931
v -0.149825 -0.374442 -0.384298
v -0.146497 -0.216891 -0.370905
v -0.154133 -0.086827 -0.369284
v -0.155983 -0.021124 -0.367000
v -0.064729 -0.390452 -0.370260
v -0.086902 -0.331392 -0.370901
v -0.087706 -0.211160 -0.357685
v -0.115146 -0.163164 -0.357856
v -0.088744 -0.073952 -0.343091
v 0.003150 -0.426878 -0.359007
v 0.000232 -0.342155 -0.361003
v -0.056770 -0.256106 -0.358389
v -0.030000 -0.150000 -0.335730
v -0.030000 -0.090000 -0.323352
v -0.009210 0.008063 -0.300330
v -0.309053 0.327173 -0.615582
v -0.314207 0.399897 -0.569751
v -0.305200 0.389319 -0.529446
v -0.288800 0.147797 -0.499485
v -0.260224 0.242250 -0.679251
v -0.288401 0.617318 -0.498752
v -0.262787 0.612774 -0.679569
v -0.185728 0.161139 -0.724192
v -0.216561 0.145520 -0.711006
v -0.207878 0.277760 -0.707145
v -0.209058 0.408272 -0.702804
v -0.152014 0.134377 -0.733979
v -0.174568 0.248957 -0.720196
v -0.135762 0.357239 -0.717563
v -0.092278 0.123439 -0.744034
v -0.086427 0.235162 -0.738587
v -0.094933 0.338739 -0.728433
v -0.081336 0.448820 -0.718681
v -0.030757 0.050717 -0.746310
v -0.030313 0.187011 -0.743125
v -0.030020 0.315286 -0.740743
v -0.017063 0.425266 -0.732456
v -0.260410 0.635844 -0.459055
v -0.208065 0.097051 -0.398021
v -0.233002 0.218486 -0.422184
v -0.177602 0.217260 -0.361834
v -0.202752 0.352134 -0.393634
v -0.233257 0.594612 -0.427258
v -0.204920 0.538173 -0.400551
v -0.161041 0.076343 -0.362461
v -0.172658 0.142378 -0.363440
v -0.174787 0.278676 -0.362072
v -0.167524 0.325700 -0.361879
v -0.165186 0.396630 -0.366129
v -0.129796 0.428844 -0.352338
v -0.086705 0.060071 -0.325660
v -0.061511 0.161681 -0.297328
v -0.068882 0.208750 -0.298154
v -0.060986 0.254618 -0.297572
v -0.093352 0.360666 -0.333249
v -0.124230 0.467422 -0.352426
v -0.034784 0.147306 -0.289735
v -0.030000 0.210000 -0.283766
v -0.023669 0.292622 -0.293364
v -0.027225 0.382637 -0.314640
v -0.029643 0.466771 -0.329443
v -0.309735 0.619224 -0.617520
v -0.315052 0.610532 -0.571329
v -0.304679 0.596068 -0.528890
v -0.310402 0.797925 -0.618042
v -0.320726 0.796201 -0.569594
v -0.310378 0.813677 -0.522725
v -0.309344 0.902537 -0.613316
v -0.319127 0.913873 -0.569722
v -0.310885 0.910958 -0.526275
v -0.293656 0.794943 -0.648120
v -0.262854 0.840834 -0.679376
v -0.289290 0.904280 -0.644733
v -0.256937 0.930000 -0.675565
v -0.209870 0.790793 -0.702073
v -0.210000 0.930000 -0.699218
v -0.099906 0.593955 -0.712553
v -0.209137 0.863465 -0.702404
v -0.092610 0.797598 -0.715723
v -0.059028 0.824524 -0.721408
v -0.097224 0.938776 -0.722357
v -0.027626 0.563084 -0.720547
v -0.027744 0.700811 -0.715908
v -0.032894 0.805644 -0.717005
v -0.043058 0.934919 -0.722995
v -0.233981 0.991661 -0.426742
v -0.202925 0.695227 -0.399198
v -0.205035 0.895921 -0.402432
v -0.158047 0.602861 -0.369899
v -0.126808 0.652550 -0.357104
v -0.146080 0.708312 -0.368112
v -0.150748 0.895509 -0.374040
v -0.085248 0.526573 -0.345953
v -0.041777 0.601427 -0.341787
v -0.117117 0.720755 -0.360376
v -0.103908 0.855871 -0.362815
v -0.063411 0.810937 -0.356573
v -0.073659 0.884266 -0.356972
v -0.118090 0.985395 -0.358050
v 0.017478 0.743088 -0.341627
v -0.030936 0.885520 -0.346390
v -0.302648 0.974390 -0.605465
v -0.303067 1.027102 -0.551146
v -0.303285 1.026216 -0.532612
v -0.245462 1.021088 -0.664571
v -0.296038 1.009958 -0.589665
v -0.287004 0.990000 -0.499438
v -0.255048 1.036048 -0.630000
v -0.273108 1.052418 -0.572087
v -0.281137 1.048484 -0.512697
v -0.250178 1.084940 -0.554509
v -0.253249 1.088067 -0.510000
v -0.210000 0.990000 -0.689640
v -0.210000 1.037238 -0.670802
v -0.213771 1.068208 -0.635263
v -0.236285 1.077363 -0.594509
v -0.184052 1.090656 -0.626844
v -0.213771 1.091387 -0.572706
v -0.210000 1.098208 -0.510000
v -0.150000 0.990000 -0.707992
v -0.155299 1.055370 -0.682401
v -0.178832 1.078950 -0.658771
v -0.138832 1.090062 -0.669328
v -0.150000 1.102386 -0.570000
v -0.150000 1.102046 -0.510000
v -0.082168 0.974849 -0.721739
v -0.090000 1.050000 -0.699097
v -0.090000 1.094949 -0.673304
v -0.090000 1.109213 -0.630000
v -0.089841 1.104485 -0.536845
v -0.047010 0.973931 -0.721062
v -0.030000 1.050000 -0.691452
v -0.030018 1.089698 -0.667869
v -0.030000 1.103976 -0.630000
v 0.001869 1.107460 -0.520834
v -0.253787 1.050000 -0.460537
v -0.247487 1.085816 -0.469308
v -0.204205 0.990000 -0.400143
v -0.225628 1.050000 -0.430537
v -0.195628 1.050000 -0.408286
v -0.206748 1.089530 -0.449585
v -0.183519 1.083782 -0.418623
v -0.145950 0.984443 -0.368139
v -0.145950 1.045223 -0.381800
v -0.122892 1.023218 -0.359482
v -0.150000 1.101349 -0.450000
v -0.055099 1.068939 -0.368470
v -0.082000 1.111576 -0.451456
v -0.090000 1.096268 -0.403306
v -0.030000 0.990000 -0.336550
v 0.007657 1.056130 -0.345231
v -0.024596 1.095183 -0.387474
v 0.004557 1.081009 -0.358792
v 0.029912 -1.150213 -0.633074
v -0.028617 -1.158862 -0.451143
v 0.029912 -1.113731 -0.679296
v 0.078094 -1.132410 -0.648746
v 0.030000 -1.050000 -0.704727
v 0.090000 -1.149961 -0.618612
v 0.140769 -1.158698 -0.566615
v 0.126718 -1.089598 -0.664972
v 0.118488 -1.056542 -0.675273
v 0.096013 -0.965550 -0.691508
v 0.150000 -1.147718 -0.610054
v 0.149758 -1.159346 -0.509328
v 0.150086 -1.108287 -0.641078
v 0.173687 -1.047521 -0.653465
v 0.156933 -0.962072 -0.668926
v 0.180260 -0.980596 -0.657323
v 0.186788 -1.143778 -0.603713
v 0.208073 -1.149969 -0.570162
v 0.258420 -1.158232 -0.509175
v 0.234544 -1.090748 -0.605608
v 0.226788 -1.124766 -0.590270
v 0.270000 -1.148300 -0.551158
v 0.266507 -1.106860 -0.579948
v 0.282015 -1.050591 -0.591012
v 0.289197 -0.990141 -0.594481
v 0.316077 -1.144659 -0.544607
v 0.355752 -1.149385 -0.508820
v 0.333646 -1.114916 -0.556635
v 0.360370 -1.137813 -0.536795
v 0.330000 -1.050000 -0.579711
v 0.330000 -0.990000 -0.585481
v 0.396274 -1.109988 -0.559338
v 0.390000 -1.050000 -0.582974
v 0.387785 -0.957470 -0.587196
v 0.440421 -1.139943 -0.539869
v 0.466746 -1.153089 -0.508469
v 0.496912 -1.051724 -0.599211
v 0.037488 -1.158386 -0.390326
v 0.030000 -1.148521 -0.346638
v 0.043880 -1.090909 -0.295193
v 0.090000 -1.149727 -0.339799
v 0.110643 -1.133527 -0.307620
v 0.132751 -1.049194 -0.274966
v 0.150000 -1.159250 -0.390000
v 0.183597 -1.151330 -0.328885
v 0.199923 -1.143020 -0.296442
v 0.153449 -1.113885 -0.287792
v 0.219856 -0.993978 -0.263863
v 0.256685 -1.109282 -0.266365
v 0.259539 -1.050527 -0.252244
v 0.225312 -1.158600 -0.389345
v 0.283824 -1.157581 -0.330494
v 0.270000 -1.148005 -0.290825
v 0.331032 -1.158872 -0.449266
v 0.330000 -1.148625 -0.289148
v 0.330000 -1.110000 -0.261092
v 0.365234 -1.050655 -0.240362
v 0.359825 -0.981622 -0.244312
v 0.390000 -1.148348 -0.280394
v 0.385232 -1.115173 -0.248807
v 0.402054 -1.098622 -0.232949
v 0.396046 -0.991314 -0.230111
v 0.433661 -1.159349 -0.449505
v 0.450000 -1.156464 -0.330000
v 0.445082 -1.149059 -0.264931
v 0.461803 -1.144587 -0.232323
v 0.421803 -1.138622 -0.241551
v 0.445082 -1.115173 -0.220511
v 0.455621 -1.045793 -0.196521
v 0.480151 -1.018623 -0.179250
v 0.456778 -0.987279 -0.198766
v -0.001060 -0.947258 -0.719002
v 0.029121 -0.782273 -0.724381
v 0.031433 -0.648564 -0.733448
v 0.031707 -0.532946 -0.746977
v 0.089668 -0.829868 -0.705134
v 0.064982 -0.744423 -0.720444
v 0.082289 -0.674487 -0.719748
v 0.084529 -0.571324 -0.727092
v 0.101058 -0.462696 -0.728971
v 0.148306 -0.762563 -0.683468
v 0.151650 -0.592185 -0.690814
v 0.205280 -0.763486 -0.651858
v 0.216314 -0.630650 -0.652591
v 0.221322 -0.560990 -0.649687
v 0.191075 -0.491321 -0.670578
v 0.288999 -0.933713 -0.595837
v 0.296989 -0.830288 -0.598805
v 0.270000 -0.750000 -0.619065
v 0.270000 -0.690000 -0.625023
v 0.270000 -0.630000 -0.625286
v 0.268883 -0.569074 -0.621374
v 0.330271 -0.902344 -0.588997
v 0.310325 -0.783770 -0.600253
v 0.330000 -0.690000 -0.608801
v 0.336210 -0.627898 -0.606354
v 0.312868 -0.547716 -0.601101
v 0.332124 -0.472101 -0.594897
v 0.396358 -0.831720 -0.593248
v 0.388490 -0.746750 -0.598600
v 0.409456 -0.689937 -0.598745
v 0.391549 -0.612549 -0.597091
v 0.390145 -0.494204 -0.590765
v 0.487776 -0.923430 -0.599765
v 0.471532 -0.810914 -0.599617
v 0.450622 -0.709553 -0.599270
v 0.488718 -0.687679 -0.600893
v 0.445354 -0.555715 -0.592148
v 0.047413 -0.952850 -0.299720
v 0.052559 -0.872909 -0.306373
v 0.063763 -0.810878 -0.305503
v 0.078935 -0.634179 -0.311260
v 0.091895 -0.539892 -0.324101
v 0.111693 -0.750992 -0.297223
v 0.117760 -0.687516 -0.298424
v 0.165591 -0.872655 -0.287629
v 0.190845 -0.613495 -0.295824
v 0.273691 -0.807359 -0.276105
v 0.263726 -0.687283 -0.276006
v 0.157982 -0.525739 -0.316863
v 0.187148 -0.462796 -0.330731
v 0.327924 -0.818192 -0.268385
v 0.276088 -0.626271 -0.282217
v 0.273910 -0.571458 -0.295240
v 0.330000 -0.750000 -0.269645
v 0.382468 -0.692528 -0.266094
v 0.392305 -0.564015 -0.293999
v 0.319474 -0.450734 -0.331306
v 0.377771 -0.902049 -0.247080
v 0.391988 -0.751578 -0.255782
v 0.390000 -0.630000 -0.277635
v 0.419603 -0.790665 -0.239760
v 0.433234 -0.728401 -0.243813
v 0.491243 -0.674972 -0.227631
v 0.454317 -0.601177 -0.266052
v 0.435548 -0.487312 -0.305354
v 0.030191 -0.413612 -0.761667
v 0.024284 -0.325099 -0.770954
v 0.024284 -0.271426 -0.772565
v 0.030000 -0.210000 -0.769578
v 0.030841 -0.126224 -0.763197
v 0.029933 0.030628 -0.741222
v 0.120309 -0.427306 -0.718662
v 0.090093 -0.370362 -0.738143
v 0.090000 -0.270000 -0.745283
v 0.090000 -0.210000 -0.749412
v 0.087326 -0.139929 -0.747694
v 0.096367 0.014294 -0.726765
v 0.217871 -0.390474 -0.649463
v 0.120957 -0.338683 -0.719769
v 0.123142 -0.280880 -0.724236
v 0.132821 -0.208755 -0.727179
v 0.133148 -0.147173 -0.728359
v 0.133300 -0.066843 -0.721848
v 0.121704 0.031729 -0.717264
v 0.212247 -0.323351 -0.651146
v 0.213939 -0.265405 -0.651647
v 0.169611 -0.146207 -0.702919
v 0.230861 -0.168681 -0.647829
v 0.224973 -0.069132 -0.663622
v 0.207825 -0.030000 -0.677702
v 0.269158 -0.028646 -0.638871
v 0.299395 -0.413620 -0.600244
v 0.266245 -0.277891 -0.615961
v 0.296098 -0.235746 -0.598607
v 0.266470 -0.113682 -0.629739
v 0.330552 -0.295535 -0.593666
v 0.306524 -0.175252 -0.600874
v 0.333584 -0.046735 -0.608839
v 0.387634 -0.362475 -0.588685
v 0.385630 -0.225218 -0.594705
v 0.427950 -0.139667 -0.596155
v 0.360266 -0.087939 -0.599997
v 0.371693 -0.009733 -0.599062
v 0.496595 -0.445790 -0.591916
v 0.508675 -0.332178 -0.592584
v 0.450926 -0.232727 -0.595838
v 0.029446 -0.389893 -0.356642
v 0.083083 -0.268641 -0.341909
v 0.024160 -0.208360 -0.339052
v 0.043670 -0.065978 -0.300692
v 0.016839 -0.035442 -0.300545
v 0.090000 -0.450000 -0.340544
v 0.092448 -0.370784 -0.346654
v 0.090281 -0.209464 -0.331230
v 0.083790 -0.075235 -0.299717
v 0.155319 -0.408737 -0.340599
v 0.150000 -0.330000 -0.343903
v 0.150000 -0.270000 -0.341939
v 0.149185 -0.206372 -0.331944
v 0.154642 -0.063953 -0.298999
v 0.232791 -0.390895 -0.344935
v 0.253656 -0.329768 -0.349812
v 0.234585 -0.274123 -0.350011
v 0.218862 -0.190999 -0.339269
v 0.185577 -0.048524 -0.298861
v 0.325851 -0.200857 -0.356980
v 0.298748 -0.099588 -0.333495
v 0.270000 -0.030000 -0.313039
v 0.330000 -0.390000 -0.344313
v 0.332155 -0.294902 -0.354778
v 0.330000 -0.150000 -0.349365
v 0.330000 -0.030000 -0.332213
v 0.387415 -0.415208 -0.334004
v 0.390615 -0.302903 -0.348845
v 0.390000 -0.210000 -0.352226
v 0.390000 -0.150000 -0.348834
v 0.390000 -0.090000 -0.347261
v 0.420012 0.000422 -0.360263
v 0.395898 -0.024241 -0.352337
v 0.462962 -0.391156 -0.316154
v 0.454215 -0.327400 -0.326942
v 0.447295 -0.245081 -0.332771
v 0.450000 -0.150000 -0.332148
v 0.450000 -0.090000 -0.338452
v 0.444247 -0.024241 -0.352319
v 0.544237 -1.110112 -0.578751
v 0.498310 -0.998579 -0.600684
v 0.570000 -1.149809 -0.550499
v 0.570000 -1.162634 -0.510000
v 0.570053 -1.049091 -0.599972
v 0.630000 -1.149809 -0.550186
v 0.630000 -1.163409 -0.510000
v 0.641313 -1.113136 -0.573055
v 0.626149 -1.048690 -0.594268
v 0.705531 -1.142053 -0.541896
v 0.738869 -1.150226 -0.508500
v 0.704713 -1.050148 -0.581529
v 0.657395 -0.925310 -0.597895
v 0.775926 -1.094839 -0.548621
v 0.750000 -1.132313 -0.533609
v 0.829169 -0.989991 -0.555529
v 0.810000 -1.148262 -0.493922
v 0.812506 -1.110084 -0.525929
v 0.843390 -1.041298 -0.545809
v 0.866267 -1.064925 -0.530860
v 0.903121 -1.142589 -0.483081
v 0.870000 -1.110000 -0.508793
v 0.895121 -1.000941 -0.538116
v 0.911487 -1.110000 -0.490375
v 0.922402 -1.050000 -0.501790
v 0.900133 -0.962670 -0.540130
v 0.524442 -1.162735 -0.453357
v 0.541002 -1.154636 -0.256242
v 0.513314 -1.146996 -0.211394
v 0.535524 -1.142306 -0.177458
v 0.494657 -1.110000 -0.190927
v 0.524657 -1.110000 -0.171314
v 0.497947 -1.052345 -0.171635
v 0.584084 -1.154130 -0.213516
v 0.570000 -1.144950 -0.171451
v 0.575263 -1.105207 -0.143737
v 0.602885 -1.084286 -0.118021
v 0.562823 -1.050000 -0.133235
v 0.599370 -1.055402 -0.113856
v 0.591098 -0.987708 -0.113191
v 0.672745 -1.167308 -0.449865
v 0.630000 -1.147008 -0.164194
v 0.630000 -1.122211 -0.134194
v 0.703927 -1.164354 -0.371201
v 0.745966 -1.159052 -0.209531
v 0.690000 -1.148099 -0.157835
v 0.719840 -1.138491 -0.123538
v 0.690000 -1.104543 -0.103861
v 0.690000 -1.050000 -0.087050
v 0.689924 -0.953652 -0.087502
v 0.768337 -1.162986 -0.449258
v 0.823444 -1.163077 -0.365987
v 0.746007 -1.149884 -0.145599
v 0.763346 -1.144691 -0.112364
v 0.747741 -1.112683 -0.089732
v 0.772136 -1.086912 -0.055500
v 0.738105 -1.050000 -0.069805
v 0.768105 -1.050000 -0.053109
v 0.740375 -0.958104 -0.069851
v 0.771268 -0.967429 -0.053416
v 0.807821 -1.157283 -0.154729
v 0.811206 -1.149157 -0.091418
v 0.832009 -1.144743 -0.051596
v 0.792009 -1.126912 -0.072364
v 0.811206 -1.108147 -0.041022
v 0.816619 -1.049088 -0.017589
v 0.828204 -1.000302 -0.007580
v 0.850253 -1.157832 -0.437208
v 0.928233 -1.159717 -0.272461
v 0.870000 -1.156940 -0.090000
v 0.874104 -1.147278 -0.030958
v 0.864902 -1.110927 -0.000943
v 0.855021 -1.061324 0.012626
v 0.914138 -1.145187 -0.450000
v 0.933271 -1.149854 -0.393490
v 0.930000 -1.159272 -0.330000
v 0.874862 -1.157945 -0.151677
v 0.930000 -1.158547 -0.090000
v 0.947878 -1.157199 -0.032893
v 0.942461 -1.114435 -0.451522
v 0.955452 -1.137392 -0.415816
v 0.961323 -1.049748 -0.463696
v 0.968889 -0.998374 -0.461539
v 0.522351 -0.604254 -0.600060
v 0.577854 -0.875953 -0.603058
v 0.526885 -0.777196 -0.602776
v 0.574914 -0.664031 -0.612218
v 0.566769 -0.524448 -0.602653
v 0.631945 -0.858891 -0.603462
v 0.629377 -0.691799 -0.614577
v 0.634206 -0.619854 -0.611588
v 0.655813 -0.540051 -0.598354
v 0.597254 -0.469911 -0.600183
v 0.667007 -0.847771 -0.601356
v 0.674667 -0.700197 -0.607421
v 0.667669 -0.609322 -0.604021
v 0.769006 -0.880929 -0.569789
v 0.748028 -0.702199 -0.580898
v 0.750975 -0.533890 -0.564492
v 0.820928 -0.760653 -0.558672
v 0.838822 -0.677167 -0.549611
v 0.838120 -0.601611 -0.541386
v 0.831250 -0.531855 -0.537258
v 0.899641 -0.752354 -0.539763
v 0.890567 -0.690000 -0.536497
v 0.869024 -0.586209 -0.526526
v 0.942772 -0.679030 -0.487528
v 0.920471 -0.607367 -0.498327
v 0.902314 -0.401108 -0.475237
v 0.512197 -0.815797 -0.182997
v 0.518368 -0.522688 -0.260606
v 0.598897 -0.921627 -0.116511
v 0.541566 -0.779658 -0.171756
v 0.565245 -0.740461 -0.170419
v 0.649080 -0.782791 -0.119769
v 0.655401 -0.573618 -0.182514
v 0.724700 -0.864233 -0.080646
v 0.681400 -0.788388 -0.106742
v 0.726683 -0.676732 -0.122066
v 0.716574 -0.465492 -0.188514
v 0.779475 -0.831056 -0.058300
v 0.777170 -0.795970 -0.063959
v 0.748297 -0.744788 -0.090007
v 0.774097 -0.601784 -0.118656
v 0.828495 -0.751495 -0.034472
v 0.798095 -0.651331 -0.086017
v 0.838153 -0.705026 -0.036554
v 0.791592 -0.521303 -0.129843
v 0.848840 -0.551838 -0.070924
v 0.901643 -0.605218 -0.000147
v 0.957354 -0.764801 -0.476265
v 0.954052 -0.621404 -0.468767
v 0.923267 -0.464520 -0.021422
v 0.573686 -0.383981 -0.593323
v 0.517288 -0.232229 -0.594948
v 0.458362 -0.083222 -0.591443
v 0.567755 -0.253792 -0.592159
v 0.570262 -0.087126 -0.578349
v 0.620950 -0.033342 -0.565881
v 0.629885 -0.451328 -0.591348
v 0.629065 -0.373049 -0.582980
v 0.627302 -0.121016 -0.568819
v 0.726964 -0.388689 -0.547634
v 0.720745 -0.330012 -0.545469
v 0.715034 -0.231553 -0.544301
v 0.717852 -0.153021 -0.542200
v 0.710471 -0.082917 -0.546974
v 0.712055 -0.030704 -0.548045
v 0.805437 -0.407441 -0.526263
v 0.809743 -0.332167 -0.519628
v 0.809456 -0.156003 -0.518205
v 0.810807 0.003839 -0.527628
v 0.871120 -0.411892 -0.496181
v 0.869732 -0.326079 -0.491768
v 0.865252 -0.177340 -0.493905
v 0.870000 -0.030000 -0.502167
v 0.902713 -0.080277 -0.480928
v 0.905193 -0.008658 -0.480480
v 0.478930 -0.441866 -0.299841
v 0.529821 -0.238683 -0.297075
v 0.512109 -0.022400 -0.334139
v 0.605090 -0.453546 -0.241923
v 0.550122 -0.183860 -0.292628
v 0.556201 -0.096117 -0.301407
v 0.596163 -0.044842 -0.297353
v 0.685498 -0.388738 -0.220500
v 0.727808 -0.327094 -0.208532
v 0.659324 -0.232072 -0.240831
v 0.627160 -0.119394 -0.272091
v 0.691016 -0.129530 -0.242826
v 0.764137 -0.434723 -0.170716
v 0.780677 -0.357738 -0.180576
v 0.748124 -0.161936 -0.210284
v 0.724090 -0.051614 -0.249313
v 0.747829 -0.089980 -0.225054
v 0.770322 -0.009367 -0.232775
v 0.812474 -0.405326 -0.144844
v 0.788536 -0.158716 -0.188473
v 0.820840 -0.126050 -0.162813
v 0.799858 -0.083090 -0.192038
v 0.840604 -0.397520 -0.125095
v 0.901576 -0.390121 -0.062797
v 0.851754 -0.317274 -0.128539
v 0.897109 -0.333055 -0.077354
v 0.914748 -0.249511 -0.461782
v 0.893056 -0.276737 -0.084498
v 0.851266 -0.163471 -0.131134
v 0.907508 -0.131957 -0.473289
v 0.854625 -0.059770 -0.134914
v 0.887691 -0.056915 -0.089911
v 0.961183 -0.393970 -0.429853
v 0.969289 -0.398574 0.017377
v 0.932485 -0.096713 -0.032574
v 1.014428 -0.190342 0.058083
v 0.921285 -0.045617 -0.044601
v 0.969258 -1.145080 -0.375816
v 0.989555 -1.149795 -0.329129
v 0.990000 -1.157537 -0.270000
v 0.992042 -1.157910 -0.210341
v 1.051058 -1.160295 -0.032435
v 0.971596 -1.097392 -0.432537
v 0.990427 -1.112885 -0.391863
v 1.009258 -1.128378 -0.348549
v 1.012048 -1.051430 -0.401640
v 1.026569 -1.144683 -0.308549
v 1.047941 -1.149281 -0.268146
v 1.050000 -1.157250 -0.210000
v 1.026056 -1.088378 -0.367910
v 1.046312 -1.106171 -0.326126
v 1.066569 -1.123963 -0.286910
v 1.062137 -1.050000 -0.339046
v 1.059272 -0.984556 -0.352104
v 1.091307 -1.145003 -0.246910
v 1.110784 -1.150103 -0.211311
v 1.110000 -1.158276 -0.150000
v 1.110993 -1.160827 0.029178
v 1.085037 -1.078593 -0.305587
v 1.107474 -1.108092 -0.267103
v 1.131307 -1.132221 -0.232186
v 1.119171 -1.050000 -0.283839
v 1.096158 -0.965879 -0.315651
v 1.126859 -0.961085 -0.289131
v 1.170000 -1.147326 -0.192814
v 1.170000 -1.155989 -0.150000
v 1.229396 -1.156340 -0.090550
v 1.153864 -1.092221 -0.247296
v 1.172318 -1.111333 -0.224319
v 1.171580 -1.034553 -0.253306
v 1.207557 -1.045857 -0.231192
v 1.209378 -1.144112 -0.184899
v 1.229627 -1.148812 -0.150444
v 1.229627 -1.110325 -0.196565
v 1.249378 -1.130542 -0.170740
v 1.290000 -1.146287 -0.131009
v 1.295155 -1.154284 -0.082447
v 1.271168 -1.090542 -0.185929
v 1.290701 -1.110325 -0.161966
v 1.309679 -1.050038 -0.174317
v 1.331341 -0.935218 -0.173694
v 1.328876 -1.143337 -0.123939
v 1.349326 -1.147592 -0.090362
v 1.349326 -1.109286 -0.133686
v 1.368876 -1.128810 -0.110603
v 1.377120 -1.057803 -0.135487
v 1.392246 -1.144371 -0.070603
v 1.411348 -1.148026 -0.031360
v 1.386788 -1.088810 -0.123605
v 1.409517 -1.111247 -0.090326
v 1.432246 -1.133683 -0.052266
v 1.423316 -1.050000 -0.107848
v 1.437252 -0.917389 -0.116638
v 1.033841 -0.911996 -0.385866
v 0.970002 -0.463484 -0.430875
v 1.016980 -0.449830 -0.378963
v 1.064855 -0.838307 -0.353138
v 1.064387 -0.748846 -0.352206
v 1.057150 -0.584790 -0.349062
v 1.084592 -0.499754 -0.314231
v 1.126734 -0.795525 -0.294780
v 1.099214 -0.736889 -0.316883
v 1.125536 -0.660133 -0.288409
v 1.119976 -0.503192 -0.285578
v 1.169425 -0.890402 -0.265766
v 1.194357 -0.800044 -0.252127
v 1.171110 -0.657523 -0.260368
v 1.169593 -0.530760 -0.259161
v 1.233494 -0.893164 -0.230421
v 1.239785 -0.801598 -0.230632
v 1.207115 -0.682201 -0.242689
v 1.233994 -0.634389 -0.233078
v 1.238351 -0.383922 -0.232975
v 1.290000 -0.870000 -0.206070
v 1.290000 -0.810000 -0.214104
v 1.303352 -0.726767 -0.213443
v 1.287974 -0.598640 -0.215900
v 1.352999 -0.867439 -0.180279
v 1.384292 -0.798723 -0.185738
v 1.377861 -0.836931 -0.179018
v 1.354626 -0.748786 -0.199884
v 1.342156 -0.553057 -0.192343
v 1.378073 -0.574442 -0.174783
v 1.377783 -0.499627 -0.169539
v 1.415264 -0.871754 -0.138783
v 1.391939 -0.737503 -0.183638
v 1.437286 -0.742519 -0.144006
v 1.035489 -0.392985 -0.357038
v 0.965549 -0.324608 -0.424369
v 0.976131 -0.143462 -0.425992
v 0.970434 -0.072195 -0.428858
v 1.022404 -0.103435 -0.374452
v 1.019158 -0.009268 -0.360778
v 1.036828 -0.305493 -0.356202
v 1.045297 -0.148878 -0.354998
v 1.056849 -0.090000 -0.340368
v 1.048777 0.012508 -0.333554
v 1.090670 -0.436125 -0.307579
v 1.091588 -0.252967 -0.309739
v 1.122506 -0.169873 -0.290676
v 1.114782 -0.089830 -0.299058
v 1.102443 -0.027130 -0.304627
v 1.170430 -0.234824 -0.264287
v 1.161635 -0.106014 -0.277419
v 1.242097 -0.211350 -0.238444
v 1.269788 -0.133056 -0.238700
v 1.260809 -0.099463 -0.244153
v 1.264995 -0.029951 -0.240310
v 1.283218 -0.290047 -0.216422
v 1.290000 -0.210000 -0.219202
v 1.295496 -0.090000 -0.227972
v 1.337605 -0.278852 -0.191146
v 1.382627 -0.266575 -0.162516
v 1.348873 -0.215552 -0.187458
v 1.354566 -0.152345 -0.189854
v 1.347476 -0.072964 -0.194633
v 1.384282 -0.090737 -0.165428
v 1.442228 -0.359331 -0.123266
v 1.438870 -0.207562 -0.119888
v 1.407565 -0.150000 -0.144644
v 1.456448 -1.144449 -0.009623
v 1.448762 -1.093683 -0.070050
v 1.471636 -1.114169 -0.029851
v 1.462086 -1.045216 -0.073154
v 1.487956 -1.049077 -0.042740
v 1.508744 -0.989934 -0.027294
v 1.506329 -1.094653 -0.007437
v 1.515236 -0.883105 -0.030530
v 1.444124 -0.843433 -0.120731
v 1.504473 -0.759623 -0.056087
v 1.444790 -0.680251 -0.134024
v 1.502267 -0.682537 -0.064108
v 1.443334 -0.534915 -0.122516
v 1.501880 -0.545819 -0.056018
v 1.474242 -0.487604 -0.085496
v 1.502476 -0.609445 -0.061641
v 1.487301 -0.387475 -0.065295
v 1.435433 -0.095544 -0.113908
v 1.477144 -0.054205 -0.048305
v 1.494820 -0.228584 -0.044948
v 1.515010 -0.181818 -0.017608
v 1.507923 0.011623 -0.004248
v 0.896841 -1.141323 0.002092
v 0.870383 -0.992746 0.029741
v 0.930000 -1.145334 0.009606
v 0.948196 -1.094119 0.059980
v 0.910195 -1.060141 0.055513
v 0.970799 -1.051612 0.085204
v 0.900649 -1.017807 0.060633
v 0.860053 -0.842617 0.002502
v 0.882897 -0.755884 0.011702
v 0.911166 -0.890492 0.050057
v 0.938989 -0.923502 0.071307
v 0.920778 -0.741959 0.034220
v 0.936749 -0.570000 0.015618
v 0.957484 -0.007003 0.006009
v 0.994589 -1.147626 0.030430
v 1.026652 -1.143133 0.062652
v 0.977649 -1.128224 0.050716
v 0.990000 -0.990000 0.099382
v 1.050000 -1.155761 0.030000
v 1.054248 -1.105191 0.097368
v 1.080944 -1.084540 0.121706
v 1.054270 -1.056294 0.116135
v 1.044969 -0.974915 0.115536
v 1.110000 -1.150422 0.078849
v 1.144814 -1.137360 0.116530
v 1.146066 -0.986111 0.152898
v 1.170359 -1.159318 0.030300
v 1.166853 -1.151528 0.093945
v 1.184755 -1.145826 0.126240
v 1.217373 -1.115327 0.161270
v 1.201235 -1.048325 0.176568
v 1.230000 -1.161114 0.090000
v 1.230000 -1.151383 0.135083
v 1.242654 -1.092105 0.186722
v 1.290269 -1.157435 0.030841
v 1.290000 -1.163590 0.090000
v 1.292572 -1.152679 0.152322
v 1.334190 -1.146706 0.186320
v 1.274286 -1.132105 0.173870
v 1.292572 -1.111263 0.194109
v 1.290133 -1.049718 0.211105
v 1.409950 -1.162020 0.090374
v 1.350000 -1.162850 0.150000
v 1.351534 -1.107721 0.220376
v 1.372557 -1.086201 0.243564
v 1.341414 -1.049569 0.231500
v 1.410000 -1.155539 0.030000
v 1.410000 -1.169605 0.150000
v 1.410000 -1.156417 0.201637
v 1.410000 -1.128205 0.231637
v 1.410000 -1.098205 0.250265
v 1.409735 -1.051864 0.258241
v 0.990394 -0.903934 0.091892
v 0.990000 -0.810000 0.080942
v 0.969465 -0.750102 0.063885
v 0.997589 -0.690000 0.076505
v 0.982796 -0.660375 0.062038
v 0.962150 -0.526322 0.027887
v 1.020282 -0.550122 0.089066
v 0.966833 -0.475221 0.023845
v 1.054324 -0.752991 0.105834
v 1.070265 -0.676211 0.115768
v 1.043938 -0.630000 0.107059
v 1.065639 -0.533123 0.128589
v 1.078935 -0.813584 0.117283
v 1.134415 -0.636754 0.144308
v 1.113546 -0.534892 0.148575
v 1.266870 -0.739307 0.192203
v 1.211918 -0.683805 0.168932
v 1.233540 -0.512008 0.184106
v 1.244508 -0.581269 0.186479
v 1.288847 -0.549244 0.200576
v 1.407929 -0.841690 0.251348
v 1.350975 -0.545066 0.223668
v 1.415298 -0.434076 0.251935
v 1.041232 -0.359435 0.098048
v 1.021999 -0.268637 0.067528
v 1.010537 0.050114 0.079395
v 1.068542 -0.414147 0.128769
v 1.073685 -0.307623 0.125106
v 1.050000 -0.210000 0.090282
v 1.077373 -0.168089 0.114961
v 1.076452 -0.121488 0.122385
v 1.043325 -0.055267 0.102084
v 1.067656 0.015186 0.130476
v 1.109505 -0.352394 0.143440
v 1.081864 -0.226842 0.118774
v 1.111784 -0.223583 0.133376
v 1.111980 -0.139316 0.137376
v 1.110944 0.024671 0.154735
v 1.174873 -0.237452 0.157761
v 1.171343 -0.122873 0.159332
v 1.168689 0.029396 0.172010
v 1.289774 -0.305462 0.187775
v 1.283732 -0.204805 0.185055
v 1.255950 -0.135360 0.178855
v 1.266280 -0.060325 0.181465
v 1.253165 -0.000639 0.180716
v 1.351354 -0.302682 0.209911
v 1.351996 -0.070169 0.212950
v 1.424009 -0.264853 0.249426
v 1.389100 -0.260783 0.229530
v 1.423655 -0.034895 0.249839
v 1.470000 -1.160033 0.090000
v 1.470000 -1.167049 0.150000
v 1.470000 -1.155128 0.203806
v 1.494510 -1.134653 0.004976
v 1.470000 -1.133716 0.233806
v 1.470000 -1.103716 0.253538
v 1.466990 -1.047031 0.268824
v 1.508325 -1.145085 0.044976
v 1.513325 -1.149231 0.090000
v 1.513740 -1.151459 0.150000
v 1.508879 -1.148056 0.193392
v 1.527327 -1.110495 0.029997
v 1.543325 -1.122392 0.090000
v 1.543740 -1.123127 0.150000
v 1.529086 -1.110432 0.210466
v 1.509292 -1.093548 0.247930
v 1.541887 -1.050000 0.021287
v 1.551509 -1.050000 0.230249
v 1.528239 -1.038913 0.252772
v 1.548036 -0.972616 0.020448
v 1.559386 -1.015088 0.239459
v 1.563424 -1.086336 0.055019
v 1.568983 -1.092392 0.090000
v 1.571244 -1.093127 0.150000
v 1.566438 -1.087316 0.187540
v 1.566471 -1.037458 0.051826
v 1.579517 -1.050000 0.090000
v 1.589133 -1.050000 0.150000
v 1.575242 -1.050000 0.200249
v 1.581463 -0.989880 0.090012
v 1.594703 -0.990000 0.150000
v 1.576264 -0.993053 0.215676
v 1.560777 -0.959483 0.241602
v 1.469843 -0.839119 0.265581
v 1.470464 -0.551212 0.265261
v 1.529744 -0.878701 0.255818
v 1.549371 -0.824367 0.014171
v 1.530825 -0.656879 0.258999
v 1.553235 -0.576679 0.015247
v 1.529019 -0.517231 0.256111
v 1.566064 -0.913965 0.047634
v 1.593316 -0.907140 0.149786
v 1.578919 -0.893603 0.209852
v 1.583066 -0.767980 0.089833
v 1.569849 -0.571296 0.042511
v 1.595793 -0.633430 0.150110
v 1.581994 -0.641673 0.211740
v 1.564647 -0.642740 0.245855
v 1.587066 -0.579485 0.087717
v 1.580211 -0.500578 0.210052
v 1.562210 -0.495964 0.242245
v 1.469862 -0.411689 0.265274
v 1.470242 -0.284416 0.262790
v 1.469689 -0.118202 0.262749
v 1.537087 -0.312283 0.007258
v 1.530755 -0.251259 0.254038
v 1.559297 -0.062347 0.238723
v 1.531974 -0.128602 0.252467
v 1.570438 -0.066002 0.047471
v 1.568162 -0.356066 0.048614
v 1.586356 -0.351868 0.090280
v 1.596138 -0.297508 0.149920
v 1.579685 -0.240175 0.209418
v 1.560707 -0.190207 0.240790
v 1.589443 -0.168980 0.089241
v 1.571061 -0.153051 0.045405
v 1.600503 -0.099899 0.149525
v 1.576828 -0.149329 0.215783
v 1.588973 -0.069969 0.089686
v 1.582433 -0.065021 0.208888
v 0.030434 0.091069 -0.737667
v 0.030788 0.271661 -0.739372
v 0.030000 0.390000 -0.737723
v 0.033321 0.486806 -0.733898
v 0.085051 0.098217 -0.726598
v 0.113787 0.244866 -0.717047
v 0.088132 0.371734 -0.727556
v 0.114895 0.373764 -0.718880
v 0.078486 0.486484 -0.728671
v 0.107078 0.482840 -0.716258
v 0.150000 0.090000 -0.702366
v 0.146502 0.236337 -0.701599
v 0.154757 0.335548 -0.692288
v 0.176179 0.501001 -0.664141
v 0.211223 0.028745 -0.673254
v 0.202010 0.100363 -0.673498
v 0.232217 0.090000 -0.653653
v 0.224765 0.181084 -0.646242
v 0.193462 0.237544 -0.671729
v 0.183707 0.368814 -0.665837
v 0.240007 0.347078 -0.599626
v 0.238645 0.378053 -0.601979
v 0.211934 0.450000 -0.631360
v 0.270000 0.030000 -0.636987
v 0.274209 0.092651 -0.622215
v 0.295819 0.116372 -0.597973
v 0.260351 0.150000 -0.617746
v 0.246529 0.246345 -0.606947
v 0.275866 0.252944 -0.580197
v 0.262907 0.343423 -0.582906
v 0.272753 0.556188 -0.582971
v 0.333317 0.027108 -0.607667
v 0.366464 0.036298 -0.597051
v 0.315529 0.074419 -0.605487
v 0.338551 0.089115 -0.594118
v 0.331498 0.201902 -0.567079
v 0.328778 0.338385 -0.552995
v 0.329372 0.499093 -0.556226
v 0.332510 0.249313 -0.557458
v 0.386372 0.294024 -0.550570
v 0.439491 0.091449 -0.577747
v 0.448873 0.195726 -0.556018
v 0.398594 0.447973 -0.547491
v 0.034260 0.135400 -0.275299
v 0.029075 0.220496 -0.277720
v 0.013485 0.374702 -0.303456
v 0.033644 0.358969 -0.298274
v 0.030060 0.464081 -0.318748
v 0.089948 0.084788 -0.276340
v 0.087560 0.261852 -0.287557
v 0.138377 0.364938 -0.303391
v 0.091532 0.370070 -0.299980
v 0.089851 0.493548 -0.317935
v 0.150000 0.030000 -0.282406
v 0.145055 0.100615 -0.276350
v 0.148581 0.150454 -0.280431
v 0.181334 0.274275 -0.299797
v 0.150644 0.323957 -0.300745
v 0.147735 0.533014 -0.325372
v 0.221749 0.021969 -0.293133
v 0.242652 0.084091 -0.298055
v 0.217211 0.096574 -0.290702
v 0.211720 0.483828 -0.338039
v 0.246940 0.039979 -0.299100
v 0.217481 0.339859 -0.322570
v 0.296329 0.374629 -0.354930
v 0.376941 0.029077 -0.349503
v 0.328878 0.115995 -0.335272
v 0.352042 0.279644 -0.361874
v 0.325409 0.439765 -0.367641
v 0.417238 0.075997 -0.360593
v 0.394343 0.093598 -0.354812
v 0.400478 0.161781 -0.359932
v 0.389343 0.295853 -0.367079
v 0.389028 0.435091 -0.374692
v 0.478684 0.043557 -0.357045
v 0.458730 0.104565 -0.359206
v 0.449922 0.241210 -0.363771
v 0.448940 0.358651 -0.367544
v 0.450000 0.450000 -0.369157
v -0.003847 0.606742 -0.719267
v 0.029425 0.612718 -0.716170
v 0.030000 0.690000 -0.708418
v 0.024132 0.780618 -0.705591
v 0.068543 0.553985 -0.723822
v 0.089232 0.587439 -0.709456
v 0.090000 0.690000 -0.694484
v 0.085192 0.784583 -0.689370
v 0.090000 0.930000 -0.691985
v 0.146995 0.571090 -0.680961
v 0.143461 0.660933 -0.674617
v 0.187935 0.698042 -0.641719
v 0.141850 0.779357 -0.670113
v 0.184536 0.764716 -0.648002
v 0.187596 0.857675 -0.656236
v 0.148752 0.984599 -0.675591
v 0.239774 0.557900 -0.602042
v 0.241678 0.607318 -0.598533
v 0.191223 0.926339 -0.657847
v 0.252658 0.707535 -0.603545
v 0.273033 0.863305 -0.617505
v 0.270000 0.930000 -0.627542
v 0.332343 0.586002 -0.559651
v 0.329249 0.724275 -0.581740
v 0.304256 0.821431 -0.600381
v 0.335536 0.861317 -0.601160
v 0.330597 0.933928 -0.613430
v 0.390459 0.555280 -0.545150
v 0.390515 0.636575 -0.554941
v 0.386103 0.798054 -0.584280
v 0.451506 0.562259 -0.543938
v 0.450000 0.630000 -0.548921
v 0.456578 0.722787 -0.562311
v 0.434727 0.905717 -0.600751
v 0.031524 0.599326 -0.330938
v 0.031193 0.811048 -0.339965
v 0.027196 0.988739 -0.326986
v 0.090415 0.745629 -0.337928
v 0.092203 0.815769 -0.336909
v 0.088037 0.990439 -0.324871
v 0.151932 0.744355 -0.338747
v 0.152086 0.822346 -0.338683
v 0.146018 0.989207 -0.329902
v 0.207944 0.591509 -0.344615
v 0.213307 0.719427 -0.349738
v 0.205597 0.984712 -0.343610
v 0.273600 0.499082 -0.360415
v 0.254432 0.592527 -0.361894
v 0.222693 0.806818 -0.352108
v 0.246574 0.987088 -0.356515
v 0.331256 0.569129 -0.381217
v 0.329215 0.653710 -0.386248
v 0.329344 0.790377 -0.390158
v 0.286408 0.991178 -0.371812
v 0.389572 0.548076 -0.386355
v 0.390221 0.672903 -0.398581
v 0.390000 0.750000 -0.404763
v 0.388283 0.821673 -0.408173
v 0.404230 0.983750 -0.413955
v 0.445691 0.527808 -0.378453
v 0.450000 0.630000 -0.394212
v 0.450146 0.731349 -0.407918
v 0.450000 0.810000 -0.415358
v 0.479750 0.898636 -0.420152
v 0.450970 0.876583 -0.418838
v 0.030000 0.990000 -0.701763
v 0.033439 1.055293 -0.676256
v 0.063952 1.078139 -0.657626
v 0.033439 1.092206 -0.635184
v 0.030000 1.105935 -0.570000
v 0.090000 0.990000 -0.690840
v 0.090000 1.043691 -0.674451
v 0.090000 1.092728 -0.624252
v 0.114087 1.109466 -0.565562
v 0.181911 1.024619 -0.662076
v 0.150000 1.061668 -0.646174
v 0.150000 1.092200 -0.616174
v 0.150000 1.109554 -0.570000
v 0.214704 0.989658 -0.650993
v 0.211358 1.050931 -0.630581
v 0.251052 1.077321 -0.595818
v 0.198389 1.087471 -0.607868
v 0.215034 1.098493 -0.575444
v 0.212837 1.119099 -0.510751
v 0.270000 0.990000 -0.630994
v 0.270000 1.042448 -0.615323
v 0.270000 1.096918 -0.564561
v 0.333438 0.985375 -0.617068
v 0.330335 1.034771 -0.608401
v 0.330000 1.064025 -0.589542
v 0.370508 1.095649 -0.557102
v 0.330000 1.119532 -0.510000
v 0.431541 1.059115 -0.587134
v 0.390000 1.114540 -0.510000
v 0.450000 0.990000 -0.610948
v 0.450000 1.032050 -0.607250
v 0.493260 1.081066 -0.542239
v 0.450000 1.103765 -0.510000
v 0.041330 1.116155 -0.449926
v 0.078692 1.105686 -0.387602
v 0.090000 1.050000 -0.337954
v 0.115401 1.085628 -0.356409
v 0.191704 1.071473 -0.364688
v 0.150191 1.053303 -0.346572
v 0.150000 1.124939 -0.450000
v 0.150191 1.101644 -0.385383
v 0.244881 1.028329 -0.357866
v 0.210000 1.126695 -0.450000
v 0.210000 1.104874 -0.396237
v 0.267667 1.047509 -0.373718
v 0.270000 1.123937 -0.450000
v 0.270000 1.101950 -0.403236
v 0.330000 1.050000 -0.397054
v 0.330000 1.113535 -0.450000
v 0.355077 1.083170 -0.417892
v 0.426824 1.000930 -0.420997
v 0.404225 1.047565 -0.424421
v 0.384715 1.097885 -0.448541
v 0.450000 1.050000 -0.432446
v 0.450000 1.098024 -0.461095
v 0.631661 0.027188 -0.557509
v 0.535474 0.116177 -0.558706
v 0.479273 0.257523 -0.549869
v 0.565171 0.181174 -0.548866
v 0.575503 0.472398 -0.550752
v 0.643571 0.174098 -0.542563
v 0.626538 0.227750 -0.545385
v 0.630000 0.450000 -0.547748
v 0.714978 0.039099 -0.544249
v 0.732192 0.143594 -0.533115
v 0.706608 0.222989 -0.532877
v 0.687495 0.346667 -0.539145
v 0.753106 0.282166 -0.528300
v 0.752147 0.441719 -0.533373
v 0.810764 0.144658 -0.520097
v 0.809755 0.263889 -0.517704
v 0.810973 0.359781 -0.515504
v 0.811765 0.465213 -0.512156
v 0.872206 0.062943 -0.498186
v 0.861804 0.194599 -0.496173
v 0.856241 0.356254 -0.490790
v 0.851166 0.463671 -0.488196
v 0.510000 0.030000 -0.347585
v 0.499761 0.161785 -0.359414
v 0.497385 0.262024 -0.359236
v 0.495228 0.348115 -0.360565
v 0.488255 0.445403 -0.359585
v 0.596248 0.095890 -0.335736
v 0.580568 0.172515 -0.346805
v 0.671655 0.040529 -0.294807
v 0.626996 0.166982 -0.334373
v 0.620206 0.277432 -0.335600
v 0.595669 0.371623 -0.333360
v 0.623855 0.443452 -0.314399
v 0.659081 0.481595 -0.298153
v 0.697780 0.098435 -0.297891
v 0.717802 0.156930 -0.299389
v 0.720983 0.284020 -0.300866
v 0.680040 0.330000 -0.308243
v 0.674032 0.398638 -0.297740
v 0.684522 0.448183 -0.286229
v 0.718796 0.203310 -0.303247
v 0.752100 0.210000 -0.282925
v 0.773350 0.403633 -0.239555
v 0.768274 0.448471 -0.237809
v 0.778605 0.052049 -0.240506
v 0.814898 0.063322 -0.207151
v 0.792943 0.189179 -0.253134
v 0.842748 0.149001 -0.192947
v 0.824178 0.210000 -0.220795
v 0.793319 0.270000 -0.252110
v 0.845009 0.268102 -0.193691
v 0.785184 0.343422 -0.245887
v 0.840191 0.345125 -0.185869
v 0.809511 0.385403 -0.208889
v 0.838550 0.400954 -0.172971
v 0.804762 0.450000 -0.204874
v 0.834713 0.455775 -0.171375
v 0.898955 0.089624 -0.477923
v 0.838574 0.031543 -0.177246
v 0.892371 0.021207 -0.091730
v 0.898232 0.078225 -0.088268
v 0.888295 0.221476 -0.471887
v 0.879006 0.141805 -0.130885
v 0.850335 0.208371 -0.186931
v 0.921346 0.278450 -0.052363
v 0.907369 0.329695 -0.448459
v 0.897053 0.336602 -0.092053
v 0.881369 0.441802 -0.467298
v 0.898821 0.383890 -0.079685
v 0.930588 0.050474 -0.031762
v 0.946306 0.188775 -0.417372
v 0.932155 0.176207 -0.028421
v 0.947468 0.380666 -0.406003
v 0.937854 0.346941 -0.021089
v 0.909784 0.451709 -0.441409
v 0.956974 0.460629 -0.384987
v 0.910916 0.466521 -0.057243
v 0.512461 0.559134 -0.547337
v 0.510000 0.630000 -0.550494
v 0.508730 0.730018 -0.559907
v 0.516124 0.826785 -0.570510
v 0.488017 0.981754 -0.604116
v 0.570374 0.597753 -0.546731
v 0.570000 0.690000 -0.549491
v 0.568700 0.781727 -0.554046
v 0.575408 0.888757 -0.566464
v 0.679259 0.517095 -0.539332
v 0.619483 0.569683 -0.540704
v 0.610825 0.617636 -0.538281
v 0.606761 0.682890 -0.539103
v 0.610726 0.767885 -0.541951
v 0.659743 0.901323 -0.542446
v 0.690000 0.630000 -0.515287
v 0.744281 0.689284 -0.491085
v 0.705178 0.752597 -0.507732
v 0.752445 0.512439 -0.527081
v 0.755844 0.635763 -0.494521
v 0.773664 0.757674 -0.481128
v 0.784707 0.654764 -0.478931
v 0.500888 0.517826 -0.363099
v 0.513254 0.711405 -0.394890
v 0.504911 0.879548 -0.411082
v 0.624165 0.505886 -0.317913
v 0.514808 0.618074 -0.378910
v 0.601326 0.666662 -0.360421
v 0.584236 0.831484 -0.377105
v 0.639847 0.755587 -0.352333
v 0.635759 0.915742 -0.364064
v 0.688187 0.506423 -0.288659
v 0.704792 0.593946 -0.299315
v 0.685401 0.742061 -0.330786
v 0.689453 0.925360 -0.342969
v 0.744466 0.510000 -0.256490
v 0.775853 0.517255 -0.235748
v 0.722658 0.660687 -0.299808
v 0.781022 0.688514 -0.475383
v 0.761987 0.779165 -0.287714
v 0.783196 0.742530 -0.473924
v 0.744221 0.853748 -0.309525
v 0.774697 0.905834 -0.300651
v 0.844543 0.559180 -0.469820
v 0.831829 0.505522 -0.177397
v 0.784357 0.597319 -0.243828
v 0.817104 0.585928 -0.203410
v 0.839095 0.565030 -0.173652
v 0.799745 0.802351 -0.258747
v 0.829146 0.807123 -0.227917
v 0.810610 0.872148 -0.474890
v 0.811869 0.894311 -0.267473
v 0.792810 0.979111 -0.307757
v 0.903326 0.690676 -0.083381
v 0.892661 0.632461 -0.418507
v 0.845507 0.713319 -0.187070
v 0.886034 0.688003 -0.414219
v 0.884891 0.749746 -0.414757
v 0.850658 0.792485 -0.195920
v 0.895001 0.828372 -0.419554
v 0.881923 0.828223 -0.155995
v 0.853503 0.983518 -0.256392
v 0.861239 0.892371 -0.212044
v 0.904975 0.990064 -0.438569
v 0.902448 0.620543 -0.414390
v 0.945455 0.575010 -0.376823
v 0.958451 0.610744 -0.359826
v 0.961408 0.590599 -0.001752
v 0.937765 0.669599 -0.038178
v 0.927732 0.690000 -0.382844
v 0.948362 0.736886 -0.366639
v 0.914288 0.750000 -0.078778
v 0.944288 0.750000 -0.044981
v 0.895651 0.784712 -0.113008
v 0.936918 0.854270 -0.087392
v 0.954812 0.815348 -0.054927
v 0.988979 0.989356 -0.385215
v 0.917629 0.975716 -0.154409
v 0.523498 0.990000 -0.595562
v 0.494615 1.026176 -0.603876
v 0.513478 1.052721 -0.570288
v 0.538636 1.079144 -0.538359
v 0.511405 1.092966 -0.515216
v 0.570000 0.990000 -0.582938
v 0.567543 1.055560 -0.559856
v 0.602660 1.081861 -0.542372
v 0.567543 1.092790 -0.515216
v 0.630000 0.990000 -0.563130
v 0.627184 1.050106 -0.551539
v 0.645307 1.070177 -0.532732
v 0.627184 1.091599 -0.511639
v 0.714441 0.984840 -0.527492
v 0.670550 1.030177 -0.544577
v 0.690330 1.050106 -0.525643
v 0.690000 1.091096 -0.495140
v 0.754378 1.054457 -0.498320
v 0.737296 1.087159 -0.487454
v 0.835818 0.990673 -0.477070
v 0.799270 1.037429 -0.487193
v 0.490694 0.990000 -0.421743
v 0.529561 1.022203 -0.417530
v 0.509959 1.048230 -0.428050
v 0.510000 1.095347 -0.458967
v 0.570000 0.990000 -0.399749
v 0.548710 1.067050 -0.424731
v 0.569226 1.096757 -0.446839
v 0.588710 1.088207 -0.416034
v 0.658738 0.990330 -0.363678
v 0.630000 1.050000 -0.389975
v 0.630000 1.108106 -0.450000
v 0.630000 1.094806 -0.409771
v 0.699393 1.037987 -0.363519
v 0.690000 1.109705 -0.450000
v 0.690000 1.098609 -0.402689
v 0.750000 0.990000 -0.331576
v 0.777296 1.077429 -0.478660
v 0.750000 1.070397 -0.365153
v 0.750000 1.040397 -0.350121
v 0.754378 1.100563 -0.455196
v 0.750000 1.100335 -0.395153
v 0.829290 1.017727 -0.292452
v 0.815562 1.054457 -0.474135
v 0.780366 1.079557 -0.360280
v 0.807268 1.056182 -0.326927
v 0.810000 1.098699 -0.442884
v 0.804220 1.101912 -0.384168
v 0.820366 1.091588 -0.343430
v 0.897143 0.998756 -0.196749
v 0.870000 1.050000 -0.452423
v 0.847086 1.072807 -0.303430
v 0.870149 1.053464 -0.271152
v 0.899142 1.043226 -0.224637
v 0.870000 1.091350 -0.431068
v 0.870000 1.110572 -0.390000
v 0.868252 1.097979 -0.326058
v 0.887086 1.084335 -0.287484
v 0.959338 1.026559 -0.118727
v 0.935102 1.050388 -0.414475
v 0.904925 1.074122 -0.247484
v 0.966430 1.063346 -0.131586
v 0.904272 1.084036 -0.422906
v 0.926563 1.097165 -0.388754
v 0.930000 1.109982 -0.330000
v 0.926955 1.094234 -0.268490
v 0.944943 1.088728 -0.210000
v 0.954999 1.083319 -0.171821
v 0.961068 0.044024 -0.423445
v 1.015204 0.068154 -0.349554
v 1.021818 0.156954 -0.331647
v 1.029560 0.365083 -0.311942
v 1.077880 0.063037 -0.297787
v 1.065532 0.164429 -0.289803
v 1.058752 0.463788 -0.277607
v 1.021930 0.515819 -0.302745
v 1.093753 0.019486 -0.302060
v 1.110000 0.090000 -0.277834
v 1.110000 0.150000 -0.265119
v 1.109249 0.218617 -0.257485
v 1.137882 0.238969 -0.239865
v 1.130892 0.414114 -0.234693
v 1.097947 0.469890 -0.249779
v 1.187192 0.038734 -0.261845
v 1.145960 0.185546 -0.241742
v 1.216989 0.487449 -0.202700
v 1.248274 0.025876 -0.239770
v 1.218907 0.131081 -0.231299
v 1.232557 0.221060 -0.213372
v 1.299514 0.142644 -0.193937
v 1.318356 0.186739 -0.176652
v 1.283257 0.218071 -0.193702
v 1.312839 0.306396 -0.173891
v 1.273955 0.422985 -0.183949
v 1.330106 0.062661 -0.189234
v 1.387193 0.269097 -0.121906
v 1.387679 0.377792 -0.122247
v 1.382071 0.427779 -0.123573
v 1.400720 0.080823 -0.132240
v 1.432147 0.073330 -0.103077
v 1.421579 0.192293 -0.096798
v 1.386782 0.210000 -0.124942
v 1.439804 0.444615 -0.060734
v 1.018850 0.663343 -0.298029
v 0.969156 0.690000 -0.008053
v 0.973369 0.764427 -0.349242
v 1.009607 0.740906 0.007640
v 0.978565 0.857440 -0.367812
v 0.973193 0.909516 -0.071997
v 0.992551 0.880881 -0.050925
v 1.053689 0.986083 -0.343408
v 1.081833 0.625832 -0.251548
v 1.021605 0.725876 -0.299622
v 1.088128 0.685722 -0.248756
v 1.014956 0.780360 -0.003710
v 1.058996 0.809308 -0.292962
v 1.089134 0.913390 -0.300895
v 1.062088 0.852098 -0.005219
v 1.050000 0.930000 -0.030888
v 1.120430 0.669479 -0.231248
v 1.116252 0.769340 -0.244957
v 1.138815 0.745843 -0.229972
v 1.090174 0.882446 -0.000072
v 1.094977 0.942657 -0.005357
v 1.166151 0.680543 -0.213959
v 1.156319 0.815755 -0.232827
v 1.174371 0.914860 -0.245320
v 1.257704 0.605915 -0.181593
v 1.220256 0.736645 -0.191217
v 1.256335 0.745040 -0.174675
v 1.242189 0.812695 -0.183363
v 1.265679 0.866049 -0.173885
v 1.255174 0.929684 -0.191997
v 1.264076 0.528646 -0.180437
v 1.374166 0.517505 -0.116663
v 1.366285 0.608459 -0.111902
v 1.362419 0.709349 -0.109391
v 1.358402 0.867389 -0.111414
v 1.355887 0.928057 -0.116261
v 1.406295 0.538003 -0.084404
v 1.407987 0.639169 -0.074038
v 1.404282 0.742777 -0.075029
v 1.429929 0.928882 -0.047818
v 1.398620 0.927728 -0.080954
v 1.013585 0.986306 -0.064200
v 0.991160 1.049055 -0.376419
v 1.011933 1.068425 -0.354849
v 0.971933 1.090529 -0.367924
v 0.991160 1.101596 -0.332909
v 0.990000 1.119484 -0.270000
v 0.990000 1.116483 -0.210000
v 0.987918 1.101589 -0.151093
v 1.006529 1.094518 -0.109233
v 1.025176 1.028425 -0.363291
v 1.047106 1.049055 -0.340790
v 1.031129 1.050000 -0.068915
v 1.084228 1.056908 -0.030032
v 1.050000 1.093719 -0.313039
v 1.050000 1.120584 -0.270000
v 1.054184 1.136379 -0.204954
v 1.039873 1.134497 -0.150000
v 1.050556 1.116313 -0.085971
v 1.081477 1.141390 -0.175698
v 1.069873 1.142784 -0.150000
v 1.069524 1.143447 -0.102710
v 1.109097 0.991322 -0.305936
v 1.097479 0.993487 -0.006749
v 1.124903 1.050800 -0.291448
v 1.084908 1.083897 -0.302536
v 1.106945 1.100168 -0.271326
v 1.105596 1.132804 -0.204954
v 1.122659 1.138291 -0.171444
v 1.082210 1.137750 -0.061368
v 1.110572 1.109301 -0.032609
v 1.104952 1.147215 -0.085626
v 1.121586 1.146295 -0.051886
v 1.184054 0.992681 -0.251828
v 1.172797 1.045490 -0.257804
v 1.194661 1.062483 -0.235542
v 1.154661 1.092756 -0.252210
v 1.172797 1.107850 -0.213325
v 1.174599 1.137939 -0.151254
v 1.164367 1.119856 -0.007615
v 1.170000 1.150235 -0.090000
v 1.174986 1.147288 -0.031132
v 1.201080 1.020667 -0.240631
v 1.235057 0.991352 -0.210685
v 1.230288 1.050825 -0.209065
v 1.259860 1.079167 -0.179895
v 1.219860 1.095369 -0.195542
v 1.232815 1.116948 -0.151200
v 1.251550 1.138447 -0.088617
v 1.222651 1.142220 -0.104018
v 1.235916 1.145780 -0.035888
v 1.362240 0.988786 -0.109223
v 1.285218 1.054540 -0.162005
v 1.290000 1.097119 -0.136612
v 1.290000 1.119297 -0.090000
v 1.288476 1.130039 -0.035888
v 1.267459 1.143782 -0.019813
v 1.327967 1.050000 -0.126457
v 1.372902 1.040031 -0.081190
v 1.372920 1.071567 -0.050901
v 1.321786 1.084299 -0.122254
v 1.331029 1.090429 -0.090000
v 1.351752 1.097544 -0.030540
v 1.424804 0.989337 -0.051020
v 1.410248 1.051873 -0.030689
v 1.482803 0.075709 -0.030954
v 1.448862 0.164933 -0.070307
v 1.442565 0.275714 -0.064756
v 1.462654 0.481737 -0.026976
v 1.500600 0.120358 -0.000100
v 1.453663 0.681114 -0.021414
v 1.456736 0.915353 -0.015928
v 1.483037 0.991106 0.013855
v 1.449390 1.032179 -0.010478
v 0.961222 0.141926 0.018973
v 0.957843 0.240611 0.015184
v 0.955021 0.330000 0.007553
v 0.955315 0.421100 0.005055
v 1.005875 0.150000 0.077240
v 1.006073 0.210000 0.073334
v 0.980774 0.270000 0.039057
v 1.014812 0.292565 0.064201
v 0.994035 0.327926 0.040065
v 0.988067 0.399906 0.028287
v 1.034504 0.082212 0.106362
v 1.065296 0.090000 0.128905
v 1.042356 0.150000 0.107240
v 1.081021 0.163790 0.124610
v 1.047231 0.253400 0.087284
v 1.028870 0.344391 0.057416
v 1.037544 0.382618 0.054831
v 1.035890 0.493091 0.048325
v 1.106989 0.453839 0.075965
v 1.110000 0.090000 0.150328
v 1.110000 0.390000 0.082490
v 1.170000 0.090000 0.169509
v 1.170000 0.150000 0.158317
v 1.164731 0.211357 0.141525
v 1.142538 0.308238 0.110118
v 1.182851 0.396495 0.116752
v 1.192718 0.470793 0.116105
v 1.241337 0.105452 0.179577
v 1.224834 0.150000 0.174185
v 1.269038 0.199351 0.183581
v 1.221186 0.281960 0.153882
v 1.249858 0.318918 0.168640
v 1.279880 0.407184 0.183279
v 1.291108 0.128150 0.192387
v 1.294638 0.269508 0.193640
v 1.343972 0.200834 0.216155
v 1.401353 0.312511 0.253661
v 1.358422 0.439419 0.229503
v 1.419814 0.127161 0.250902
v 1.410426 0.342336 0.258756
v 1.410374 0.559043 0.257360
v 0.993772 0.630687 0.018107
v 0.999156 0.690000 0.014434
v 1.070136 0.668278 0.055116
v 1.098159 0.632462 0.068914
v 1.111904 0.690431 0.067781
v 1.128819 0.741835 0.063227
v 1.169234 0.629682 0.103341
v 1.201885 0.661644 0.122029
v 1.190374 0.685063 0.112479
v 1.139469 0.794052 0.052950
v 1.180449 0.754027 0.093192
v 1.157321 0.863760 0.048857
v 1.191638 0.871327 0.079145
v 1.200679 0.545144 0.119757
v 1.245353 0.757743 0.143953
v 1.247164 0.853119 0.134310
v 1.301373 0.988240 0.182554
v 1.296070 0.548530 0.184119
v 1.293436 0.684750 0.181964
v 1.299863 0.826154 0.184747
v 1.379016 0.658649 0.238829
v 1.374039 0.811061 0.240822
v 1.374965 0.956665 0.243233
v 1.404152 0.666186 0.251942
v 1.410282 0.810253 0.259663
v 1.410000 0.930000 0.261740
v 1.138047 1.071772 0.003782
v 1.159124 0.990000 0.043768
v 1.206203 0.990049 0.087799
v 1.177347 1.044142 0.048731
v 1.198309 1.141311 0.001450
v 1.201757 1.076043 0.058132
v 1.227664 1.057132 0.093050
v 1.253570 1.038221 0.126383
v 1.225055 1.115628 0.046471
v 1.241757 1.099379 0.079319
v 1.230000 1.143820 0.014490
v 1.261110 1.078221 0.119319
v 1.287258 1.054482 0.149668
v 1.313406 1.030742 0.186167
v 1.288476 1.132061 0.034722
v 1.284666 1.104446 0.095592
v 1.301110 1.087802 0.132952
v 1.267459 1.143782 0.017870
v 1.353908 0.994358 0.223561
v 1.328844 1.070742 0.172952
v 1.349307 1.050445 0.199408
v 1.350000 1.111339 0.030000
v 1.350000 1.107172 0.090000
v 1.349307 1.092028 0.151771
v 1.368844 1.085970 0.186614
v 1.380941 1.017262 0.239565
v 1.404565 0.994358 0.253866
v 1.411453 1.080039 0.003392
v 1.421887 1.033360 0.248631
v 1.426756 1.084710 0.038874
v 1.449732 1.085961 0.087474
v 1.410000 1.096156 0.150000
v 1.410000 1.088485 0.193872
v 1.470070 0.054327 0.266055
v 1.496251 0.204761 0.001635
v 1.470467 0.207168 0.269358
v 1.492298 0.424373 0.009295
v 1.469777 0.351647 0.274432
v 1.528058 0.058377 0.255877
v 1.556984 0.172645 0.237496
v 1.561857 0.197876 0.058293
v 1.526202 0.311130 0.257585
v 1.555351 0.331864 0.064539
v 1.553020 0.410277 0.061174
v 1.558754 0.403463 0.238820
v 1.557804 0.501396 0.061933
v 1.564658 0.077187 0.055900
v 1.581593 0.076706 0.089346
v 1.598255 0.040910 0.149624
v 1.579449 0.229830 0.207434
v 1.575206 0.233794 0.085688
v 1.596608 0.217081 0.150148
v 1.580207 0.411829 0.095522
v 1.599171 0.395604 0.149982
v 1.579653 0.431865 0.208707
v 1.489727 0.538681 0.008298
v 1.470904 0.655444 0.271568
v 1.486337 0.692962 0.011109
v 1.470091 0.802462 0.273179
v 1.485789 0.931870 0.013952
v 1.469635 0.923694 0.274764
v 1.560720 0.678278 0.240503
v 1.533634 0.587385 0.041652
v 1.534374 0.625281 0.253976
v 1.531935 0.727602 0.257336
v 1.534423 0.928010 0.049478
v 1.556226 0.929488 0.064771
v 1.558775 0.846541 0.238085
v 1.533662 0.826263 0.253747
v 1.556201 0.930000 0.235511
v 1.526201 0.930000 0.255954
v 1.575252 0.559397 0.087376
v 1.595286 0.620414 0.150661
v 1.561053 0.612929 0.059296
v 1.577375 0.610034 0.213851
v 1.573266 0.643495 0.087056
v 1.579210 0.703501 0.209627
v 1.569033 0.801107 0.089666
v 1.583380 0.805193 0.149399
v 1.561215 0.754640 0.241108
v 1.570498 0.805036 0.214894
v 1.585207 0.930277 0.150543
v 1.576609 0.927336 0.204770
v 1.569109 0.930000 0.095084
v 1.470000 0.990000 0.268797
v 1.466943 1.051518 0.032969
v 1.488180 1.073095 0.090000
v 1.499744 1.079938 0.120425
v 1.470000 1.071237 0.227696
v 1.470000 1.041237 0.251788
v 1.502483 1.082820 0.153096
v 1.470000 1.085776 0.197696
v 1.519868 0.990000 0.045033
v 1.549868 0.990000 0.074005
v 1.546937 0.990000 0.224546
v 1.516937 0.990000 0.253304
v 1.509133 1.030856 0.051079
v 1.529480 1.041175 0.092969
v 1.526236 1.061423 0.144255
v 1.525483 1.049909 0.208334
v 1.507239 1.035214 0.247175
v 1.503727 1.082359 0.191713
v 1.566924 0.990000 0.104005
v 1.577733 0.990000 0.150000
v 1.570809 0.990000 0.194546
v 1.563214 1.024498 0.114948
v 1.565550 1.026826 0.150000
v 1.564186 1.024604 0.184955
vn -0.9860 -0.1664 0.0095
vn -0.9503 -0.2175 -0.2227
vn -0.9789 -0.0411 0.2002
vn -0.5966 -0.8013 -0.0450
vn -0.8016 -0.4790 -0.3578
vn -0.6983 -0.6709 -0.2496
vn -0.6772 -0.4873 0.5513
vn -0.8172 -0.2433 -0.5225
vn -0.8248 -0.2353 -0.5141
vn -0.8934 -0.0218 0.4488
vn -0.4592 -0.7422 -0.4882
vn -0.3807 -0.9115 -0.1553
vn -0.6438 -0.7418 -0.1875
vn -0.3480 -0.9348 -0.0706
vn -0.6753 -0.7346 -0.0664
vn -0.4566 -0.3049 -0.8358
vn -0.4744 -0.1156 -0.8727
vn -0.1668 -0.9568 -0.2379
vn -0.3251 -0.9438 -0.0590
vn -0.2166 -0.9761 -0.0154
vn -0.2058 -0.4948 -0.8443
vn -0.2151 -0.4201 -0.8816
vn -0.0887 -0.1289 -0.9877
vn -0.0934 -0.9593 -0.2664
vn -0.0330 -0.9991 0.0252
vn -0.1027 -0.4930 -0.8640
vn -0.0815 -0.3081 -0.9478
vn -0.0861 -0.1093 -0.9903
vn 0.0698 -0.9533 -0.2940
vn 0.0762 -0.9936 -0.0832
vn 0.0971 -0.4617 -0.8817
vn 0.0256 -0.2339 -0.9719
vn -0.0255 -0.1642 -0.9861
vn -0.1989 -0.9749 0.0997
vn -0.3679 -0.6857 0.6280
vn -0.5678 -0.4927 0.6594
vn -0.5555 -0.2688 0.7869
vn -0.1555 -0.9771 0.1451
vn -0.2272 -0.9032 0.3641
vn -0.3593 -0.6816 0.6374
vn -0.4725 -0.5986 0.6468
vn -0.4596 -0.4336 0.7751
vn -0.5666 -0.0074 0.8240
vn -0.1023 -0.9732 0.2061
vn -0.2000 -0.8478 0.4911
vn -0.3411 0.0263 0.9397
vn 0.0114 -0.9997 0.0203
vn -0.2737 -0.5157 0.8118
vn -0.2660 -0.3073 0.9137
vn -0.3148 0.0627 0.9471
vn -0.9698 -0.0246 -0.2428
vn -0.9792 0.0318 0.2003
vn -0.9827 0.0614 -0.1748
vn -0.9647 0.0319 0.2613
vn -0.9859 0.0090 -0.1669
vn -0.9848 0.0130 0.1732
vn -0.7793 -0.0519 -0.6245
vn -0.8458 -0.0822 -0.5272
vn -0.8968 0.0477 0.4398
vn -0.7815 0.0471 -0.6221
vn -0.8647 0.0656 -0.4981
vn -0.8679 -0.0003 -0.4967
vn -0.8952 0.0151 0.4455
vn -0.4504 0.0046 -0.8928
vn -0.4964 -0.0139 -0.8680
vn -0.5039 0.0156 -0.8636
vn -0.1178 0.0105 -0.9930
vn -0.1050 -0.0232 -0.9942
vn -0.1769 0.0139 -0.9841
vn -0.1239 -0.0077 -0.9923
vn -0.1278 -0.0104 -0.9917
vn -0.1374 -0.0222 -0.9903
vn -0.0164 -0.0545 -0.9984
vn -0.0373 -0.0234 -0.9990
vn -0.1421 -0.0761 -0.9869
vn -0.7977 0.0584 0.6002
vn -0.8112 0.0120 0.5847
vn -0.6166 0.0818 0.7830
vn -0.6166 0.0128 0.7872
vn -0.7431 0.0123 0.6691
vn -0.6026 0.0148 0.7979
vn -0.5520 0.0912 0.8288
vn -0.3866 0.0595 0.9203
vn -0.5364 -0.0269 0.8435
vn -0.4184 -0.0533 0.9067
vn -0.5800 0.0227 0.8143
vn -0.5074 0.1163 0.8538
vn -0.4450 0.0996 0.8900
vn -0.2798 -0.0638 0.9579
vn -0.2835 0.0466 0.9578
vn -0.2467 0.1448 0.9582
vn -0.2185 0.1896 0.9572
vn -0.2942 0.0944 0.9511
vn -0.2252 -0.0473 0.9732
vn -0.1834 0.0169 0.9829
vn -0.1869 0.0465 0.9813
vn -0.9810 -0.0083 0.1938
vn -0.9919 -0.0067 -0.1269
vn -0.9790 0.0103 0.2038
vn -0.9877 0.0073 -0.1559
vn -0.7879 -0.0004 -0.6158
vn -0.8526 0.0032 0.5226
vn -0.7626 -0.0003 -0.6469
vn -0.4823 0.0022 -0.8760
vn -0.3179 -0.0194 -0.9479
vn -0.5801 0.0079 -0.8145
vn -0.3326 0.0181 -0.9429
vn -0.2100 0.0024 -0.9777
vn -0.3833 -0.0400 -0.9228
vn -0.4138 0.0199 -0.9102
vn -0.2598 -0.0306 -0.9652
vn -0.2544 -0.0216 -0.9669
vn -0.3591 -0.0496 -0.9320
vn -0.3741 -0.0237 -0.9271
vn -0.2574 0.0202 -0.9661
vn -0.2743 -0.0989 -0.9565
vn -0.1689 -0.0167 -0.9855
vn -0.2748 -0.0479 -0.9603
vn -0.1379 0.0393 -0.9897
vn -0.0593 0.0485 -0.9971
vn -0.8254 0.0066 0.5646
vn -0.8335 -0.0093 0.5524
vn -0.5794 0.0203 0.8148
vn -0.6539 -0.0284 0.7561
vn -0.7966 -0.0212 0.6041
vn -0.6645 -0.0176 0.7471
vn -0.4414 0.0566 0.8955
vn -0.4546 -0.0659 0.8882
vn -0.4640 -0.0383 0.8850
vn -0.5402 -0.0444 0.8403
vn -0.2181 0.1243 0.9680
vn -0.1724 -0.0541 0.9835
vn -0.2080 -0.1082 0.9721
vn -0.2072 -0.1150 0.9715
vn -0.1168 -0.0331 0.9926
vn -0.1260 -0.1134 0.9855
vn -0.3587 -0.1886 0.9142
vn -0.3501 -0.1431 0.9257
vn -0.9958 -0.0025 -0.0918
vn -0.9761 -0.0023 0.2175
vn -0.8827 -0.0049 0.4699
vn -0.8568 -0.0018 -0.5156
vn -0.8772 -0.0000 0.4801
vn -0.3868 -0.0149 -0.9221
vn -0.4155 0.0538 -0.9080
vn -0.5823 0.0041 -0.8130
vn -0.4085 -0.0036 -0.9128
vn -0.3678 -0.0182 -0.9297
vn -0.3016 -0.0315 -0.9529
vn -0.3017 0.0816 -0.9499
vn -0.1764 0.0311 -0.9838
vn -0.1646 0.0078 -0.9863
vn -0.1916 0.0800 -0.9782
vn -0.1896 0.0917 -0.9776
vn 0.0281 0.0550 -0.9981
vn -0.0373 0.0506 -0.9980
vn -0.1564 0.0836 -0.9841
vn -0.1704 0.1078 -0.9795
vn -0.8292 0.0019 0.5589
vn -0.6465 -0.0180 0.7627
vn -0.7946 0.0057 0.6070
vn -0.7367 -0.0168 0.6760
vn -0.7363 0.0222 0.6763
vn -0.7551 0.0083 0.6556
vn -0.7253 0.0171 0.6882
vn -0.5431 -0.0672 0.8370
vn -0.6276 -0.0989 0.7723
vn -0.6269 0.0936 0.7734
vn -0.6399 0.0670 0.7656
vn -0.4154 0.0681 0.9071
vn -0.4096 -0.1115 0.9054
vn -0.4924 -0.1184 0.8623
vn -0.5020 -0.0635 0.8625
vn -0.4803 0.0716 0.8742
vn -0.4627 0.1526 0.8733
vn -0.3780 0.0566 0.9241
vn -0.3985 -0.1533 0.9043
vn -0.3059 -0.0671 0.9497
vn -0.2411 0.1302 0.9617
vn -0.3288 0.2095 0.9209
vn -0.3152 0.1557 0.9362
vn -0.9945 -0.0048 -0.1043
vn -0.9758 0.0019 0.2186
vn -0.9775 -0.0279 -0.2093
vn -0.9734 -0.0319 0.2268
vn -0.9749 0.0130 -0.2221
vn -0.9767 0.0027 0.2146
vn -0.8584 -0.0054 -0.5129
vn -0.7359 -0.0078 -0.6771
vn -0.8739 -0.0047 -0.4861
vn -0.7473 0.0504 -0.6625
vn -0.8433 0.0328 -0.5365
vn -0.3932 0.0007 -0.9194
vn -0.4166 0.0664 -0.9066
vn -0.0918 0.0017 -0.9958
vn -0.2041 0.0442 -0.9780
vn -0.1312 0.0251 -0.9910
vn -0.1150 -0.0113 -0.9933
vn -0.1154 -0.0034 -0.9933
vn -0.1357 -0.0398 -0.9900
vn -0.0247 -0.0147 -0.9996
vn 0.0082 -0.2164 -0.9763
vn -0.0127 -0.0125 -0.9998
vn -0.7841 0.0019 0.6206
vn -0.6833 0.0024 0.7301
vn -0.6871 0.0045 0.7266
vn -0.5803 0.0350 0.8136
vn -0.3059 0.0463 0.9509
vn -0.4027 0.0175 0.9152
vn -0.4866 0.0404 0.8727
vn -0.4633 0.0165 0.8861
vn -0.1563 0.0358 0.9871
vn -0.2918 0.0872 0.9525
vn -0.2755 0.0443 0.9603
vn -0.1201 0.0297 0.9923
vn -0.1726 -0.0188 0.9848
vn -0.2853 -0.0664 0.9561
vn -0.2140 0.0700 0.9743
vn -0.1476 0.0606 0.9872
vn -0.2395 -0.0282 0.9705
vn -0.9718 0.1654 -0.1680
vn -0.9788 0.0750 0.1907
vn -0.7761 0.1891 -0.6016
vn -0.8385 0.1358 -0.5277
vn -0.9054 0.3012 -0.2993
vn -0.7929 0.4476 -0.4135
vn -0.7350 0.5570 -0.3867
vn -0.7197 0.6938 0.0247
vn -0.7635 0.2147 0.6091
vn -0.8106 0.5777 -0.0965
vn -0.4696 0.1639 -0.8675
vn -0.5831 0.6741 -0.4534
vn -0.6671 0.6361 -0.3878
vn -0.3616 0.9082 -0.2108
vn -0.6628 0.6592 -0.3551
vn -0.2275 0.9702 -0.0838
vn -0.2891 0.1509 -0.9453
vn -0.2733 0.3563 -0.8935
vn -0.5677 0.5898 -0.5743
vn -0.3383 0.8643 -0.3722
vn -0.4911 0.7888 -0.3695
vn -0.1648 0.9809 -0.1037
vn -0.1652 0.9815 -0.0968
vn -0.2062 0.3422 -0.9167
vn -0.1914 0.4244 -0.8850
vn -0.1959 0.9552 -0.2219
vn -0.1956 0.9770 -0.0844
vn -0.0380 0.9993 0.0057
vn -0.0103 0.0214 -0.9997
vn 0.0260 0.2909 -0.9564
vn 0.1098 0.4947 -0.8621
vn 0.1108 0.9440 -0.3109
vn 0.0868 0.9949 0.0503
vn -0.8069 0.0661 0.5870
vn -0.9671 0.2065 0.1484
vn -0.6665 -0.0123 0.7454
vn -0.7212 0.1473 0.6769
vn -0.5848 0.1906 0.7885
vn -0.2275 0.9700 0.0859
vn -0.4048 0.5466 0.7331
vn -0.5414 0.4174 0.7299
vn -0.4836 -0.0319 0.8747
vn -0.4579 0.1949 0.8674
vn -0.3403 -0.0076 0.9403
vn -0.0631 0.9874 0.1452
vn -0.1912 0.9293 0.3160
vn -0.2586 0.5408 0.8004
vn -0.0353 0.9993 0.0116
vn -0.1300 0.9179 0.3750
vn -0.2065 0.6587 0.7236
vn -0.2370 -0.0890 0.9674
vn -0.1599 0.2175 0.9629
vn -0.0182 0.9965 -0.0811
vn -0.1586 0.6934 0.7029
vn -0.2302 0.4435 0.8662
vn 0.1338 -0.9505 -0.2804
vn 0.1455 -0.9793 -0.1406
vn 0.2345 -0.6199 -0.7488
vn 0.1323 -0.3116 -0.9409
vn 0.1386 -0.0999 -0.9853
vn 0.0226 -0.9821 -0.1871
vn 0.1329 -0.8327 -0.5375
vn 0.2240 -0.3615 -0.9051
vn 0.2626 -0.0545 -0.9634
vn 0.2815 -0.6027 -0.7467
vn 0.1072 -0.8401 -0.5317
vn 0.3871 -0.1851 -0.9033
vn 0.3789 -0.0923 -0.9208
vn 0.1117 -0.9622 -0.2484
vn 0.0104 -0.9897 -0.1426
vn 0.1977 -0.6064 -0.7702
vn 0.4691 -0.4496 -0.7601
vn 0.4232 -0.3359 -0.8415
vn 0.4094 -0.4509 -0.7931
vn 0.2255 -0.7044 -0.6730
vn 0.4949 -0.0984 -0.8633
vn 0.0890 -0.9699 -0.2267
vn 0.1599 -0.5541 -0.8170
vn 0.2236 -0.4760 -0.8505
vn 0.2250 -0.2473 -0.9425
vn 0.2294 -0.0829 -0.9698
vn -0.0143 -0.3356 -0.9419
vn -0.0541 -0.0956 -0.9940
vn -0.0394 -0.9210 -0.3875
vn -0.1451 -0.3758 -0.9153
vn -0.1507 -0.0487 -0.9874
vn -0.1130 -0.9732 0.2004
vn -0.1684 -0.6510 0.7401
vn -0.2026 0.0812 0.9759
vn -0.0439 -0.9761 0.2129
vn -0.0728 -0.8713 0.4853
vn -0.0025 -1.0000 0.0008
vn -0.0341 -0.9886 0.1468
vn -0.0715 -0.8718 0.4847
vn -0.1599 -0.5066 0.8472
vn -0.1627 -0.5025 0.8491
vn -0.1131 -0.2279 0.9671
vn 0.0086 -1.0000 0.0008
vn 0.0075 -0.9922 0.1245
vn -0.1743 -0.2221 0.9593
vn -0.1750 0.0788 0.9814
vn -0.0858 -0.9749 0.2054
vn 0.0903 -0.9887 -0.1200
vn -0.0047 -1.0000 -0.0037
vn 0.0011 -0.9999 0.0162
vn -0.0165 -0.9732 0.2292
vn -0.0638 -0.5865 0.8074
vn -0.1079 -0.2701 0.9568
vn -0.1115 0.0481 0.9926
vn -0.0312 -0.9691 0.2448
vn -0.2182 -0.6892 0.6909
vn -0.2304 -0.1962 0.9531
vn -0.3590 0.0253 0.9330
vn -0.0327 -0.9918 -0.1236
vn 0.0066 -0.9997 0.0232
vn -0.0436 -0.9930 0.1097
vn -0.1018 -0.9422 0.3193
vn -0.2646 -0.4851 0.8334
vn -0.3871 -0.3725 0.8434
vn -0.3581 -0.2561 0.8979
vn -0.4605 0.0431 0.8866
vn 0.1192 -0.0584 -0.9912
vn 0.1756 -0.0642 -0.9824
vn 0.1106 -0.0399 -0.9931
vn 0.0673 -0.0623 -0.9958
vn 0.2556 -0.0901 -0.9626
vn 0.1812 -0.0697 -0.9810
vn 0.2037 -0.1143 -0.9723
vn 0.3504 -0.0773 -0.9334
vn 0.4116 -0.0659 -0.9090
vn 0.4565 -0.0730 -0.8867
vn 0.4534 -0.0843 -0.8873
vn 0.4842 -0.0428 -0.8739
vn 0.4840 -0.0472 -0.8738
vn 0.5349 -0.0397 -0.8440
vn 0.5594 -0.0057 -0.8289
vn 0.5037 -0.0363 -0.8631
vn 0.4211 -0.0400 -0.9061
vn 0.4533 0.0046 -0.8913
vn 0.2154 -0.0227 -0.9763
vn 0.1952 -0.0432 -0.9798
vn 0.3321 -0.1243 -0.9350
vn 0.2598 -0.0954 -0.9609
vn 0.2610 -0.0042 -0.9653
vn 0.3910 0.0661 -0.9180
vn -0.0071 -0.0401 -0.9992
vn 0.0313 -0.0892 -0.9955
vn 0.0708 -0.1053 -0.9919
vn 0.0929 0.0579 -0.9940
vn -0.1111 -0.0402 -0.9930
vn 0.0254 -0.0605 -0.9978
vn -0.0119 0.0018 -0.9999
vn -0.0029 0.0207 -0.9998
vn 0.0349 0.0538 -0.9979
vn -0.2294 0.1119 0.9669
vn -0.2434 0.0960 0.9652
vn -0.2386 0.0295 0.9707
vn -0.1549 0.1542 0.9758
vn -0.1731 0.0352 0.9843
vn -0.1765 0.1126 0.9778
vn -0.1576 0.1211 0.9800
vn -0.1449 0.1790 0.9731
vn -0.1570 0.1217 0.9801
vn -0.1322 0.0440 0.9902
vn -0.0914 0.2268 0.9697
vn -0.1474 0.1159 0.9823
vn -0.1365 0.0225 0.9904
vn -0.5331 0.4421 0.7214
vn -0.0775 0.1165 0.9902
vn -0.0286 0.2960 0.9547
vn -0.4017 0.0910 0.9112
vn -0.2730 0.0812 0.9586
vn -0.2130 0.1347 0.9677
vn -0.0254 0.2415 0.9701
vn -0.3459 0.1361 0.9283
vn -0.2630 0.2083 0.9421
vn -0.2508 0.2786 0.9271
vn 0.0781 -0.1362 -0.9876
vn 0.0945 -0.2537 -0.9627
vn 0.0971 -0.1095 -0.9892
vn 0.0461 0.0768 -0.9960
vn 0.0523 0.1083 -0.9927
vn 0.3526 -0.1099 -0.9293
vn 0.5076 -0.0253 -0.8612
vn 0.4071 -0.0684 -0.9108
vn 0.3838 -0.0277 -0.9230
vn 0.3832 0.0092 -0.9236
vn 0.3178 0.0688 -0.9456
vn 0.2924 0.1343 -0.9468
vn 0.5821 -0.0144 -0.8130
vn 0.5543 -0.0585 -0.8302
vn 0.5214 -0.0586 -0.8513
vn 0.4595 0.0393 -0.8873
vn 0.2798 0.1130 -0.9534
vn 0.5337 -0.0443 -0.8445
vn 0.5974 0.0300 -0.8014
vn 0.6077 -0.0840 -0.7897
vn 0.6322 -0.1161 -0.7660
vn 0.5720 0.0073 -0.8202
vn 0.6498 -0.0814 -0.7557
vn 0.4826 0.0699 -0.8730
vn 0.5129 0.0115 -0.8584
vn 0.5319 0.0233 -0.8465
vn 0.5596 -0.0235 -0.8284
vn 0.5520 -0.0638 -0.8314
vn 0.5653 -0.0965 -0.8192
vn 0.2083 0.0272 -0.9777
vn 0.1625 0.0121 -0.9866
vn 0.1065 -0.0556 -0.9928
vn 0.4613 -0.1125 -0.8801
vn 0.1743 -0.0974 -0.9799
vn 0.3943 -0.1104 -0.9123
vn 0.0960 0.0078 -0.9954
vn 0.0245 -0.0340 -0.9991
vn -0.0211 -0.0441 -0.9988
vn 0.0850 0.0373 -0.9957
vn 0.0869 -0.0008 -0.9962
vn -0.1631 0.1720 0.9715
vn -0.1432 0.0386 0.9889
vn -0.1431 0.0028 0.9897
vn -0.1562 -0.1985 0.9676
vn -0.2184 -0.2259 0.9494
vn -0.2266 -0.2037 0.9525
vn -0.1800 0.0812 0.9803
vn -0.1186 -0.1623 0.9796
vn -0.1181 -0.2324 0.9654
vn -0.1477 0.1934 0.9699
vn -0.0737 0.0368 0.9966
vn -0.0002 -0.0327 0.9995
vn -0.0027 -0.1552 0.9879
vn 0.0262 -0.2263 0.9737
vn 0.0121 0.1864 0.9824
vn 0.0567 0.0602 0.9966
vn 0.0568 0.0230 0.9981
vn 0.0890 -0.1111 0.9898
vn 0.1530 -0.2364 0.9595
vn -0.0226 0.2940 0.9555
vn -0.0142 0.2024 0.9792
vn 0.2043 -0.1974 0.9588
vn 0.0144 0.1090 0.9939
vn 0.0545 0.0270 0.9981
vn 0.1626 -0.2031 0.9655
vn -0.0954 0.2555 0.9621
vn -0.1181 0.1334 0.9840
vn -0.0961 0.0356 0.9947
vn -0.0088 -0.0564 0.9984
vn -0.0088 -0.0262 0.9996
vn 0.2879 0.0480 0.9565
vn -0.2816 0.1860 0.9413
vn -0.2657 0.1253 0.9559
vn -0.3112 0.0411 0.9495
vn -0.2679 0.0013 0.9634
vn -0.2666 0.1007 0.9585
vn -0.0003 0.3063 0.9519
vn -0.1426 0.1923 0.9709
vn -0.1003 -0.6419 -0.7602
vn -0.1188 -0.4128 -0.9031
vn -0.0969 -0.9489 -0.3005
vn -0.1110 -0.6230 -0.7743
vn -0.0094 -0.0275 -0.9996
vn -0.0122 -0.9472 -0.3205
vn 0.0307 -0.5663 -0.8237
vn 0.0443 -0.3448 -0.9376
vn 0.1175 -0.9311 -0.3452
vn 0.1469 -0.5556 -0.8184
vn 0.1488 -0.2774 -0.9492
vn 0.2643 -0.5106 -0.8182
vn 0.2123 -0.3371 -0.9172
vn 0.2240 -0.0427 -0.9736
vn 0.2837 -0.5192 -0.8062
vn 0.1329 -0.8337 -0.5359
vn 0.2799 -0.3049 -0.9103
vn 0.2215 -0.6350 -0.7401
vn 0.2615 -0.4068 -0.8753
vn 0.2352 -0.1176 -0.9648
vn 0.5024 -0.3463 -0.7923
vn 0.5013 -0.3173 -0.8050
vn -0.0424 -0.9907 -0.1290
vn -0.0354 -0.9984 0.0440
vn -0.0917 -0.9895 0.1119
vn -0.3300 -0.5789 0.7456
vn -0.5176 -0.3247 0.7917
vn -0.4758 -0.2546 0.8419
vn -0.0965 -0.9894 0.1090
vn -0.1061 -0.9783 0.1780
vn -0.3792 -0.4950 0.7818
vn -0.4424 -0.2628 0.8575
vn -0.4815 -0.1822 0.8573
vn -0.5076 -0.0465 0.8604
vn -0.4751 -0.0667 0.8774
vn -0.0298 -0.9986 -0.0436
vn -0.0318 -0.9985 0.0437
vn -0.0571 -0.9792 0.1946
vn -0.3308 -0.7274 0.6012
vn 0.1209 -0.9813 -0.1496
vn -0.0314 -0.9987 0.0409
vn -0.0359 -0.9848 0.1698
vn -0.2101 -0.8786 0.4289
vn -0.2021 -0.6180 0.7597
vn -0.2184 -0.2874 0.9326
vn -0.2530 0.0043 0.9675
vn 0.0454 -0.9717 -0.2319
vn 0.0110 -0.9999 -0.0084
vn -0.0624 -0.9879 0.1417
vn -0.1068 -0.9294 0.3533
vn -0.2754 -0.6409 0.7165
vn -0.2660 -0.6477 0.7140
vn -0.2680 -0.3291 0.9055
vn -0.4834 -0.1090 0.8686
vn -0.3296 0.0086 0.9441
vn -0.4646 0.0211 0.8853
vn 0.0040 -0.9996 0.0277
vn -0.1499 -0.9796 0.1338
vn -0.3187 -0.7601 0.5663
vn -0.5643 -0.5087 0.6502
vn -0.5344 -0.5397 0.6505
vn -0.4668 -0.2889 0.8359
vn -0.6304 -0.0095 0.7762
vn 0.0929 -0.9720 -0.2159
vn -0.1314 -0.9913 0.0058
vn -0.1418 -0.9753 0.1695
vn -0.3671 -0.6457 0.6695
vn -0.5772 -0.3204 0.7511
vn 0.1669 -0.9771 -0.1323
vn 0.1659 -0.9766 -0.1368
vn 0.1657 -0.9767 -0.1364
vn -0.0103 -0.9999 0.0101
vn -0.1313 -0.9892 0.0645
vn 0.8970 -0.3024 -0.3225
vn 0.5856 -0.5680 -0.5783
vn 0.6773 -0.2545 -0.6903
vn 0.7208 -0.1162 -0.6834
vn -0.0525 -0.0074 -0.9986
vn -0.0439 0.0023 -0.9990
vn -0.0676 0.0438 -0.9967
vn -0.0400 0.0066 -0.9992
vn -0.0346 -0.0037 -0.9994
vn -0.1218 -0.0311 -0.9921
vn -0.1488 0.0698 -0.9864
vn -0.1158 0.0322 -0.9927
vn 0.0919 -0.0482 -0.9946
vn -0.0072 -0.0009 -1.0000
vn -0.0703 -0.0533 -0.9961
vn -0.0386 0.0661 -0.9971
vn 0.1699 0.1163 -0.9786
vn 0.0804 -0.0649 -0.9947
vn 0.2126 0.0263 -0.9768
vn 0.1856 0.1116 -0.9763
vn 0.2720 -0.0765 -0.9593
vn 0.2792 -0.0539 -0.9587
vn 0.3408 0.0613 -0.9381
vn 0.3247 0.1322 -0.9365
vn 0.2709 -0.0280 -0.9622
vn 0.3176 0.0865 -0.9443
vn 0.3888 0.1033 -0.9155
vn 0.2334 0.0022 -0.9724
vn 0.7533 0.0029 -0.6577
vn 0.6626 0.1350 -0.7367
vn 0.5307 0.1895 -0.8261
vn -0.5009 0.1415 0.8538
vn -0.4576 0.2374 0.8569
vn -0.5341 0.1052 0.8389
vn -0.4943 0.1346 0.8588
vn -0.4245 0.1743 0.8885
vn -0.3915 0.2752 0.8780
vn -0.2907 0.0397 0.9560
vn -0.3537 0.1174 0.9280
vn -0.3542 0.2785 0.8927
vn -0.3229 0.2560 0.9111
vn -0.3975 0.2735 0.8759
vn -0.4066 0.0571 0.9118
vn -0.4008 0.0851 0.9122
vn -0.3800 0.2402 0.8932
vn -0.4620 0.2536 0.8499
vn -0.4196 0.2254 0.8793
vn -0.5573 0.0964 0.8247
vn -0.4404 0.1973 0.8758
vn -0.6666 0.1711 0.7255
vn -0.6282 0.2201 0.7463
vn -0.6006 0.0704 0.7965
vn -0.6349 0.2110 0.7433
vn 0.7432 0.0386 -0.6679
vn -0.0241 0.0073 -0.9997
vn -0.0272 -0.0199 -0.9994
vn 0.0134 -0.0001 -0.9999
vn 0.0435 -0.0274 -0.9987
vn 0.0782 0.0544 -0.9955
vn 0.1896 0.1297 -0.9732
vn 0.1803 0.0170 -0.9835
vn 0.2090 0.0776 -0.9748
vn 0.1916 0.0467 -0.9804
vn 0.3327 0.0552 -0.9414
vn 0.2325 0.0494 -0.9713
vn 0.3209 0.1674 -0.9322
vn 0.2945 0.1581 -0.9425
vn 0.2797 0.0650 -0.9579
vn 0.2471 0.0258 -0.9687
vn 0.2539 0.0168 -0.9671
vn 0.2520 -0.0393 -0.9669
vn 0.2601 -0.0277 -0.9652
vn 0.4199 0.1660 -0.8923
vn 0.4158 0.0562 -0.9077
vn 0.4019 0.0081 -0.9157
vn 0.3664 -0.0578 -0.9287
vn 0.5179 0.1407 -0.8438
vn 0.4718 -0.0645 -0.8794
vn -0.3988 0.0314 0.9165
vn -0.3507 0.0540 0.9349
vn -0.3303 0.1166 0.9367
vn -0.3093 0.2252 0.9239
vn -0.3989 0.1646 0.9021
vn -0.3479 0.1987 0.9162
vn -0.3898 0.1854 0.9021
vn -0.3955 0.0941 0.9136
vn -0.3993 0.0238 0.9165
vn -0.3693 0.1491 0.9173
vn -0.3942 0.1395 0.9084
vn -0.3742 0.2336 0.8974
vn -0.4711 0.2367 0.8497
vn -0.4322 0.1922 0.8811
vn -0.4145 0.1091 0.9035
vn -0.3630 0.0545 0.9302
vn -0.4068 0.1821 0.8952
vn -0.5004 0.2198 0.8374
vn -0.5556 0.2043 0.8060
vn -0.4426 0.0530 0.8951
vn -0.4789 0.1127 0.8706
vn -0.6926 0.1427 0.7070
vn -0.6302 0.1205 0.7671
vn -0.7166 0.1192 0.6872
vn 0.5490 0.0045 -0.8358
vn -0.7433 0.0313 0.6683
vn -0.6742 0.0103 0.7385
vn -0.6910 0.0487 0.7212
vn -0.7489 0.1417 0.6474
vn 0.6017 0.0863 -0.7940
vn -0.7541 0.1063 0.6481
vn -0.7657 -0.0178 0.6430
vn -0.7988 -0.0337 0.6007
vn 0.1573 -0.9734 -0.1667
vn 0.0401 -0.9907 -0.1300
vn -0.0028 -1.0000 -0.0062
vn -0.0096 -0.9999 -0.0102
vn -0.0301 -0.9990 0.0330
vn 0.6997 -0.4969 -0.5133
vn 0.2542 -0.9297 -0.2664
vn 0.5980 -0.6362 -0.4875
vn 0.6412 -0.3184 -0.6982
vn 0.7478 -0.2428 -0.6179
vn 0.1444 -0.9717 -0.1870
vn 0.0121 -0.9906 -0.1362
vn 0.6484 -0.5346 -0.5420
vn 0.3786 -0.7882 -0.4852
vn 0.5994 -0.5657 -0.5663
vn 0.6748 -0.3415 -0.6543
vn 0.7567 -0.2605 -0.5996
vn 0.7735 -0.0805 -0.6287
vn 0.1102 -0.9736 -0.1998
vn 0.1130 -0.9851 -0.1299
vn 0.0042 -0.9999 -0.0143
vn 0.5268 -0.4980 -0.6888
vn 0.3641 -0.7125 -0.5999
vn 0.4381 -0.5715 -0.6939
vn 0.6172 -0.3374 -0.7108
vn 0.7253 -0.1040 -0.6806
vn 0.6079 -0.1299 -0.7833
vn 0.0373 -0.9795 -0.1982
vn 0.0380 -0.9983 -0.0439
vn 0.0320 -0.9995 -0.0058
vn 0.4069 -0.5146 -0.7548
vn 0.2003 -0.8326 -0.5163
vn 0.4640 -0.3302 -0.8220
vn 0.4562 -0.2297 -0.8597
vn 0.5220 -0.0956 -0.8476
vn 0.1156 -0.9728 -0.2006
vn 0.1177 -0.9854 -0.1234
vn 0.2001 -0.6526 -0.7308
vn 0.4360 -0.5159 -0.7373
vn 0.4182 -0.3145 -0.8522
vn 0.0514 -0.9845 -0.1676
vn 0.4102 -0.5104 -0.7558
vn 0.2067 -0.8187 -0.5358
vn 0.3797 -0.3335 -0.8629
vn 0.4960 -0.1071 -0.8617
vn 0.0944 -0.9788 -0.1815
vn 0.1840 -0.6433 -0.7432
vn 0.4290 -0.4772 -0.7670
vn 0.4179 -0.3067 -0.8551
vn 0.4895 -0.0876 -0.8676
vn 0.1184 -0.9817 -0.1491
vn 0.5483 -0.4703 -0.6915
vn 0.2866 -0.8244 -0.4881
vn 0.4579 -0.6188 -0.6383
vn 0.3683 -0.2303 -0.9007
vn 0.5264 -0.1561 -0.8358
vn 0.7607 -0.0034 -0.6491
vn 0.6815 0.1050 -0.7243
vn 0.7421 0.0846 -0.6650
vn 0.7622 -0.0337 -0.6465
vn 0.7538 0.0420 -0.6558
vn 0.7582 0.0629 -0.6490
vn 0.7500 0.0457 -0.6599
vn 0.7107 -0.0321 -0.7027
vn 0.6557 -0.0252 -0.7546
vn 0.7102 0.0110 -0.7039
vn 0.7038 0.0446 -0.7090
vn 0.6314 0.0476 -0.7740
vn 0.5173 -0.0288 -0.8553
vn 0.5351 0.0444 -0.8436
vn 0.4839 0.0329 -0.8745
vn 0.4830 -0.0011 -0.8756
vn 0.4283 0.0260 -0.9033
vn 0.4529 0.0223 -0.8913
vn 0.4484 0.0139 -0.8937
vn 0.3455 -0.0056 -0.9384
vn 0.4784 -0.0678 -0.8755
vn 0.3090 -0.0234 -0.9508
vn 0.2664 -0.0049 -0.9639
vn 0.3062 -0.0049 -0.9519
vn 0.3803 -0.1227 -0.9167
vn 0.3110 -0.2152 -0.9257
vn 0.2429 -0.0313 -0.9695
vn 0.2608 0.0128 -0.9653
vn 0.4841 -0.0905 -0.8703
vn 0.4914 -0.2384 -0.8377
vn 0.4967 -0.3724 -0.7840
vn 0.6535 -0.0557 -0.7548
vn 0.3832 0.0599 -0.9217
vn 0.4794 0.0882 -0.8732
vn 0.6303 0.1410 -0.7635
vn 0.6015 0.0880 -0.7940
vn 0.6958 0.0987 -0.7114
vn 0.5754 -0.0181 -0.8177
vn 0.6970 -0.0471 -0.7156
vn 0.5616 -0.0463 -0.8261
vn 0.6129 -0.0596 -0.7879
vn 0.6107 -0.0162 -0.7917
vn 0.7120 0.0569 -0.6998
vn 0.6917 -0.0037 -0.7222
vn 0.7172 0.0643 -0.6939
vn 0.6944 0.0423 -0.7184
vn 0.6716 0.1291 -0.7296
vn 0.6304 0.0209 -0.7760
vn 0.6730 0.0130 -0.7395
vn 0.6485 -0.0027 -0.7612
vn 0.5819 -0.0125 -0.8132
vn 0.6633 -0.0301 -0.7477
vn 0.6486 0.0612 -0.7586
vn 0.5271 0.0976 -0.8442
vn 0.4644 -0.0171 -0.8854
vn 0.4024 -0.0569 -0.9137
vn 0.3875 -0.0171 -0.9217
vn 0.3587 -0.0704 -0.9308
vn 0.3219 -0.0838 -0.9431
vn 0.4296 -0.0316 -0.9025
vn 0.4170 0.0251 -0.9086
vn 0.3955 0.0045 -0.9185
vn 0.5257 0.0124 -0.8506
vn 0.4683 -0.0703 -0.8808
vn 0.5453 -0.0483 -0.8368
vn 0.4807 -0.0946 -0.8717
vn 0.4854 -0.0727 -0.8712
vn 0.6241 0.0087 -0.7813
vn 0.5172 0.0878 -0.8513
vn 0.5641 0.0132 -0.8256
vn 0.6487 -0.0871 -0.7560
vn 0.7108 0.0328 -0.7026
vn 0.6023 -0.5185 -0.6070
vn 0.2480 -0.8965 -0.3671
vn 0.5476 -0.3419 -0.7637
vn 0.7241 -0.2405 -0.6464
vn 0.6702 -0.1190 -0.7326
vn 0.6310 -0.2999 -0.7155
vn 0.7539 -0.0756 -0.6527
vn 0.7577 -0.1060 -0.6440
vn 0.6508 -0.1956 -0.7336
vn 0.6888 -0.1183 -0.7153
vn 0.6601 0.0407 -0.7501
vn 0.7726 0.0087 -0.6348
vn 0.6246 0.0952 -0.7752
vn 0.6024 0.0581 -0.7961
vn 0.7861 0.0617 -0.6151
vn 0.7726 0.0192 -0.6345
vn 0.5830 0.0002 -0.8125
vn 0.7900 0.0024 -0.6131
vn 0.7963 0.0311 -0.6041
vn 0.8058 0.0376 -0.5910
vn 0.8075 0.0561 -0.5872
vn 0.8204 0.0722 -0.5672
vn 0.7482 0.0631 -0.6605
vn -0.6279 -0.0531 0.7765
vn -0.1625 -0.9660 0.2014
vn -0.2430 -0.6350 0.7333
vn -0.4748 -0.4301 0.7678
vn -0.3820 -0.3129 0.8696
vn -0.4083 -0.1998 0.8907
vn -0.6689 0.0879 0.7382
vn -0.6485 0.1395 0.7483
vn -0.6164 0.1156 0.7789
vn -0.5403 0.1237 0.8324
vn -0.5010 0.1247 0.8564
vn -0.5187 0.1394 0.8435
vn -0.6551 0.1744 0.7352
vn -0.7010 0.1198 0.7030
vn -0.7084 0.0819 0.7011
vn -0.8002 -0.0345 0.5987
vn -0.1070 -0.9684 0.2254
vn -0.2137 -0.7889 0.5761
vn -0.3473 -0.5132 0.7849
vn -0.1444 -0.9871 0.0692
vn -0.3437 -0.3363 0.8768
vn -0.2757 -0.0244 0.9609
vn -0.1240 -0.9717 0.2011
vn -0.3779 -0.7094 0.5950
vn 0.0257 -0.9995 -0.0162
vn -0.0508 -0.9916 0.1186
vn -0.1319 -0.8926 0.4312
vn -0.3058 -0.5585 0.7711
vn -0.3431 -0.4932 0.7994
vn -0.3257 -0.2843 0.9017
vn -0.3809 0.0139 0.9245
vn -0.1592 -0.9650 0.2083
vn -0.2231 -0.6228 0.7499
vn -0.0410 -0.9938 -0.1036
vn -0.0685 -0.9822 0.1748
vn -0.1802 -0.7833 0.5950
vn -0.2935 -0.5209 0.8016
vn -0.3131 -0.5058 0.8038
vn -0.2406 -0.2672 0.9331
vn 0.0131 -0.9999 -0.0008
vn -0.3586 -0.2352 0.9034
vn 0.1053 -0.9873 -0.1186
vn 0.0150 -0.9942 -0.1067
vn -0.1110 -0.9859 -0.1253
vn -0.1715 -0.9545 0.2438
vn -0.2257 -0.7097 0.6674
vn -0.3058 -0.5022 0.8089
vn -0.2252 -0.1665 0.9600
vn -0.3971 0.0814 0.9142
vn -0.4425 0.1020 0.8909
vn -0.5067 0.0929 0.8571
vn -0.5848 0.1145 0.8030
vn -0.7096 0.0694 0.7012
vn -0.3307 0.0594 0.9419
vn -0.3774 0.0216 0.9258
vn -0.4729 -0.0158 0.8810
vn -0.4591 -0.0951 0.8833
vn -0.5750 -0.0526 0.8164
vn -0.4575 -0.0940 0.8842
vn -0.3467 -0.1101 0.9315
vn -0.3772 0.0148 0.9260
vn -0.3101 -0.1031 0.9451
vn -0.2818 -0.0118 0.9594
vn -0.3684 0.0292 0.9292
vn -0.4111 0.0061 0.9116
vn -0.7233 0.0810 0.6858
vn -0.6601 0.0150 0.7511
vn -0.6924 0.0582 0.7191
vn -0.6707 0.0013 0.7417
vn -0.6451 -0.1084 0.7563
vn -0.6404 -0.0864 0.7632
vn -0.3614 0.0182 0.9322
vn -0.6944 0.1258 0.7085
vn -0.3744 0.0788 0.9239
vn -0.6673 -0.0027 0.7447
vn -0.5200 -0.0393 0.8533
vn -0.4471 -0.1493 0.8819
vn -0.4706 -0.0958 0.8771
vn -0.2712 0.0344 0.9619
vn -0.3650 -0.0240 0.9307
vn -0.2792 -0.0845 0.9565
vn -0.2276 0.0447 0.9727
vn -0.2464 0.0114 0.9691
vn -0.2253 -0.0031 0.9743
vn -0.2252 -0.0029 0.9743
vn -0.2062 -0.0330 0.9779
vn -0.2248 -0.0029 0.9744
vn -0.3511 0.0536 0.9348
vn -0.3592 -0.0112 0.9332
vn -0.4927 0.0383 0.8693
vn -0.4535 -0.0108 0.8912
vn -0.4954 -0.0023 0.8687
vn 0.0926 -0.9817 -0.1662
vn 0.0321 -0.9927 -0.1161
vn 0.0131 -0.9762 0.2163
vn 0.4132 -0.6400 -0.6478
vn -0.0953 -0.8102 0.5783
vn -0.0804 -0.5478 0.8328
vn -0.0767 -0.2634 0.9616
vn 0.2403 -0.9638 -0.1154
vn 0.2417 -0.9696 -0.0377
vn 0.3337 -0.9362 0.1108
vn 0.7225 -0.3905 -0.5705
vn 0.3569 -0.8664 -0.3492
vn 0.7675 -0.5582 -0.3153
vn 0.6667 -0.7452 -0.0137
vn 0.6805 -0.7206 0.1328
vn 0.4860 -0.5640 0.6676
vn 0.4857 -0.6718 0.5593
vn 0.7497 -0.1890 -0.6342
vn 0.6945 -0.4432 0.5667
vn 0.2715 -0.1780 0.9458
vn 0.7874 -0.1188 -0.6049
vn 0.5719 -0.3275 0.7521
vn 0.7401 -0.6330 -0.2272
vn 0.7366 -0.6753 -0.0360
vn 0.7229 -0.6628 0.1951
vn 0.6617 -0.2605 -0.7031
vn 0.9347 -0.0809 -0.3460
vn 0.9697 -0.2410 -0.0395
vn 0.9095 -0.3773 0.1748
vn 0.7291 -0.3685 0.5768
vn 0.7908 -0.0694 -0.6081
vn 0.9869 -0.0319 -0.1582
vn 0.9600 -0.0891 0.2654
vn 0.8654 -0.1454 0.4794
vn 0.8328 -0.0421 0.5520
vn -0.1832 0.0178 0.9829
vn -0.2241 0.0016 0.9746
vn 0.7821 -0.0663 -0.6196
vn 0.2560 -0.0208 0.9664
vn 0.8221 -0.0458 -0.5676
vn 0.8273 -0.0346 -0.5606
vn 0.1512 -0.0149 0.9884
vn 0.8312 0.0164 -0.5557
vn 0.8216 0.0578 -0.5671
vn 0.1417 0.0223 0.9897
vn 0.9346 -0.0090 -0.3557
vn 0.9732 0.0169 0.2295
vn 0.8622 0.0066 0.5065
vn 0.8610 -0.0293 -0.5078
vn 0.9827 -0.0072 -0.1848
vn 0.9447 -0.0153 -0.3276
vn 0.9761 -0.0091 0.2173
vn 0.8807 -0.0143 0.4735
vn 0.3794 -0.0171 0.9251
vn 0.9872 -0.0227 -0.1577
vn 0.8549 -0.0111 -0.5187
vn 0.8737 0.0169 0.4861
vn 0.3695 0.0290 0.9288
vn -0.2370 -0.0011 0.9715
vn -0.2700 0.0196 0.9627
vn -0.2780 -0.0007 0.9606
vn 0.8191 0.0419 -0.5721
vn 0.8053 0.0376 -0.5916
vn 0.1646 0.0066 0.9863
vn 0.7902 0.0170 -0.6126
vn 0.1647 0.0110 0.9863
vn 0.6893 0.0750 -0.7206
vn 0.8502 0.0361 -0.5252
vn 0.9354 0.0173 -0.3531
vn 0.9861 0.0049 -0.1662
vn 0.9636 -0.0008 0.2673
vn 0.8730 0.0030 0.4877
vn 0.3937 0.0063 0.9192
vn 0.9891 -0.0175 -0.1463
vn 0.9195 -0.0193 -0.3926
vn 0.7472 -0.0002 -0.6646
vn 0.9583 -0.0206 0.2849
vn 0.8481 -0.0104 0.5297
vn 0.4116 0.0193 0.9112
vn 0.7422 0.0212 -0.6699
vn 0.9241 0.0157 -0.3818
vn 0.9824 0.0055 -0.1866
vn 0.7901 -0.0024 0.6129
vn 0.1218 0.1183 -0.9855
vn 0.1251 0.0228 -0.9919
vn 0.0358 0.0185 -0.9992
vn -0.0507 0.0810 -0.9954
vn 0.1913 0.0561 -0.9799
vn 0.3232 0.0455 -0.9452
vn 0.1998 -0.0096 -0.9798
vn 0.3483 -0.0072 -0.9373
vn 0.1768 0.0149 -0.9841
vn 0.1151 0.0353 -0.9927
vn 0.4008 0.0248 -0.9158
vn 0.4305 0.0169 -0.9024
vn 0.4234 -0.0165 -0.9058
vn 0.5942 0.0619 -0.8019
vn 0.4418 0.0935 -0.8922
vn 0.5341 0.0331 -0.8448
vn 0.4415 0.0150 -0.8971
vn 0.5643 0.0698 -0.8226
vn 0.4828 0.0161 -0.8756
vn 0.6853 0.0521 -0.7264
vn 0.5357 0.0346 -0.8437
vn 0.7650 0.0855 -0.6383
vn 0.6442 0.0465 -0.7635
vn 0.7124 0.0496 -0.7000
vn 0.5214 0.0927 -0.8483
vn 0.6800 0.1146 -0.7242
vn 0.6197 0.2087 -0.7566
vn 0.6414 0.1757 -0.7468
vn 0.6586 0.0969 -0.7462
vn 0.5856 -0.0358 -0.8098
vn 0.4277 0.0229 -0.9037
vn 0.4359 0.1787 -0.8821
vn 0.2655 0.1437 -0.9533
vn 0.4841 0.3695 -0.7931
vn 0.3738 0.1732 -0.9112
vn 0.4153 0.0323 -0.9091
vn 0.4122 -0.0193 -0.9109
vn 0.2336 0.0163 -0.9722
vn 0.2855 0.0742 -0.9555
vn 0.1501 0.2394 -0.9593
vn 0.0830 0.0533 -0.9951
vn 0.1103 -0.0204 -0.9937
vn 0.1015 0.1942 -0.9757
vn 0.0533 0.0890 -0.9946
vn -0.1982 -0.1235 0.9724
vn -0.1056 0.0218 0.9942
vn -0.2192 0.2162 0.9514
vn -0.0882 0.1491 0.9849
vn -0.2221 0.2043 0.9534
vn -0.0956 -0.1403 0.9855
vn 0.0046 -0.0155 0.9999
vn 0.0941 0.1024 0.9903
vn 0.0075 0.1138 0.9935
vn -0.0259 0.2826 0.9589
vn -0.0355 0.1433 0.9890
vn 0.0176 -0.1730 0.9848
vn 0.0242 -0.0837 0.9962
vn 0.0939 0.1147 0.9890
vn 0.0820 0.0886 0.9927
vn 0.0405 0.1274 0.9910
vn 0.1302 -0.1465 0.9806
vn 0.1453 -0.0234 0.9891
vn 0.3271 0.1141 0.9381
vn 0.2191 0.0939 0.9712
vn 0.2839 0.1137 0.9521
vn 0.2922 -0.0933 0.9518
vn 0.2309 -0.0006 0.9730
vn 0.3042 0.0369 0.9519
vn 0.3776 0.0575 0.9242
vn 0.3341 0.1132 0.9357
vn 0.2506 0.0764 0.9651
vn 0.2876 0.0514 0.9564
vn 0.2508 0.0134 0.9680
vn 0.2865 0.0016 0.9581
vn 0.2997 0.0446 0.9530
vn 0.1114 0.0621 0.9918
vn 0.2538 0.1201 0.9598
vn 0.1147 0.0545 0.9919
vn -0.1650 0.1518 0.9745
vn -0.0355 0.0031 0.9994
vn 0.0217 0.0348 0.9992
vn -0.0258 0.0319 0.9992
vn -0.0949 0.0187 0.9953
vn -0.1214 0.0762 -0.9897
vn 0.0825 0.0565 -0.9950
vn 0.1960 -0.0006 -0.9806
vn 0.1830 -0.0311 -0.9826
vn 0.0333 0.1312 -0.9908
vn 0.4085 0.1251 -0.9042
vn 0.0612 0.1690 -0.9837
vn 0.1516 0.0975 -0.9836
vn 0.2260 0.0450 -0.9731
vn 0.2266 -0.0112 -0.9739
vn 0.4691 0.1368 -0.8725
vn 0.4063 0.1290 -0.9046
vn 0.3803 0.0692 -0.9223
vn 0.5730 0.0389 -0.8186
vn 0.3471 -0.0367 -0.9371
vn 0.2917 -0.0268 -0.9561
vn 0.6527 0.0913 -0.7521
vn 0.6524 0.0789 -0.7538
vn 0.6900 0.0186 -0.7236
vn 0.5005 -0.0034 -0.8658
vn 0.5132 -0.0545 -0.8565
vn 0.4883 -0.0929 -0.8677
vn 0.3395 -0.1279 -0.9319
vn 0.4149 -0.0432 -0.9089
vn 0.3843 -0.0470 -0.9220
vn 0.3752 -0.0873 -0.9228
vn 0.2937 -0.1067 -0.9499
vn 0.2330 -0.1344 -0.9631
vn 0.2189 -0.0459 -0.9747
vn 0.2084 -0.1497 -0.9665
vn 0.1497 -0.1490 -0.9774
vn 0.1528 -0.1389 -0.9784
vn 0.0869 -0.1192 -0.9891
vn 0.1185 -0.1744 -0.9775
vn 0.1786 -0.1178 -0.9768
vn 0.0762 -0.1611 -0.9840
vn -0.1717 0.0903 0.9810
vn -0.1445 0.0593 0.9877
vn -0.1920 -0.0758 0.9785
vn -0.0783 0.0790 0.9938
vn -0.0490 -0.0133 0.9987
vn -0.0327 -0.0695 0.9970
vn 0.0146 0.0629 0.9979
vn 0.0133 -0.0008 0.9999
vn 0.0352 -0.0512 0.9981
vn 0.2435 0.0676 0.9675
vn 0.1885 0.0314 0.9816
vn 0.1792 0.0074 0.9838
vn 0.1804 -0.0296 0.9831
vn 0.3166 0.0994 0.9433
vn 0.3213 0.0808 0.9435
vn 0.3479 0.0230 0.9373
vn 0.2184 0.0921 0.9715
vn 0.2616 0.0636 0.9631
vn 0.3141 0.0269 0.9490
vn 0.3592 -0.0084 0.9332
vn 0.1235 0.1013 0.9872
vn 0.1684 0.0952 0.9811
vn 0.2819 0.0775 0.9563
vn 0.2665 0.0522 0.9624
vn 0.2896 0.0057 0.9571
vn -0.1168 0.1114 0.9869
vn -0.0825 0.1553 0.9844
vn 0.0237 0.1340 0.9907
vn 0.1326 0.0936 0.9867
vn 0.1248 0.0500 0.9909
vn 0.2284 0.0713 -0.9709
vn 0.1654 0.3254 -0.9310
vn 0.1540 0.4928 -0.8564
vn -0.0010 0.9995 -0.0316
vn 0.2289 0.0707 -0.9709
vn 0.1029 0.3572 -0.9283
vn 0.1325 0.5141 -0.8474
vn 0.0788 0.8894 -0.4503
vn 0.0305 0.9784 -0.2045
vn -0.0391 0.9978 -0.0533
vn 0.2528 0.0185 -0.9673
vn 0.1861 0.2868 -0.9397
vn 0.2132 0.5542 -0.8046
vn 0.2270 0.8149 -0.5334
vn 0.0477 0.9552 -0.2920
vn 0.1875 0.6884 -0.7006
vn 0.2862 0.5770 -0.7649
vn 0.1501 0.9255 -0.3478
vn -0.0196 0.9901 -0.1387
vn 0.3602 -0.0326 -0.9323
vn 0.2815 0.3171 -0.9057
vn 0.2827 0.5806 -0.7635
vn 0.1387 0.7990 -0.5851
vn 0.0866 0.9501 -0.2997
vn 0.2102 -0.0561 -0.9761
vn 0.1448 0.2833 -0.9480
vn 0.1573 0.5458 -0.8230
vn 0.1791 0.7810 -0.5982
vn 0.0375 0.9373 -0.3465
vn 0.0503 0.6830 -0.7287
vn 0.0761 0.9142 -0.3981
vn 0.1003 -0.0757 -0.9921
vn 0.0134 0.1736 -0.9847
vn 0.0214 0.6058 -0.7954
vn 0.1601 0.8915 -0.4238
vn -0.0952 0.9404 0.3264
vn -0.0864 0.8555 0.5106
vn -0.0400 0.2156 0.9757
vn -0.0543 0.9943 -0.0917
vn -0.0464 0.8145 0.5783
vn -0.0389 0.4813 0.8757
vn 0.1245 0.2421 0.9622
vn -0.0786 0.9744 0.2108
vn 0.2061 0.7303 0.6512
vn 0.1090 0.3949 0.9123
vn 0.2124 0.4026 0.8904
vn 0.2307 0.1083 0.9670
vn -0.0278 0.9919 -0.1242
vn 0.0107 0.9407 0.3391
vn 0.4546 0.1808 0.8722
vn 0.2978 0.0435 0.9536
vn 0.0456 0.9915 -0.1218
vn 0.0887 0.9229 0.3746
vn 0.2450 0.4540 0.8567
vn -0.0032 0.9971 -0.0764
vn 0.1550 0.8940 0.4203
vn 0.2380 0.3812 0.8933
vn 0.3414 0.1521 0.9275
vn 0.0825 0.9916 0.0991
vn 0.4732 0.5232 0.7088
vn 0.3383 0.3037 0.8907
vn 0.2512 0.0655 0.9657
vn 0.0489 0.9630 0.2652
vn 0.1224 0.5085 0.8523
vn 0.1176 0.0439 -0.9921
vn 0.1508 0.1428 -0.9782
vn 0.1439 0.1894 -0.9713
vn 0.1204 0.1151 -0.9860
vn 0.1029 0.1028 -0.9894
vn 0.1060 0.1013 -0.9892
vn 0.0632 -0.0087 -0.9980
vn 0.1883 0.1018 -0.9768
vn 0.1542 -0.0030 -0.9880
vn 0.1527 -0.0265 -0.9879
vn 0.1260 -0.0125 -0.9920
vn 0.1349 -0.0293 -0.9904
vn 0.1870 0.0455 -0.9813
vn 0.1619 0.0781 -0.9837
vn 0.1625 0.0553 -0.9852
vn 0.1665 -0.0547 -0.9845
vn 0.2530 -0.0292 -0.9670
vn 0.3929 0.0492 -0.9182
vn 0.4068 0.0218 -0.9133
vn 0.4800 0.0140 -0.8772
vn 0.5201 0.0232 -0.8538
vn 0.5136 0.0245 -0.8577
vn -0.1854 0.2372 0.9536
vn -0.0304 0.0254 0.9992
vn -0.0934 -0.0040 0.9956
vn -0.1465 0.0116 0.9891
vn -0.1537 -0.0210 0.9879
vn -0.2998 0.2258 0.9269
vn -0.2186 0.0956 0.9711
vn -0.2095 -0.0252 0.9775
vn -0.2417 -0.0859 0.9665
vn -0.3153 -0.1246 0.9408
vn -0.3273 0.2623 0.9078
vn -0.3207 0.2405 0.9161
vn -0.2592 -0.0052 0.9658
vn -0.3464 0.2050 0.9154
vn -0.3423 0.1410 0.9290
vn -0.3500 0.0851 0.9329
vn -0.3247 -0.0191 0.9456
vn -0.3155 -0.1301 0.9400
vn -0.3580 -0.1718 0.9178
vn -0.3582 -0.1718 0.9177
vn -0.5159 -0.0887 0.8520
vn -0.4633 0.1662 0.8705
vn -0.5016 0.1743 0.8474
vn -0.5310 0.0815 0.8434
vn -0.4846 -0.2216 0.8462
vn -0.5001 -0.0901 0.8613
vn -0.6590 0.1439 0.7382
vn -0.7230 0.1223 0.6799
vn -0.7418 0.0783 0.6661
vn -0.5918 -0.0075 0.8061
vn -0.7490 -0.0400 0.6614
vn -0.5715 -0.1320 0.8099
vn -0.7459 -0.1133 0.6563
vn -0.7241 -0.1695 0.6685
vn -0.6916 -0.2087 0.6915
vn -0.6713 -0.0950 0.7351
vn -0.7375 -0.0712 0.6716
vn -0.8062 0.0620 0.5884
vn -0.8363 0.1026 0.5385
vn 0.6394 0.0622 -0.7664
vn -0.7140 0.1176 0.6902
vn -0.8577 0.0703 0.5093
vn -0.8590 0.0582 0.5086
vn -0.8862 0.0084 0.4633
vn 0.6516 0.0476 -0.7571
vn -0.8779 -0.0410 0.4772
vn -0.8522 -0.1414 0.5037
vn 0.5913 0.0474 -0.8050
vn 0.5659 0.0573 -0.8225
vn -0.8031 -0.0019 0.5959
vn -0.8683 -0.0024 0.4960
vn -0.8971 0.0244 0.4412
vn -0.8655 -0.0199 0.5005
vn 0.6675 0.0298 -0.7440
vn 0.7106 0.0266 -0.7031
vn -0.8300 -0.0298 0.5570
vn -0.0528 0.0554 -0.9971
vn -0.0593 -0.0746 -0.9955
vn -0.0259 -0.1410 -0.9897
vn 0.1833 -0.1811 -0.9662
vn 0.0392 -0.0431 -0.9983
vn 0.1083 -0.0918 -0.9899
vn 0.2001 -0.1218 -0.9722
vn 0.2374 -0.1646 -0.9574
vn 0.1429 0.0376 -0.9890
vn 0.2177 -0.0283 -0.9756
vn 0.2637 -0.0441 -0.9636
vn 0.2356 -0.1266 -0.9636
vn 0.2637 0.0961 -0.9598
vn 0.2781 0.0052 -0.9605
vn 0.3312 -0.0470 -0.9424
vn 0.3207 -0.1213 -0.9394
vn 0.1698 0.0866 -0.9817
vn 0.1738 0.1893 -0.9664
vn 0.3668 -0.1037 -0.9245
vn 0.3049 0.0831 -0.9488
vn 0.3401 0.2313 -0.9115
vn -0.2517 0.0906 0.9636
vn -0.2326 0.1830 0.9552
vn -0.1984 0.1622 0.9666
vn -0.1754 0.0857 0.9808
vn -0.3390 0.0545 0.9392
vn -0.3115 0.2013 0.9287
vn -0.2898 0.1568 0.9441
vn -0.3370 0.0605 0.9396
vn -0.3564 0.0613 0.9323
vn -0.3935 0.1694 0.9036
vn -0.4481 0.1913 0.8733
vn -0.4332 0.1327 0.8915
vn -0.3756 0.0697 0.9242
vn -0.4984 0.0695 0.8642
vn -0.5568 0.0365 0.8298
vn -0.5686 0.1444 0.8099
vn -0.5598 0.1559 0.8138
vn 0.3954 0.1437 -0.9072
vn 0.5039 -0.0914 -0.8589
vn -0.4993 0.0991 0.8608
vn -0.4854 0.1369 0.8635
vn -0.4250 0.0953 0.9001
vn -0.7208 0.0084 0.6931
vn -0.7481 0.0368 0.6625
vn 0.4769 0.2174 -0.8517
vn -0.7085 0.0964 0.6991
vn -0.6447 0.1035 0.7574
vn -0.7277 0.1145 0.6763
vn -0.6306 0.1553 0.7604
vn 0.5151 0.1962 -0.8344
vn -0.8292 0.0370 0.5578
vn 0.5115 0.2416 -0.8246
vn -0.7695 0.0905 0.6322
vn 0.4986 0.1443 -0.8548
vn 0.5027 0.0031 -0.8644
vn -0.8299 0.1150 0.5459
vn -0.8619 0.0871 0.4996
vn 0.5056 -0.1133 -0.8553
vn -0.8295 0.1151 0.5465
vn -0.6417 0.2078 0.7383
vn -0.7763 0.1798 0.6042
vn -0.8219 0.2007 0.5331
vn 0.6354 0.1546 -0.7566
vn 0.6358 0.1881 -0.7485
vn 0.7492 0.1363 -0.6482
vn 0.5672 0.1889 -0.8016
vn 0.7028 0.0806 -0.7068
vn -0.7886 0.0467 0.6131
vn 0.5919 0.1320 -0.7951
vn 0.7022 0.0663 -0.7089
vn 0.6011 0.0042 -0.7991
vn -0.7634 0.1157 0.6355
vn -0.7499 0.2145 0.6258
vn -0.7302 0.2162 0.6481
vn -0.8551 0.2019 0.4775
vn 0.1445 -0.1446 -0.9789
vn 0.0866 0.0873 -0.9924
vn 0.2410 -0.0305 -0.9701
vn 0.1421 0.6511 -0.7456
vn 0.0888 0.7319 -0.6756
vn 0.2627 -0.1397 -0.9547
vn 0.2406 0.3956 -0.8863
vn 0.0923 0.7302 -0.6770
vn -0.0658 0.8933 -0.4446
vn 0.3106 -0.1365 -0.9407
vn 0.1600 0.3331 -0.9292
vn 0.3165 0.4805 -0.8179
vn 0.2420 0.1946 -0.9505
vn 0.3425 0.4589 -0.8198
vn 0.1705 0.7608 -0.6261
vn 0.3919 -0.0928 -0.9153
vn 0.1772 0.5885 -0.7889
vn 0.3098 0.2108 -0.9271
vn -0.1674 0.0734 0.9832
vn -0.0687 0.1299 0.9892
vn 0.0401 0.9924 0.1165
vn -0.0451 0.5481 0.8352
vn -0.3294 0.1045 0.9384
vn -0.1964 0.2367 0.9515
vn 0.0031 0.9991 -0.0422
vn -0.1658 0.6599 0.7329
vn -0.3480 0.2917 0.8910
vn -0.3746 0.1106 0.9206
vn -0.3680 0.2208 0.9032
vn 0.0234 0.9980 -0.0585
vn -0.1539 0.9227 0.3534
vn -0.1993 0.3960 0.8964
vn -0.3051 0.2572 0.9169
vn 0.0763 0.9623 -0.2612
vn -0.0253 0.9492 0.3138
vn -0.2306 0.5026 0.8332
vn -0.3950 0.2125 0.8938
vn -0.2561 0.3338 0.9072
vn 0.2931 0.4358 -0.8510
vn 0.1376 0.9157 -0.3775
vn -0.0566 0.9720 0.2280
vn -0.1084 0.7037 0.7022
vn -0.5801 0.2395 0.7785
vn 0.3552 0.3775 -0.8552
vn -0.2684 0.4315 0.8612
vn -0.4272 0.2929 0.8554
vn 0.1608 0.7768 -0.6088
vn 0.0321 0.9995 0.0061
vn -0.1437 0.7901 0.5959
vn -0.4597 0.5092 0.7276
vn 0.4822 -0.1185 -0.8680
vn -0.8146 0.1964 0.5458
vn 0.3770 0.1617 -0.9120
vn -0.5787 0.3352 0.7435
vn -0.6345 0.3012 0.7118
vn -0.7971 0.3461 0.4948
vn 0.3442 0.5702 -0.7459
vn 0.1295 0.9907 -0.0415
vn -0.1006 0.9542 0.2817
vn -0.3071 0.7660 0.5648
vn -0.4396 0.5965 0.6715
vn 0.5307 -0.1312 -0.8373
vn -0.7706 0.2097 0.6019
vn -0.6698 0.5185 0.5316
vn -0.7863 0.2968 0.5419
vn 0.2957 0.4383 -0.8488
vn 0.2823 0.8689 -0.4067
vn -0.1761 0.9667 0.1856
vn -0.1510 0.9065 0.3944
vn -0.3919 0.8343 0.3878
vn -0.6787 0.5146 0.5240
vn -0.7608 0.4687 0.4488
vn 0.6836 0.0623 -0.7272
vn 0.7854 0.1057 -0.6099
vn 0.7562 0.0341 -0.6534
vn 0.7575 0.0802 -0.6479
vn 0.6359 0.1670 -0.7534
vn 0.6797 0.0960 -0.7272
vn 0.6870 0.0431 -0.7254
vn 0.6358 0.0790 -0.7678
vn 0.5238 0.2702 -0.8079
vn 0.4463 0.1241 -0.8862
vn 0.5560 0.0464 -0.8299
vn 0.4826 0.0485 -0.8745
vn 0.3715 0.1200 -0.9206
vn 0.3434 0.2334 -0.9097
vn 0.3958 0.1904 -0.8984
vn 0.2900 0.2093 -0.9339
vn 0.4688 0.1027 -0.8773
vn 0.4680 0.1016 -0.8779
vn 0.3174 0.0406 -0.9474
vn 0.3616 0.1340 -0.9226
vn 0.2507 0.1524 -0.9560
vn 0.2821 0.0762 -0.9564
vn 0.2787 0.0547 -0.9588
vn 0.3919 0.1820 -0.9018
vn 0.3653 0.1283 -0.9220
vn 0.5143 0.1135 -0.8501
vn 0.3716 0.0588 -0.9265
vn 0.4856 0.1349 -0.8637
vn 0.4821 0.1335 -0.8659
vn 0.4829 0.0859 -0.8715
vn 0.7112 0.0672 -0.6998
vn 0.6072 0.1091 -0.7870
vn 0.6006 0.1368 -0.7877
vn 0.6590 0.1131 -0.7436
vn 0.5944 0.0371 -0.8033
vn -0.7219 0.0997 0.6848
vn -0.5907 0.2310 0.7731
vn 0.6280 -0.0813 -0.7739
vn -0.5735 0.2973 0.7633
vn -0.6822 0.2572 0.6844
vn -0.5346 0.2587 0.8045
vn 0.5580 -0.1517 -0.8159
vn 0.6985 0.0374 -0.7146
vn 0.5889 -0.0465 -0.8069
vn 0.6969 -0.0489 -0.7155
vn 0.6284 -0.1859 -0.7553
vn -0.4330 0.3023 0.8492
vn 0.5757 -0.1851 -0.7965
vn -0.4757 0.2078 0.8547
vn 0.5730 0.0499 -0.8180
vn 0.4342 0.0347 -0.9001
vn 0.4731 -0.0087 -0.8810
vn 0.4326 -0.1048 -0.8955
vn 0.5534 -0.1832 -0.8125
vn 0.5339 -0.2169 -0.8173
vn -0.5148 0.1156 0.8495
vn 0.3682 -0.0732 -0.9269
vn 0.5121 -0.2254 -0.8288
vn 0.3490 0.0218 -0.9369
vn 0.4253 -0.0437 -0.9040
vn 0.4887 -0.1574 -0.8581
vn 0.4842 -0.1957 -0.8528
vn 0.4127 0.0204 -0.9106
vn 0.5055 0.0758 -0.8595
vn 0.5393 0.0319 -0.8415
vn 0.5388 0.0471 -0.8411
vn 0.5242 0.0002 -0.8516
vn 0.5570 -0.0987 -0.8246
vn 0.5545 -0.1419 -0.8200
vn 0.6662 0.1154 -0.7368
vn 0.6738 0.0967 -0.7326
vn 0.6537 0.0439 -0.7555
vn 0.6315 0.0061 -0.7753
vn 0.7269 0.0003 -0.6868
vn 0.6364 -0.0352 -0.7706
vn -0.5963 0.2358 0.7673
vn -0.5586 0.2124 0.8018
vn 0.5353 0.0689 -0.8419
vn 0.4213 0.4948 -0.7600
vn 0.4707 0.3812 -0.7957
vn 0.2394 0.9456 -0.2203
vn -0.3587 0.9084 0.2148
vn -0.3605 0.9118 0.1967
vn -0.5077 0.8243 0.2505
vn -0.6370 0.6029 0.4803
vn -0.6516 0.3592 0.6681
vn 0.4187 0.1174 -0.9005
vn 0.5095 0.3359 -0.7922
vn -0.6038 0.2230 0.7653
vn 0.3192 0.6537 -0.6861
vn 0.2149 0.9404 -0.2634
vn -0.0183 0.9986 0.0499
vn -0.5281 0.8275 0.1906
vn -0.5051 0.7856 0.3573
vn -0.5684 0.3572 0.7412
vn -0.5907 0.2787 0.7572
vn -0.2624 0.9499 -0.1700
vn -0.6833 0.6644 0.3027
vn -0.5034 0.0484 0.8627
vn 0.5319 0.0906 -0.8419
vn 0.3731 0.4721 -0.7987
vn 0.3698 0.7882 -0.4920
vn 0.0674 0.9686 -0.2395
vn -0.5152 0.2985 0.8034
vn 0.0947 0.9736 -0.2077
vn 0.0901 0.9958 -0.0133
vn -0.1951 0.9617 0.1924
vn -0.3044 0.5099 0.8046
vn 0.5384 -0.1910 -0.8207
vn 0.5776 0.0451 -0.8151
vn 0.3905 0.4657 -0.7941
vn 0.5533 0.3041 -0.7755
vn 0.3000 0.8585 -0.4160
vn 0.2989 0.9057 -0.3005
vn 0.0968 0.9678 -0.2322
vn 0.0577 0.9952 -0.0794
vn -0.0431 0.9979 0.0484
vn -0.2750 0.6849 0.6748
vn 0.6253 -0.0694 -0.7773
vn 0.5630 -0.1382 -0.8148
vn 0.5298 0.0170 -0.8480
vn 0.6251 0.1881 -0.7575
vn 0.4188 0.5541 -0.7194
vn 0.4618 0.3549 -0.8129
vn 0.3760 0.8295 -0.4130
vn 0.3216 0.8618 -0.3923
vn 0.0985 0.9771 -0.1887
vn 0.1597 0.9865 0.0359
vn 0.6461 0.0725 -0.7598
vn 0.6215 0.1048 -0.7764
vn 0.6423 0.1104 -0.7584
vn 0.3951 0.7180 -0.5730
vn 0.3898 0.8288 -0.4014
vn 0.1152 0.9880 -0.1032
vn 0.6011 0.0297 -0.7987
vn 0.6416 0.1473 -0.7528
vn 0.5063 0.3991 -0.7645
vn 0.9299 0.2050 -0.3054
vn 0.4875 0.7884 -0.3752
vn 0.7018 0.4932 -0.5140
vn 0.5694 0.8092 -0.1446
vn 0.6369 0.0227 -0.7706
vn 0.4795 0.7491 -0.4572
vn 0.8276 0.0520 -0.5589
vn 0.8161 0.0568 -0.5751
vn 0.7533 0.1263 -0.6454
vn 0.7185 -0.0054 -0.6955
vn 0.8137 0.0271 -0.5806
vn 0.7832 0.0487 -0.6199
vn 0.7793 0.0850 -0.6209
vn 0.7470 0.0204 -0.6646
vn 0.7344 -0.0020 -0.6787
vn 0.7435 0.0276 -0.6681
vn 0.5666 0.3711 -0.7357
vn -0.8333 -0.0271 0.5521
vn -0.8554 -0.0094 0.5178
vn -0.8765 0.0134 0.4811
vn -0.8531 0.0171 0.5214
vn -0.7946 0.0529 0.6048
vn -0.7919 -0.0238 0.6102
vn -0.7958 0.0419 0.6041
vn -0.6502 0.1512 0.7445
vn -0.6306 0.1310 0.7650
vn -0.6362 0.0729 0.7681
vn -0.7047 -0.0672 0.7063
vn -0.5905 -0.0017 0.8071
vn -0.6339 0.0634 0.7708
vn -0.4485 0.1469 0.8816
vn -0.4869 0.1876 0.8531
vn -0.5234 0.2487 0.8150
vn -0.3756 0.2198 0.9004
vn -0.4239 0.1565 0.8921
vn -0.4599 0.0453 0.8868
vn -0.3376 0.0503 0.9399
vn -0.4968 0.0513 0.8664
vn -0.4277 0.1431 0.8925
vn -0.3286 0.2549 0.9094
vn -0.3439 0.2174 0.9135
vn -0.3663 0.1637 0.9160
vn -0.2897 0.0457 0.9560
vn -0.2998 0.1749 0.9378
vn -0.3144 0.2254 0.9222
vn -0.4314 0.1300 0.8927
vn -0.4337 0.0654 0.8987
vn -0.1028 -0.0008 0.9947
vn -0.2780 0.0133 0.9605
vn -0.2388 0.0290 0.9706
vn -0.3559 0.1430 0.9235
vn -0.3586 0.1248 0.9251
vn -0.5688 0.0574 0.8204
vn -0.5697 0.0828 0.8177
vn -0.1966 -0.0309 0.9800
vn -0.4696 0.0449 0.8817
vn -0.4739 0.0160 0.8805
vn -0.3843 -0.0223 0.9229
vn -0.4736 -0.0520 0.8792
vn -0.5052 -0.0066 0.8630
vn -0.4512 -0.0165 0.8923
vn -0.4824 0.0055 0.8759
vn -0.5669 0.0503 0.8223
vn -0.5966 0.1034 0.7959
vn -0.5845 0.2241 0.7798
vn -0.4572 0.0550 0.8876
vn -0.4339 0.3029 0.8485
vn -0.3529 0.0195 0.9355
vn -0.3360 0.0980 0.9367
vn -0.4141 0.2146 0.8846
vn -0.4482 0.2598 0.8554
vn -0.4439 0.2657 0.8557
vn -0.4357 0.0079 0.9001
vn -0.4922 0.0444 0.8694
vn -0.5234 0.1588 0.8372
vn -0.5832 0.1956 0.7884
vn -0.6122 0.1819 0.7695
vn -0.6879 0.0859 0.7207
vn -0.5806 0.0617 0.8118
vn -0.5482 0.0026 0.8364
vn -0.6650 0.0876 0.7417
vn -0.6088 0.0121 0.7932
vn -0.5673 0.0183 0.8233
vn -0.5593 -0.0291 0.8284
vn -0.6042 -0.0093 0.7968
vn -0.4666 0.0176 0.8843
vn -0.4557 -0.0283 0.8897
vn -0.4615 -0.0165 0.8870
vn -0.5585 0.1805 0.8096
vn -0.6320 0.0402 0.7739
vn -0.6828 0.0305 0.7300
vn -0.6890 0.1673 0.7052
vn -0.6743 0.1609 0.7208
vn -0.4484 0.4310 0.7831
vn -0.5137 0.4538 0.7281
vn -0.6754 0.1597 0.7200
vn -0.5493 0.5167 0.6567
vn -0.6041 0.4214 0.6764
vn 0.0365 0.9872 0.1549
vn -0.3062 0.7371 0.6024
vn -0.6906 0.2500 0.6786
vn -0.6269 0.2352 0.7428
vn -0.1317 0.8603 0.4925
vn -0.3022 0.7744 0.5558
vn -0.3845 0.5367 0.7511
vn 0.5473 0.8369 -0.0000
vn 0.0410 0.9982 0.0436
vn -0.0813 0.7679 0.6354
vn -0.6186 0.0631 0.7831
vn -0.5637 0.4470 0.6946
vn -0.4757 0.3147 0.8214
vn 0.3172 0.9480 -0.0272
vn -0.0027 0.9107 0.4130
vn -0.0032 0.9129 0.4081
vn -0.2784 0.7986 0.5336
vn -0.4455 0.5100 0.7358
vn -0.5713 0.1056 0.8139
vn -0.4205 0.0751 0.9042
vn -0.3795 0.5439 0.7484
vn -0.3046 0.2583 0.9168
vn 0.3766 0.9055 -0.1954
vn 0.3203 0.9450 0.0656
vn -0.0590 0.9697 0.2371
vn -0.0605 0.9771 0.2038
vn -0.1678 0.6763 0.7173
vn -0.2994 -0.0176 0.9540
vn -0.3147 -0.0197 0.9490
vn -0.2500 -0.0352 0.9676
vn 0.7984 0.0324 -0.6013
vn 0.1605 -0.0146 0.9869
vn 0.5093 0.0095 0.8606
vn 0.8290 0.0542 -0.5566
vn 0.2156 -0.0050 0.9765
vn 0.6892 0.0376 -0.7236
vn 0.5182 -0.0089 0.8552
vn 0.9160 0.0603 -0.3965
vn 0.9697 0.0482 -0.2394
vn 0.9590 0.0151 0.2830
vn 0.6841 0.0737 -0.7257
vn 0.7908 0.0110 0.6119
vn 0.8919 0.0297 -0.4512
vn 0.9510 0.0315 -0.3076
vn 0.9584 0.0081 0.2853
vn 0.8606 0.0653 -0.5050
vn 0.9483 -0.0091 -0.3172
vn 0.9570 -0.0135 0.2897
vn 0.8052 -0.0045 0.5930
vn 0.7842 -0.0033 -0.6205
vn 0.7844 -0.0360 -0.6192
vn -0.2436 0.0100 0.9698
vn -0.2219 -0.0119 0.9750
vn 0.7150 0.0070 -0.6991
vn -0.2221 -0.0136 0.9749
vn 0.6506 0.0080 -0.7594
vn 0.5183 -0.0089 0.8551
vn 0.2689 0.0041 0.9632
vn 0.5851 0.0276 -0.8105
vn 0.2557 -0.0256 0.9664
vn 0.5290 0.0183 -0.8484
vn 0.2819 0.0299 0.9590
vn 0.5904 0.0110 -0.8070
vn 0.5040 0.0421 0.8627
vn 0.3153 0.0025 0.9490
vn 0.9492 0.0145 -0.3145
vn 0.9517 0.0155 0.3067
vn 0.8615 -0.0371 -0.5063
vn 0.8425 -0.0048 0.5387
vn 0.9471 0.0212 -0.3202
vn 0.8555 0.0066 0.5177
vn 0.9479 0.0307 -0.3170
vn 0.9821 0.0645 0.1769
vn 0.4919 -0.0101 0.8706
vn 0.9282 0.0206 -0.3714
vn 0.9029 0.0554 0.4262
vn 0.5042 0.0418 0.8626
vn 0.9877 -0.0158 0.1557
vn 0.8879 -0.0063 0.4601
vn 0.9603 0.0112 -0.2788
vn 0.7078 0.0317 -0.7057
vn -0.2035 0.0889 0.9750
vn 0.5833 0.6159 -0.5296
vn -0.1131 0.3130 0.9430
vn 0.5222 0.7149 -0.4649
vn 0.3194 0.8913 -0.3218
vn 0.0335 0.9845 0.1721
vn 0.0128 0.8998 0.4361
vn 0.6463 0.0288 -0.7625
vn 0.6904 0.1108 -0.7149
vn 0.5478 0.2315 0.8039
vn 0.3053 0.0890 0.9481
vn 0.5158 0.3803 -0.7677
vn 0.6674 0.2776 -0.6910
vn 0.5424 0.6988 -0.4664
vn 0.5821 0.7175 -0.3826
vn 0.7566 0.4090 0.5101
vn 0.1941 0.6143 0.7649
vn 0.3076 0.1923 0.9319
vn 0.6667 0.7452 -0.0126
vn 0.4604 0.6293 0.6261
vn 0.9083 0.1547 -0.3886
vn 0.9575 0.0762 -0.2783
vn 0.9805 0.1241 0.1524
vn 0.7709 0.1714 0.6134
vn 0.6330 0.4779 -0.6090
vn 0.9585 0.1745 -0.2252
vn 0.5632 0.7802 -0.2724
vn 0.9479 0.3136 0.0569
vn 0.6023 0.7844 0.1480
vn 0.7448 0.3068 0.5926
vn -0.9493 -0.2058 -0.2377
vn -0.9810 -0.1915 0.0304
vn -0.5873 -0.8086 -0.0357
vn -0.8074 -0.2977 -0.5093
vn -0.7598 -0.3877 -0.5219
vn -0.9149 -0.2897 -0.2810
vn -0.6385 -0.6892 -0.3424
vn -0.8829 -0.2568 0.3932
vn -0.7554 -0.1438 -0.6393
vn -0.9113 -0.0451 0.4093
vn -0.6129 -0.6210 -0.4885
vn -0.6115 -0.7046 -0.3601
vn -0.4146 -0.8992 -0.1400
vn -0.5809 -0.7825 -0.2242
vn -0.6505 -0.7586 -0.0356
vn -0.3664 -0.9286 -0.0597
vn -0.3484 -0.4087 -0.8435
vn -0.4763 -0.1137 -0.8719
vn -0.2154 -0.9708 -0.1058
vn -0.1907 -0.9809 -0.0393
vn -0.2190 -0.4836 -0.8475
vn -0.0865 -0.3069 -0.9478
vn -0.0740 -0.1106 -0.9911
vn -0.1122 -0.9643 -0.2398
vn -0.1182 -0.9911 -0.0619
vn 0.0505 -0.9986 -0.0158
vn -0.0760 -0.4625 -0.8833
vn 0.0870 -0.9598 -0.2669
vn 0.0177 -0.9995 0.0266
vn 0.0218 -0.5594 -0.8286
vn -0.0238 -0.3143 -0.9490
vn 0.0135 -0.1177 -0.9930
vn -0.8112 -0.4868 0.3242
vn -0.8191 -0.4718 0.3264
vn -0.7980 -0.0255 0.6022
vn -0.7838 -0.0541 0.6187
vn -0.5592 -0.5217 0.6443
vn -0.7437 -0.3306 0.5810
vn -0.6203 -0.5035 0.6015
vn -0.7496 -0.2546 0.6109
vn -0.6329 -0.0483 0.7728
vn -0.1886 -0.9771 0.0987
vn -0.5298 -0.6380 0.5587
vn -0.2931 -0.9072 0.3019
vn -0.5223 -0.6035 0.6025
vn -0.6011 -0.3192 0.7327
vn -0.5855 -0.4308 0.6867
vn -0.6200 -0.0608 0.7822
vn -0.1070 -0.9831 0.1482
vn -0.0942 -0.9725 0.2129
vn -0.3768 -0.6833 0.6254
vn -0.3768 -0.6219 0.6865
vn -0.3383 -0.1599 0.9274
vn -0.3070 0.0022 0.9517
vn -0.0028 -0.9832 0.1827
vn -0.3057 -0.8489 0.4311
vn -0.3172 -0.5818 0.7490
vn -0.3068 -0.1959 0.9314
vn -0.3052 0.0442 0.9513
vn -0.9801 -0.0695 -0.1859
vn -0.9631 -0.0189 0.2687
vn -0.9794 0.0549 -0.1942
vn -0.9798 0.0591 0.1909
vn -0.9943 0.0001 -0.1062
vn -0.9811 0.0102 0.1931
vn -0.8191 -0.0528 -0.5713
vn -0.8971 0.0474 0.4394
vn -0.7337 0.0130 -0.6793
vn -0.8240 0.0472 -0.5646
vn -0.8812 0.0376 0.4712
vn -0.8045 -0.0072 -0.5939
vn -0.8211 0.0091 -0.5707
vn -0.8860 0.0174 0.4634
vn -0.4548 0.0091 -0.8906
vn -0.4839 -0.0202 -0.8749
vn -0.4938 0.0209 -0.8693
vn -0.0893 -0.0110 -0.9959
vn -0.0986 -0.0204 -0.9949
vn -0.1229 -0.0032 -0.9924
vn -0.2078 0.0008 -0.9782
vn -0.0526 -0.0544 -0.9971
vn -0.1384 -0.0221 -0.9901
vn -0.1666 -0.0777 -0.9830
vn -0.0095 -0.0494 -0.9987
vn -0.0851 -0.0347 -0.9958
vn -0.1434 -0.0704 -0.9872
vn -0.7925 0.0556 0.6073
vn -0.8238 0.0152 0.5667
vn -0.6240 0.0843 0.7768
vn -0.7426 0.0853 0.6643
vn -0.7507 0.0111 0.6606
vn -0.6153 0.0125 0.7882
vn -0.5668 0.0849 0.8195
vn -0.3266 0.0793 0.9418
vn -0.5932 0.0123 0.8050
vn -0.5077 0.0138 0.8614
vn -0.3297 -0.0482 0.9428
vn -0.3244 0.0102 0.9459
vn -0.2998 0.1053 0.9482
vn -0.2675 0.1561 0.9508
vn -0.2692 0.0677 0.9607
vn -0.2996 -0.0221 0.9538
vn -0.9806 -0.0087 0.1957
vn -0.9773 0.0087 0.2117
vn -0.8001 0.0019 -0.5999
vn -0.8821 -0.0093 0.4710
vn -0.8703 -0.0007 -0.4924
vn -0.7764 0.0053 -0.6302
vn -0.8737 0.0118 0.4863
vn -0.8710 -0.0003 -0.4913
vn -0.5045 -0.0098 -0.8634
vn -0.2465 -0.0362 -0.9685
vn -0.5020 -0.0312 -0.8643
vn -0.3147 0.0210 -0.9490
vn -0.5400 0.0206 -0.8414
vn -0.2479 -0.0204 -0.9686
vn -0.3606 -0.0248 -0.9324
vn -0.4212 0.0172 -0.9068
vn -0.3544 -0.0914 -0.9306
vn -0.3583 -0.0488 -0.9323
vn -0.3198 0.0381 -0.9467
vn -0.3294 0.0471 -0.9430
vn -0.2382 -0.1313 -0.9623
vn -0.2602 -0.0845 -0.9619
vn -0.2390 -0.0190 -0.9708
vn -0.2031 0.0706 -0.9766
vn -0.1408 0.1073 -0.9842
vn -0.8161 0.0031 0.5778
vn -0.7301 0.0079 0.6832
vn -0.7589 -0.0147 0.6511
vn -0.6464 -0.0211 0.7627
vn -0.3707 0.0229 0.9285
vn -0.3787 -0.0314 0.9250
vn -0.5111 -0.0179 0.8593
vn -0.3375 -0.0315 0.9408
vn -0.1499 0.0682 0.9863
vn -0.1546 -0.0804 0.9847
vn -0.1362 -0.1091 0.9847
vn -0.3636 -0.0464 0.9304
vn -0.3643 -0.0426 0.9303
vn -0.1131 0.0947 0.9891
vn -0.2308 -0.1285 0.9645
vn -0.2375 -0.0898 0.9672
vn -0.9940 -0.0015 -0.1094
vn -0.9770 -0.0027 0.2133
vn -0.8874 -0.0031 0.4609
vn -0.7373 0.0049 -0.6756
vn -0.7457 -0.0057 -0.6662
vn -0.5247 -0.0166 -0.8512
vn -0.4999 0.0581 -0.8642
vn -0.4831 0.0247 -0.8752
vn -0.3721 0.0026 -0.9282
vn -0.2244 0.0727 -0.9718
vn -0.2704 0.1201 -0.9552
vn -0.2476 0.0487 -0.9676
vn -0.1557 0.0562 -0.9862
vn -0.2239 0.0769 -0.9716
vn -0.2081 0.1118 -0.9717
vn -0.1464 0.0750 -0.9864
vn -0.0444 0.1175 -0.9921
vn -0.0093 0.0234 -0.9997
vn -0.0647 0.0187 -0.9977
vn -0.1533 0.0922 -0.9839
vn -0.8378 -0.0042 0.5459
vn -0.8172 -0.0002 0.5763
vn -0.6890 0.0027 0.7248
vn -0.7849 0.0032 0.6196
vn -0.6758 0.0095 0.7370
vn -0.6078 -0.0168 0.7939
vn -0.6574 -0.0595 0.7512
vn -0.7060 0.0351 0.7073
vn -0.6078 0.0224 0.7938
vn -0.4541 -0.0649 0.8886
vn -0.4544 -0.0668 0.8883
vn -0.5078 -0.0520 0.8599
vn -0.5037 0.0264 0.8635
vn -0.3821 0.0552 0.9225
vn -0.3817 0.0543 0.9227
vn -0.3769 -0.1138 0.9193
vn -0.3362 -0.1327 0.9324
vn -0.3457 -0.0377 0.9376
vn -0.3480 0.0480 0.9363
vn -0.3148 0.2065 0.9264
vn -0.2341 0.1059 0.9664
vn -0.9934 -0.0031 -0.1149
vn -0.9716 -0.0021 0.2368
vn -0.9933 -0.0040 -0.1151
vn -0.9734 -0.0319 0.2271
vn -0.9780 0.0193 -0.2077
vn -0.9822 0.0136 0.1872
vn -0.8801 0.0009 0.4747
vn -0.8675 -0.0072 -0.4974
vn -0.7125 0.0004 -0.7016
vn -0.8682 -0.0368 0.4948
vn -0.8705 0.0499 -0.4896
vn -0.7193 0.0772 -0.6904
vn -0.3940 0.0009 -0.9191
vn -0.3939 -0.0002 -0.9191
vn -0.4497 0.0369 -0.8924
vn -0.0974 0.0295 -0.9948
vn -0.1394 -0.0548 -0.9887
vn -0.1842 0.0706 -0.9803
vn -0.0791 0.0722 -0.9942
vn -0.0720 0.0173 -0.9973
vn -0.0199 -0.0114 -0.9997
vn 0.1416 -0.0347 -0.9893
vn -0.8127 -0.0199 0.5823
vn -0.7981 0.0178 0.6022
vn -0.7619 -0.0022 0.6477
vn -0.6473 -0.0022 0.7622
vn -0.3867 0.0302 0.9217
vn -0.5470 -0.0003 0.8371
vn -0.4228 0.0326 0.9056
vn -0.4814 0.0091 0.8765
vn -0.1962 0.0220 0.9803
vn -0.2124 0.0256 0.9768
vn -0.1422 -0.0519 0.9885
vn -0.2355 0.0490 0.9706
vn -0.1377 0.0670 0.9882
vn -0.1451 0.0447 0.9884
vn -0.9622 0.1166 -0.2462
vn -0.9900 0.1412 -0.0049
vn -0.7477 0.1716 -0.6415
vn -0.8549 0.0845 0.5118
vn -0.7604 0.3764 -0.5293
vn -0.7376 0.5566 -0.3823
vn -0.6610 0.7493 -0.0397
vn -0.7977 0.5992 -0.0681
vn -0.4455 0.1411 -0.8841
vn -0.3150 0.3516 -0.8816
vn -0.4122 0.6648 -0.6230
vn -0.5791 0.6664 -0.4696
vn -0.4634 0.7748 -0.4301
vn -0.3001 0.9127 -0.2771
vn -0.2183 0.9715 -0.0926
vn -0.2053 0.0624 -0.9767
vn -0.2985 0.3268 -0.8967
vn -0.3317 0.4818 -0.8111
vn -0.3450 0.4699 -0.8125
vn -0.0638 0.9979 0.0057
vn -0.1782 0.0912 -0.9798
vn -0.1321 0.2733 -0.9528
vn -0.1196 0.4941 -0.8611
vn -0.1197 0.9430 -0.3106
vn -0.0627 0.9967 0.0507
vn 0.0206 0.0516 -0.9985
vn 0.1190 0.3369 -0.9340
vn 0.1217 0.5070 -0.8533
vn 0.0814 0.9326 -0.3516
vn -0.0283 0.9993 -0.0236
vn -0.8076 0.0444 0.5880
vn -0.8718 0.1898 0.4516
vn -0.7661 0.5134 0.3868
vn -0.6550 0.1421 0.7421
vn -0.1610 0.9757 0.1488
vn -0.6992 0.2837 0.6563
vn -0.6088 0.5610 0.5609
vn -0.4635 -0.0175 0.8859
vn -0.4488 0.1829 0.8747
vn -0.5923 0.1767 0.7861
vn -0.2038 0.9789 0.0114
vn -0.4019 0.3966 0.8253
vn -0.3388 -0.0441 0.9398
vn -0.1498 0.9864 -0.0682
vn -0.1711 0.9468 0.2726
vn -0.2562 0.5253 0.8114
vn -0.2316 -0.0914 0.9685
vn -0.2148 0.4852 0.8476
vn -0.2374 0.0066 0.9714
vn -0.0554 0.9542 0.2941
vn -0.2510 0.7419 0.6217
vn 0.1609 -0.5329 -0.8307
vn 0.2067 -0.8991 -0.3859
vn 0.1904 -0.3641 -0.9117
vn 0.1459 -0.0927 -0.9849
vn 0.0424 -0.9864 -0.1590
vn 0.0160 -0.9996 0.0221
vn 0.2596 -0.5859 -0.7677
vn 0.2938 -0.2170 -0.9309
vn 0.3083 -0.0928 -0.9468
vn 0.0692 -0.9706 -0.2306
vn -0.0061 -0.9999 -0.0104
vn 0.2794 -0.5941 -0.7543
vn 0.5120 -0.3580 -0.7808
vn 0.3505 -0.0799 -0.9332
vn 0.3848 -0.0908 -0.9185
vn 0.1405 -0.9666 -0.2145
vn 0.1269 -0.9914 -0.0311
vn 0.4242 -0.4109 -0.8070
vn 0.5023 -0.7356 -0.4544
vn 0.0894 -0.9745 -0.2059
vn 0.4204 -0.4935 -0.7614
vn 0.4770 -0.2585 -0.8400
vn 0.5017 -0.2980 -0.8121
vn 0.4897 -0.1078 -0.8652
vn 0.1056 -0.9738 -0.2013
vn 0.2356 -0.4807 -0.8446
vn 0.2026 -0.9163 -0.3456
vn 0.2789 -0.3077 -0.9097
vn 0.2148 -0.0935 -0.9722
vn 0.0175 -0.6430 -0.7657
vn -0.0504 -0.3707 -0.9274
vn -0.0039 -0.0457 -0.9989
vn -0.0466 -0.5918 -0.8047
vn -0.0299 -0.9307 -0.3646
vn -0.1299 -0.0241 -0.9912
vn -0.0944 -0.9894 0.1103
vn -0.0918 -0.9632 0.2526
vn -0.4458 -0.3234 0.8347
vn -0.2258 -0.6571 0.7192
vn -0.2154 -0.5689 0.7937
vn -0.1961 -0.0570 0.9789
vn -0.1956 0.0779 0.9776
vn -0.0077 -0.9998 0.0162
vn -0.0081 -0.9842 0.1771
vn -0.1389 -0.9403 0.3107
vn -0.1821 0.0903 0.9791
vn -0.1546 -0.4997 0.8523
vn -0.1863 -0.2481 0.9507
vn 0.0103 -0.9999 -0.0002
vn -0.0608 -0.9951 0.0777
vn -0.0555 -0.9602 0.2739
vn -0.1056 -0.5568 0.8239
vn -0.0051 -1.0000 -0.0045
vn -0.0291 -0.5410 0.8406
vn -0.0721 -0.2298 0.9706
vn -0.1463 0.0996 0.9842
vn -0.1146 -0.5838 0.8038
vn -0.5102 -0.2652 0.8181
vn -0.0050 -0.9872 -0.1593
vn 0.0061 -0.9857 0.1687
vn -0.5178 -0.6278 0.5812
vn -0.1954 -0.9531 0.2309
vn -0.4084 -0.3801 0.8299
vn -0.4207 -0.1857 0.8880
vn -0.4384 0.0729 0.8958
vn -0.6062 0.0424 0.7942
vn 0.1280 -0.0557 -0.9902
vn 0.0743 -0.0687 -0.9949
vn 0.0263 -0.1162 -0.9929
vn 0.3083 -0.0808 -0.9479
vn 0.3317 -0.0727 -0.9406
vn 0.2365 -0.0489 -0.9704
vn 0.3037 -0.0742 -0.9499
vn 0.3959 -0.0497 -0.9170
vn 0.4319 -0.0473 -0.9007
vn 0.4282 -0.0266 -0.9033
vn 0.4882 -0.0454 -0.8716
vn 0.4993 -0.0214 -0.8662
vn 0.4983 -0.0191 -0.8668
vn 0.4660 -0.0613 -0.8827
vn 0.4621 -0.0678 -0.8842
vn 0.4647 -0.0875 -0.8811
vn 0.4534 -0.0039 -0.8913
vn 0.5185 0.0643 -0.8527
vn 0.1928 -0.0399 -0.9804
vn 0.1386 -0.0705 -0.9878
vn 0.3114 -0.1509 -0.9382
vn 0.2746 0.0104 -0.9615
vn 0.2681 0.1405 -0.9531
vn -0.0139 -0.0471 -0.9988
vn 0.0487 -0.0583 -0.9971
vn 0.1254 -0.0488 -0.9909
vn 0.1255 0.0265 -0.9917
vn 0.1498 0.0557 -0.9871
vn 0.1360 0.1041 -0.9852
vn 0.0954 0.0543 -0.9940
vn -0.1230 -0.0051 -0.9924
vn -0.0815 -0.0105 -0.9966
vn -0.0808 -0.0133 -0.9966
vn 0.0414 0.0476 -0.9980
vn -0.2238 0.0081 0.9746
vn -0.2242 -0.0482 0.9734
vn -0.1587 0.0864 0.9835
vn -0.1640 0.1739 0.9710
vn -0.1825 0.0101 0.9832
vn -0.1827 0.0168 0.9830
vn -0.1737 0.1091 0.9787
vn -0.1631 0.0923 0.9823
vn -0.1636 0.0157 0.9864
vn -0.1631 0.1551 0.9743
vn -0.1394 0.0563 0.9886
vn -0.1382 -0.0263 0.9901
vn -0.1518 0.0332 0.9879
vn -0.1510 0.1146 0.9819
vn -0.1333 -0.0119 0.9910
vn -0.1376 0.1279 0.9822
vn -0.1277 0.1858 0.9743
vn -0.0813 0.2502 0.9648
vn -0.0835 -0.0078 0.9965
vn -0.3375 0.1086 0.9350
vn -0.2573 0.0915 0.9620
vn -0.4007 0.0906 0.9117
vn -0.2176 0.0247 0.9757
vn -0.0334 0.1853 0.9821
vn -0.0316 0.2299 0.9727
vn -0.4616 0.0966 0.8818
vn -0.3334 0.1098 0.9364
vn -0.2676 0.2060 0.9413
vn -0.4489 0.2255 0.8646
vn -0.2754 0.2404 0.9308
vn 0.0323 -0.1217 -0.9920
vn 0.0798 -0.0987 -0.9919
vn 0.3411 -0.0282 -0.9396
vn 0.1004 0.2029 -0.9741
vn 0.0805 0.0409 -0.9959
vn 0.0438 0.0754 -0.9962
vn 0.1011 0.1386 -0.9852
vn 0.3107 -0.0637 -0.9484
vn 0.3929 -0.0446 -0.9185
vn 0.5224 -0.0145 -0.8526
vn 0.4095 -0.0644 -0.9101
vn 0.3179 -0.0651 -0.9459
vn 0.2722 0.0340 -0.9617
vn 0.2385 0.1168 -0.9641
vn 0.5140 -0.0854 -0.8535
vn 0.4608 -0.0978 -0.8821
vn 0.3860 -0.0197 -0.9223
vn 0.5724 -0.0188 -0.8197
vn 0.3975 0.0734 -0.9146
vn 0.3790 0.0874 -0.9213
vn 0.5883 0.0130 -0.8085
vn 0.5736 0.0190 -0.8189
vn 0.6268 -0.0250 -0.7787
vn 0.6461 -0.0859 -0.7584
vn 0.6492 -0.0837 -0.7560
vn 0.5928 -0.0298 -0.8048
vn 0.5347 -0.0687 -0.8422
vn 0.5197 0.0141 -0.8542
vn 0.5226 0.0290 -0.8521
vn 0.4844 0.0170 -0.8747
vn 0.5622 -0.0586 -0.8249
vn 0.5468 -0.0799 -0.8335
vn 0.5581 -0.1060 -0.8230
vn 0.3996 0.0460 -0.9155
vn 0.1759 0.0084 -0.9844
vn 0.0722 -0.0407 -0.9966
vn 0.4227 -0.1445 -0.8947
vn 0.0776 0.0172 -0.9968
vn 0.0364 -0.0433 -0.9984
vn 0.0318 -0.0326 -0.9990
vn 0.2744 -0.0286 -0.9612
vn -0.0149 0.0091 -0.9998
vn -0.0178 0.0154 -0.9997
vn -0.0226 -0.0458 -0.9987
vn -0.0183 -0.0079 -0.9998
vn -0.1641 0.1684 0.9720
vn -0.1263 -0.1136 0.9855
vn -0.1254 -0.1018 0.9869
vn -0.1561 -0.1999 0.9673
vn -0.1557 -0.1996 0.9674
vn -0.2690 -0.1657 0.9488
vn -0.1601 0.1743 0.9716
vn -0.1891 0.0718 0.9793
vn -0.1552 -0.0047 0.9879
vn -0.1721 -0.0614 0.9832
vn -0.0809 -0.2489 0.9651
vn -0.0318 -0.0328 0.9990
vn -0.1107 0.1766 0.9780
vn -0.0486 0.0783 0.9957
vn -0.0139 -0.0477 0.9988
vn 0.0214 -0.1801 0.9834
vn 0.0237 -0.2274 0.9735
vn 0.0352 0.1995 0.9793
vn 0.0455 0.0450 0.9980
vn 0.0934 -0.0326 0.9951
vn 0.1365 -0.1520 0.9789
vn 0.1094 -0.2280 0.9675
vn 0.1537 -0.0980 0.9832
vn 0.1901 -0.2265 0.9553
vn -0.0082 0.2108 0.9775
vn -0.0071 0.0819 0.9966
vn 0.0534 0.0219 0.9983
vn 0.1471 -0.1582 0.9764
vn 0.3008 -0.1525 0.9414
vn -0.0773 0.2216 0.9721
vn -0.0853 0.1109 0.9902
vn -0.0713 0.0186 0.9973
vn -0.0930 -0.1400 0.9858
vn 0.1667 -0.2006 0.9654
vn 0.1577 -0.0889 0.9835
vn -0.1922 0.2489 0.9493
vn -0.2763 0.1336 0.9517
vn -0.3034 0.0326 0.9523
vn -0.3499 -0.0529 0.9353
vn -0.1452 -0.0259 0.9891
vn -0.0004 0.0770 0.9970
vn -0.0919 -0.9436 -0.3180
vn 0.0020 -0.3292 -0.9442
vn 0.0016 -0.9533 -0.3019
vn 0.0044 -0.5301 -0.8479
vn 0.0989 -0.2901 -0.9519
vn 0.1313 -0.9390 -0.3178
vn 0.1584 -0.0691 -0.9850
vn 0.2183 -0.4489 -0.8665
vn 0.2719 -0.8363 -0.4761
vn 0.3097 -0.6227 -0.7185
vn 0.2563 -0.2742 -0.9269
vn 0.3170 -0.4675 -0.8252
vn 0.2545 -0.1114 -0.9606
vn 0.1299 -0.5295 -0.8383
vn 0.3325 -0.2529 -0.9086
vn 0.3877 -0.2950 -0.8733
vn 0.3939 -0.2404 -0.8872
vn 0.2416 -0.0825 -0.9669
vn 0.7016 -0.1288 -0.7008
vn 0.0006 -0.9997 0.0241
vn -0.0674 -0.9919 0.1078
vn -0.0727 -0.9824 0.1720
vn -0.3944 -0.5266 0.7531
vn -0.6331 -0.5939 0.4964
vn -0.5195 -0.2077 0.8289
vn -0.5310 -0.2415 0.8122
vn -0.5143 -0.0786 0.8540
vn -0.0929 -0.9927 -0.0765
vn -0.0926 -0.9763 0.1955
vn -0.1846 -0.2432 0.9523
vn -0.4906 -0.2226 0.8425
vn -0.5367 -0.2728 0.7984
vn -0.4967 -0.0667 0.8654
vn -0.0129 -0.9998 -0.0122
vn -0.0316 -0.9985 0.0437
vn -0.1185 -0.5573 0.8218
vn -0.3064 -0.5503 0.7767
vn -0.0236 -0.9986 0.0468
vn -0.0342 -0.9842 0.1739
vn -0.0813 -0.7682 0.6350
vn -0.2544 -0.5275 0.8105
vn -0.2702 -0.1695 0.9478
vn -0.2810 -0.0437 0.9587
vn 0.0450 -0.9988 0.0197
vn -0.1997 -0.9469 0.2521
vn -0.3241 -0.2786 0.9041
vn -0.6407 -0.3203 0.6978
vn -0.3375 0.0041 0.9413
vn -0.4862 0.0124 0.8737
vn 0.0772 -0.9661 -0.2465
vn 0.0094 -0.9995 0.0303
vn -0.0971 -0.9852 0.1413
vn -0.0876 -0.9762 0.1982
vn -0.4493 -0.6514 0.6115
vn -0.5298 -0.7671 0.3618
vn -0.4518 -0.5277 0.7193
vn -0.5854 -0.1159 0.8025
vn -0.5909 0.0256 0.8064
vn 0.0866 -0.9674 -0.2381
vn 0.0696 -0.9965 -0.0472
vn 0.0071 -0.9996 0.0279
vn -0.0156 -0.9916 0.1281
vn -0.1334 -0.9750 0.1777
vn -0.5343 -0.5005 0.6811
vn -0.6460 -0.2297 0.7280
vn 0.0536 -0.9971 -0.0533
vn 0.0379 -0.9993 -0.0066
vn -0.0268 -0.9995 0.0142
vn -0.0264 -0.9862 0.1632
vn 0.6023 -0.5818 -0.5466
vn 0.3302 -0.9249 -0.1882
vn 0.7209 -0.3254 -0.6119
vn 0.6979 -0.0729 -0.7125
vn -0.0766 0.0408 -0.9962
vn -0.0781 0.0385 -0.9962
vn -0.0025 -0.0177 -0.9998
vn -0.0447 -0.0202 -0.9988
vn -0.1618 0.0581 -0.9851
vn -0.0019 -0.0177 -0.9998
vn 0.1014 -0.0549 -0.9933
vn -0.0587 -0.0672 -0.9960
vn -0.0214 0.0429 -0.9988
vn -0.0381 0.0664 -0.9971
vn 0.0769 -0.0540 -0.9956
vn 0.1471 -0.0482 -0.9879
vn 0.1648 0.0495 -0.9851
vn 0.2418 0.0065 -0.9703
vn 0.3395 -0.0186 -0.9404
vn 0.3640 0.0840 -0.9276
vn 0.3170 0.0349 -0.9478
vn 0.2977 0.1061 -0.9488
vn 0.3181 0.0872 -0.9441
vn 0.2153 -0.0089 -0.9765
vn 0.2182 -0.0040 -0.9759
vn 0.2275 0.0567 -0.9721
vn 0.2654 0.0889 -0.9600
vn 0.2775 0.1488 -0.9492
vn 0.3935 0.0929 -0.9146
vn 0.7394 -0.0059 -0.6732
vn 0.6699 0.0976 -0.7360
vn 0.5196 0.1401 -0.8428
vn -0.5042 0.0839 0.8595
vn -0.4835 0.1618 0.8603
vn -0.3773 0.2460 0.8928
vn -0.5329 0.1238 0.8371
vn -0.5309 0.0941 0.8422
vn -0.4499 0.2425 0.8595
vn -0.4786 0.2050 0.8537
vn -0.4084 0.2728 0.8711
vn -0.4191 0.2231 0.8801
vn -0.3958 0.2774 0.8754
vn -0.2767 0.0808 0.9575
vn -0.3305 0.1414 0.9331
vn -0.3255 0.0542 0.9440
vn -0.4638 0.0244 0.8856
vn -0.4344 0.1155 0.8933
vn -0.4020 0.2826 0.8709
vn -0.4035 0.2767 0.8721
vn -0.6151 0.2051 0.7613
vn -0.5484 0.2583 0.7953
vn -0.5786 0.2344 0.7812
vn -0.5952 0.0645 0.8010
vn -0.5867 0.1217 0.8006
vn -0.7061 0.2016 0.6788
vn -0.6494 0.2208 0.7277
vn 0.6811 0.1027 -0.7250
vn -0.7006 0.2108 0.6817
vn 0.0136 -0.0248 -0.9996
vn 0.0640 0.0487 -0.9968
vn -0.0625 0.0800 -0.9948
vn -0.0672 0.0611 -0.9959
vn -0.0044 0.0087 -1.0000
vn 0.1186 0.0802 -0.9897
vn 0.1884 0.1319 -0.9732
vn 0.1622 0.1066 -0.9810
vn 0.2536 0.0560 -0.9657
vn 0.3523 0.1031 -0.9302
vn 0.3488 0.0714 -0.9345
vn 0.3655 0.0322 -0.9303
vn 0.2870 0.0153 -0.9578
vn 0.2697 -0.0371 -0.9622
vn 0.1928 -0.0260 -0.9809
vn 0.3170 0.1609 -0.9347
vn 0.3144 0.1481 -0.9377
vn 0.2774 0.0686 -0.9583
vn 0.2790 0.0082 -0.9603
vn 0.2219 -0.0593 -0.9733
vn 0.4601 0.1469 -0.8756
vn 0.4188 0.0534 -0.9065
vn 0.4212 -0.0003 -0.9070
vn 0.3778 -0.0640 -0.9237
vn 0.5303 -0.0131 -0.8477
vn -0.3754 0.2501 0.8925
vn -0.3231 0.1961 0.9258
vn -0.3973 0.0053 0.9177
vn -0.3227 0.0989 0.9413
vn -0.2591 0.1775 0.9494
vn -0.3859 0.2436 0.8898
vn -0.3938 0.1006 0.9137
vn -0.3970 0.0295 0.9173
vn -0.4004 0.0742 0.9133
vn -0.3462 0.1171 0.9308
vn -0.3247 0.1797 0.9286
vn -0.3950 0.2571 0.8820
vn -0.4045 0.2074 0.8907
vn -0.3382 0.1728 0.9251
vn -0.4585 0.2091 0.8637
vn -0.4246 0.1486 0.8931
vn -0.4495 0.2619 0.8540
vn -0.5151 0.2269 0.8266
vn -0.6000 0.2080 0.7725
vn -0.5619 0.2228 0.7967
vn -0.4781 0.0681 0.8757
vn -0.5440 0.1666 0.8224
vn -0.6976 0.1376 0.7031
vn -0.5430 0.2289 0.8079
vn 0.5442 0.0519 -0.8373
vn -0.5986 0.1853 0.7794
vn -0.7220 0.1295 0.6797
vn -0.6102 0.0555 0.7903
vn -0.7336 0.0091 0.6795
vn 0.4853 -0.0555 -0.8726
vn -0.6691 0.0814 0.7387
vn -0.8064 0.0476 0.5895
vn -0.7822 0.1435 0.6062
vn -0.6968 0.2042 0.6876
vn -0.7143 0.1693 0.6790
vn -0.7540 -0.0242 0.6565
vn 0.5052 -0.0801 -0.8592
vn -0.7795 0.0243 0.6259
vn 0.1947 -0.9716 -0.1341
vn 0.1572 -0.9876 -0.0028
vn 0.0341 -0.9990 0.0297
vn -0.0032 -1.0000 -0.0069
vn 0.6588 -0.5006 -0.5616
vn 0.6878 -0.6310 -0.3587
vn 0.5399 -0.7811 -0.3136
vn 0.7884 -0.3571 -0.5010
vn 0.7702 -0.0869 -0.6319
vn 0.2055 -0.9702 -0.1286
vn 0.1414 -0.9899 -0.0110
vn 0.6931 -0.5284 -0.4903
vn 0.6478 -0.5652 -0.5108
vn 0.5808 -0.7153 -0.3886
vn 0.7810 -0.3405 -0.5236
vn 0.7786 -0.0898 -0.6210
vn 0.1647 -0.9764 -0.1396
vn 0.0116 -0.9995 -0.0287
vn 0.0074 -0.9998 -0.0159
vn 0.6559 -0.4998 -0.5656
vn 0.5264 -0.5738 -0.6274
vn 0.3974 -0.8525 -0.3396
vn 0.6868 -0.3255 -0.6499
vn 0.7619 -0.1318 -0.6341
vn 0.6593 -0.1013 -0.7450
vn 0.0871 -0.9876 -0.1305
vn 0.0234 -0.9996 -0.0144
vn 0.4799 -0.5337 -0.6963
vn 0.4369 -0.6082 -0.6627
vn 0.5414 -0.2500 -0.8028
vn 0.5469 -0.3730 -0.7495
vn 0.1190 -0.9732 -0.1969
vn 0.3849 -0.4988 -0.7766
vn 0.4108 -0.8394 -0.3559
vn 0.0813 -0.9889 -0.1240
vn 0.4350 -0.5169 -0.7373
vn 0.4340 -0.5926 -0.6786
vn 0.4704 -0.2009 -0.8593
vn 0.5764 -0.3342 -0.7457
vn 0.4821 -0.0862 -0.8719
vn 0.1057 -0.9793 -0.1725
vn 0.3918 -0.4629 -0.7951
vn 0.4226 -0.8306 -0.3626
vn 0.4556 -0.2756 -0.8464
vn 0.1108 -0.9907 -0.0792
vn 0.4540 -0.4528 -0.7674
vn 0.5481 -0.6200 -0.5614
vn 0.3580 -0.8974 -0.2578
vn 0.6535 -0.3406 -0.6760
vn 0.5240 -0.1110 -0.8445
vn 0.7473 -0.0196 -0.6642
vn 0.7310 0.0671 -0.6791
vn 0.7723 -0.0247 -0.6348
vn 0.7564 0.0108 -0.6540
vn 0.6994 -0.0381 -0.7137
vn 0.6721 0.0367 -0.7395
vn 0.6768 0.0406 -0.7350
vn 0.7187 0.0521 -0.6934
vn 0.6816 0.0373 -0.7308
vn 0.5587 -0.0631 -0.8269
vn 0.5325 -0.0192 -0.8462
vn 0.5222 0.0359 -0.8521
vn 0.5234 0.0144 -0.8520
vn 0.4796 -0.0684 -0.8748
vn 0.4266 -0.0314 -0.9039
vn 0.3398 -0.0020 -0.9405
vn 0.3722 -0.0087 -0.9281
vn 0.4442 -0.1563 -0.8822
vn 0.4339 -0.1196 -0.8930
vn 0.3061 -0.0415 -0.9511
vn 0.2931 0.0168 -0.9559
vn 0.3778 -0.2084 -0.9021
vn 0.3047 -0.2125 -0.9284
vn 0.2970 -0.0928 -0.9504
vn 0.3561 0.0586 -0.9326
vn 0.4686 0.0636 -0.8811
vn 0.5423 -0.1407 -0.8283
vn 0.6017 -0.2355 -0.7632
vn 0.4040 -0.0191 -0.9146
vn 0.7388 0.0193 -0.6736
vn 0.5748 0.0285 -0.8178
vn 0.6998 0.0124 -0.7143
vn 0.5537 -0.0398 -0.8318
vn 0.5689 0.0124 -0.8223
vn 0.7316 0.0311 -0.6810
vn 0.7514 0.1201 -0.6488
vn 0.7070 0.0421 -0.7060
vn 0.7146 -0.0333 -0.6987
vn 0.6321 0.1008 -0.7683
vn 0.6621 -0.0122 -0.7493
vn 0.5573 -0.0169 -0.8301
vn 0.6299 -0.0567 -0.7746
vn 0.5804 -0.0292 -0.8138
vn 0.5800 0.0419 -0.8136
vn 0.4626 -0.0167 -0.8864
vn 0.4129 -0.0644 -0.9085
vn 0.4199 0.0020 -0.9076
vn 0.3823 -0.0198 -0.9238
vn 0.3593 -0.0726 -0.9304
vn 0.3098 -0.1127 -0.9441
vn 0.3213 -0.0674 -0.9446
vn 0.3682 0.0292 -0.9293
vn 0.3394 0.0036 -0.9406
vn 0.3735 -0.0638 -0.9254
vn 0.3726 -0.1348 -0.9181
vn 0.4196 0.0109 -0.9077
vn 0.5337 0.0144 -0.8455
vn 0.4252 -0.0230 -0.9048
vn 0.4677 -0.0755 -0.8807
vn 0.5404 -0.0024 -0.8414
vn 0.6001 0.0059 -0.7999
vn 0.6013 -0.0166 -0.7989
vn 0.6492 -0.0116 -0.7605
vn 0.6845 0.0598 -0.7266
vn 0.5641 -0.5186 -0.6426
vn 0.5955 -0.6309 -0.4973
vn 0.6647 -0.2283 -0.7113
vn 0.7529 -0.3043 -0.5835
vn 0.7524 -0.0942 -0.6519
vn 0.7377 -0.0652 -0.6720
vn 0.5960 -0.0995 -0.7968
vn 0.7697 -0.0644 -0.6351
vn 0.7830 -0.0889 -0.6157
vn 0.7900 -0.0410 -0.6117
vn 0.5977 0.0692 -0.7987
vn 0.7514 0.0596 -0.6571
vn 0.7410 0.0405 -0.6703
vn 0.7598 0.0319 -0.6494
vn 0.7426 0.0380 -0.6686
vn 0.5829 0.0310 -0.8119
vn 0.7637 0.0723 -0.6415
vn -0.6116 -0.5900 0.5271
vn -0.6630 0.0039 0.7486
vn -0.7192 -0.0123 0.6947
vn -0.1222 -0.9587 0.2568
vn -0.4772 -0.4245 0.7695
vn -0.5770 -0.3205 0.7512
vn -0.5946 -0.2273 0.7712
vn -0.6405 0.0878 0.7629
vn -0.6305 0.1650 0.7585
vn -0.6757 0.0863 0.7321
vn -0.5148 0.1131 0.8498
vn -0.6345 0.0856 0.7682
vn -0.5054 0.1238 0.8540
vn -0.5420 0.1327 0.8298
vn -0.5664 0.2077 0.7975
vn -0.4190 -0.5567 0.7173
vn -0.3598 -0.8058 0.4703
vn -0.3704 -0.0971 0.9238
vn -0.0303 -0.9848 0.1712
vn -0.1378 -0.9529 0.2700
vn -0.3347 -0.4919 0.8037
vn -0.3441 -0.3370 0.8763
vn -0.4979 -0.3105 0.8097
vn -0.3507 -0.1048 0.9306
vn -0.0816 -0.9941 0.0708
vn -0.0744 -0.9468 0.3130
vn -0.2042 -0.5758 0.7917
vn -0.3445 -0.4948 0.7978
vn -0.3497 -0.0331 0.9363
vn 0.0210 -0.9785 0.2054
vn -0.2687 -0.9120 0.3099
vn -0.3673 -0.1664 0.9151
vn -0.1423 -0.9834 0.1125
vn -0.1308 -0.9614 0.2422
vn -0.5201 -0.3072 0.7969
vn 0.0158 -0.9995 -0.0271
vn 0.0159 -0.9988 -0.0459
vn -0.0403 -0.9767 0.2108
vn -0.3401 -0.6277 0.7003
vn -0.3023 -0.8044 0.5114
vn -0.3270 -0.5135 0.7933
vn -0.3609 -0.1272 0.9239
vn -0.3615 0.0340 0.9318
vn 0.0133 -0.9945 -0.1034
vn -0.1647 -0.9704 0.1767
vn -0.1500 -0.9260 0.3463
vn -0.3149 -0.5411 0.7798
vn -0.3798 -0.2602 0.8877
vn -0.5908 -0.2496 0.7673
vn 0.0156 -0.9995 -0.0271
vn -0.1041 -0.9249 0.3658
vn -0.3358 -0.5305 0.7783
vn -0.3338 -0.5207 0.7858
vn -0.3646 -0.0033 0.9312
vn -0.4141 0.0656 0.9078
vn -0.4053 0.1101 0.9075
vn -0.5822 0.1031 0.8065
vn -0.5529 0.1402 0.8214
vn -0.6960 0.1198 0.7080
vn -0.3021 0.0840 0.9496
vn -0.3725 0.1059 0.9220
vn -0.4379 0.1042 0.8930
vn -0.4426 0.0188 0.8965
vn -0.6154 0.0758 0.7846
vn -0.6656 0.0437 0.7450
vn -0.3400 0.0614 0.9384
vn -0.3863 -0.0947 0.9175
vn -0.3839 0.0410 0.9224
vn -0.3776 0.0216 0.9257
vn -0.3532 -0.0476 0.9343
vn -0.3543 -0.0968 0.9301
vn -0.3327 -0.0554 0.9414
vn -0.3632 0.0295 0.9312
vn -0.2436 -0.0879 0.9659
vn -0.2939 -0.0138 0.9557
vn -0.3695 0.0289 0.9288
vn -0.3781 0.0138 0.9257
vn -0.3470 -0.0221 0.9376
vn -0.3635 0.0274 0.9312
vn -0.7636 0.0843 0.6401
vn -0.7631 0.0270 0.6458
vn -0.7677 0.0521 0.6387
vn -0.7627 0.0043 0.6467
vn -0.7742 -0.0683 0.6292
vn -0.7953 -0.0386 0.6050
vn -0.7578 0.0526 0.6503
vn -0.7062 0.0443 0.7067
vn -0.7130 0.0830 0.6962
vn -0.6629 0.0262 0.7483
vn -0.7157 -0.0731 0.6946
vn -0.6905 -0.1271 0.7121
vn -0.3848 0.0080 0.9230
vn -0.4039 0.0509 0.9134
vn -0.4458 0.1147 0.8878
vn -0.6595 0.0234 0.7514
vn -0.4406 0.0245 0.8974
vn -0.4216 -0.0806 0.9032
vn -0.2875 0.0206 0.9576
vn -0.3442 0.0792 0.9356
vn -0.3358 -0.0439 0.9409
vn -0.3202 -0.1017 0.9419
vn -0.2373 -0.0206 0.9712
vn -0.1318 -0.0845 0.9877
vn -0.2529 0.0517 0.9661
vn -0.3399 0.0506 0.9391
vn -0.3385 0.0051 0.9410
vn -0.3466 -0.0186 0.9378
vn -0.4738 0.0506 0.8792
vn -0.4917 0.0356 0.8700
vn -0.4520 -0.0104 0.8919
vn 0.1347 -0.9839 -0.1175
vn 0.0322 -0.9938 -0.1066
vn 0.0422 -0.9911 -0.1261
vn 0.0412 -0.9681 0.2472
vn -0.0091 -0.7285 0.6850
vn -0.0944 -0.5252 0.8458
vn -0.1654 -0.1682 0.9718
vn 0.1724 -0.9693 -0.1751
vn 0.3337 -0.9363 -0.1095
vn 0.2293 -0.9503 0.2105
vn 0.6448 -0.3938 -0.6551
vn 0.7209 -0.5680 -0.3971
vn 0.6601 -0.7378 -0.1412
vn 0.6863 -0.7267 -0.0317
vn 0.7748 -0.5542 0.3041
vn 0.2906 -0.7788 0.5559
vn 0.2530 -0.5317 0.8083
vn 0.7868 -0.2693 -0.5553
vn 0.5982 -0.2742 0.7530
vn 0.1989 -0.2453 0.9488
vn 0.7626 -0.0676 -0.6433
vn 0.6683 -0.6753 -0.3121
vn 0.7599 -0.6499 -0.0132
vn 0.6290 -0.7160 0.3028
vn 0.7934 -0.0888 -0.6022
vn 0.9524 -0.2367 -0.1923
vn 0.9137 -0.3790 -0.1464
vn 0.9185 -0.3032 0.2539
vn 0.6519 -0.4433 0.6152
vn 0.9427 -0.0304 -0.3322
vn 0.9725 -0.0903 -0.2148
vn 0.7424 -0.3224 0.5873
vn 0.4218 -0.0454 0.9055
vn -0.2251 0.0300 0.9739
vn -0.2293 0.0027 0.9734
vn 0.1692 0.0131 0.9855
vn 0.8141 -0.0319 -0.5798
vn 0.1047 0.0009 0.9945
vn 0.8479 -0.0109 -0.5300
vn 0.8481 -0.0152 -0.5296
vn 0.9764 0.0158 -0.2155
vn 0.9628 -0.0099 0.2699
vn 0.3704 -0.0211 0.9286
vn 0.9357 -0.0070 -0.3526
vn 0.8759 -0.0169 -0.4822
vn 0.9821 -0.0087 -0.1880
vn 0.9717 -0.0136 0.2360
vn 0.8915 -0.0170 0.4528
vn 0.9328 -0.0238 -0.3596
vn 0.3677 -0.0151 0.9298
vn 0.3534 0.0239 0.9352
vn 0.9753 0.0150 0.2204
vn 0.8908 0.0260 0.4537
vn -0.2479 0.0271 0.9684
vn -0.2736 -0.0022 0.9618
vn 0.8085 0.0316 -0.5876
vn 0.1541 0.0006 0.9881
vn 0.1329 0.0189 0.9909
vn 0.1428 0.0007 0.9898
vn 0.8108 0.0229 -0.5849
vn 0.9161 0.0074 -0.4008
vn 0.9902 -0.0011 -0.1395
vn 0.9692 0.0026 0.2463
vn 0.3829 0.0047 0.9238
vn 0.8603 0.0067 0.5098
vn 0.9170 -0.0177 -0.3986
vn 0.7885 -0.0210 -0.6147
vn 0.9875 -0.0221 -0.1558
vn 0.9403 0.0057 0.3403
vn 0.8265 0.0182 0.5626
vn 0.3910 0.0079 0.9204
vn 0.9158 0.0061 -0.4015
vn 0.9496 -0.0377 0.3112
vn 0.1023 0.0576 -0.9931
vn 0.0745 -0.0096 -0.9972
vn 0.0327 0.0141 -0.9994
vn -0.0799 0.0421 -0.9959
vn 0.2199 0.0316 -0.9750
vn 0.2652 0.0108 -0.9641
vn 0.2115 -0.0058 -0.9774
vn 0.3095 -0.0162 -0.9508
vn 0.1738 0.0050 -0.9848
vn 0.3050 0.0447 -0.9513
vn 0.4411 0.0152 -0.8973
vn 0.5738 0.0291 -0.8184
vn 0.5909 0.0604 -0.8045
vn 0.4957 0.0370 -0.8677
vn 0.4756 0.0582 -0.8777
vn 0.5723 0.1129 -0.8122
vn 0.5354 0.0442 -0.8435
vn 0.7580 0.1319 -0.6388
vn 0.6199 0.0811 -0.7805
vn 0.7736 0.0956 -0.6264
vn 0.7591 -0.0161 -0.6508
vn 0.7570 0.0143 -0.6533
vn 0.5247 0.0198 -0.8511
vn 0.5867 0.1483 -0.7961
vn 0.5788 0.2014 -0.7902
vn 0.7051 0.1781 -0.6863
vn 0.6089 0.1892 -0.7704
vn 0.5949 0.0612 -0.8014
vn 0.5931 -0.0277 -0.8047
vn 0.4207 0.0159 -0.9070
vn 0.4193 0.1985 -0.8859
vn 0.3164 0.2185 -0.9231
vn 0.2681 0.2905 -0.9185
vn 0.2383 0.2405 -0.9410
vn 0.3764 0.1765 -0.9095
vn 0.3752 0.0621 -0.9248
vn 0.4106 -0.0198 -0.9116
vn 0.1038 0.1957 -0.9752
vn 0.0541 0.0157 -0.9984
vn 0.1367 0.0587 -0.9889
vn 0.1555 0.1365 -0.9784
vn 0.0389 0.0800 -0.9960
vn 0.0149 0.0188 -0.9997
vn -0.2222 -0.1145 0.9683
vn -0.2166 -0.0761 0.9733
vn -0.1228 0.1238 0.9847
vn -0.1164 0.1729 0.9780
vn -0.1666 0.1662 0.9719
vn -0.1043 -0.1350 0.9853
vn 0.0188 0.0296 0.9994
vn 0.0639 0.1445 0.9874
vn -0.1053 0.1866 0.9768
vn -0.0308 -0.1433 0.9892
vn 0.0289 0.0795 0.9964
vn 0.0986 0.1099 0.9890
vn 0.0876 0.1445 0.9856
vn 0.0802 -0.1695 0.9823
vn 0.1908 -0.0706 0.9791
vn 0.1982 0.0661 0.9779
vn 0.1528 0.1131 0.9818
vn 0.2658 0.1822 0.9467
vn 0.2382 0.1334 0.9620
vn 0.2735 0.1097 0.9556
vn 0.2015 -0.1816 0.9625
vn 0.2709 -0.0149 0.9625
vn 0.3581 0.1239 0.9254
vn 0.3338 0.1139 0.9357
vn 0.3556 -0.0685 0.9321
vn 0.3624 0.0131 0.9319
vn 0.3543 0.1237 0.9269
vn 0.3061 0.1104 0.9456
vn 0.2702 0.0449 0.9618
vn 0.2530 0.0114 0.9674
vn 0.1140 0.0547 0.9920
vn -0.0651 0.0141 0.9978
vn 0.0993 -0.1916 0.9764
vn 0.0561 0.0697 0.9960
vn -0.0070 0.0527 0.9986
vn -0.0496 0.0544 0.9973
vn -0.1074 0.0875 -0.9904
vn 0.1460 0.0977 -0.9845
vn 0.1358 0.0397 -0.9899
vn 0.1151 0.0880 -0.9894
vn 0.4157 0.1295 -0.9002
vn 0.2185 0.2678 -0.9384
vn 0.2240 0.1391 -0.9646
vn 0.2523 0.0650 -0.9655
vn 0.2582 -0.0259 -0.9657
vn 0.5923 0.0537 -0.8040
vn 0.4592 0.0805 -0.8847
vn 0.3249 0.0404 -0.9449
vn 0.4423 -0.0618 -0.8947
vn 0.4324 -0.0937 -0.8968
vn 0.3186 -0.0360 -0.9472
vn 0.6228 0.0315 -0.7818
vn 0.6054 -0.0201 -0.7957
vn 0.3381 -0.0399 -0.9403
vn 0.7340 -0.0048 -0.6792
vn 0.5018 0.0420 -0.8640
vn 0.5163 -0.0991 -0.8507
vn 0.4165 -0.1350 -0.8991
vn 0.3613 -0.1227 -0.9243
vn 0.3853 -0.0495 -0.9214
vn 0.2999 -0.1439 -0.9430
vn 0.2413 -0.2077 -0.9480
vn 0.2460 -0.1452 -0.9583
vn 0.1490 0.0329 -0.9883
vn 0.1814 -0.1177 -0.9763
vn 0.1788 -0.1712 -0.9689
vn 0.0172 0.0231 -0.9996
vn 0.0281 -0.0727 -0.9970
vn 0.0834 -0.1481 -0.9855
vn 0.0910 -0.1944 -0.9767
vn -0.1438 0.0775 0.9866
vn -0.1729 0.0108 0.9849
vn -0.1725 -0.0591 0.9832
vn -0.0580 0.0902 0.9942
vn -0.0529 0.0689 0.9962
vn -0.0501 -0.0143 0.9986
vn -0.0442 -0.0738 0.9963
vn 0.0741 0.0787 0.9941
vn 0.0313 -0.0153 0.9994
vn 0.0849 -0.0665 0.9942
vn 0.2541 0.0561 0.9655
vn 0.1866 -0.0012 0.9824
vn 0.2209 -0.0432 0.9743
vn 0.3462 0.0693 0.9356
vn 0.3012 -0.0166 0.9534
vn 0.2429 0.0870 0.9661
vn 0.2631 0.0692 0.9623
vn 0.3042 0.0073 0.9526
vn 0.3346 -0.0104 0.9423
vn 0.3331 -0.0211 0.9427
vn 0.1168 0.0984 0.9883
vn 0.1097 0.0617 0.9921
vn 0.1896 0.0279 0.9815
vn 0.3360 -0.0142 0.9418
vn -0.1023 0.1026 0.9895
vn -0.0028 0.0975 0.9952
vn 0.0769 0.0799 0.9938
vn 0.0675 0.0490 0.9965
vn 0.1502 0.0205 0.9884
vn 0.1908 0.3485 -0.9177
vn 0.1612 0.5041 -0.8485
vn 0.1529 0.9175 -0.3672
vn 0.1433 0.9260 -0.3492
vn 0.1635 0.9671 -0.1951
vn 0.1791 0.0188 -0.9837
vn 0.1715 0.2876 -0.9423
vn -0.0266 0.9641 -0.2641
vn 0.2591 0.1094 -0.9596
vn 0.2213 0.5394 -0.8125
vn 0.1017 0.6972 -0.7096
vn -0.0457 0.9351 -0.3514
vn 0.3513 -0.0290 -0.9358
vn 0.3474 0.0287 -0.9373
vn 0.5677 0.2879 -0.7713
vn 0.2945 0.5798 -0.7597
vn 0.2945 0.5777 -0.7612
vn 0.2647 0.8635 -0.4294
vn 0.1247 0.9182 -0.3761
vn 0.1360 0.9453 -0.2965
vn 0.3399 -0.0540 -0.9389
vn 0.3259 0.2706 -0.9058
vn 0.2311 -0.0813 -0.9695
vn 0.2235 0.1820 -0.9576
vn 0.1632 0.5359 -0.8284
vn 0.0631 0.6741 -0.7360
vn -0.0004 0.8918 -0.4525
vn 0.0461 0.5416 -0.8394
vn 0.0571 -0.1301 -0.9899
vn 0.0488 0.0875 -0.9950
vn 0.1659 0.7766 -0.6077
vn 0.1570 0.8943 -0.4190
vn -0.1662 -0.0910 0.9819
vn -0.1564 0.2156 0.9639
vn -0.0356 0.9941 -0.1021
vn -0.0388 0.9814 0.1881
vn -0.0675 0.2424 0.9678
vn -0.0424 0.4741 0.8795
vn 0.0890 0.2109 0.9735
vn -0.0802 0.9909 -0.1078
vn 0.0426 0.9399 0.3387
vn 0.1794 0.4581 0.8706
vn 0.0326 0.8577 0.5132
vn 0.1764 0.2370 0.9554
vn -0.0290 0.9917 -0.1254
vn -0.0271 0.9262 0.3759
vn 0.1009 0.6534 0.7503
vn 0.3541 0.0451 0.9341
vn 0.2399 0.4331 0.8688
vn 0.0416 0.9042 0.4251
vn 0.1194 0.6464 0.7536
vn 0.3418 0.1451 0.9285
vn 0.1700 0.9806 0.0980
vn 0.2691 0.7958 0.5424
vn 0.2983 0.4450 0.8444
vn 0.1814 0.1592 0.9704
vn 0.3465 0.1411 0.9274
vn 0.2578 0.9267 0.2733
vn 0.2096 0.7869 0.5805
vn 0.0281 0.0228 0.9993
vn 0.1629 0.1505 0.9751
vn 0.1756 0.9777 0.1148
vn 0.1649 0.4776 0.8630
vn 0.1501 0.0987 -0.9837
vn 0.1541 0.1534 -0.9761
vn 0.0414 0.0787 -0.9960
vn -0.0190 0.0044 -0.9998
vn 0.0057 -0.0067 -1.0000
vn 0.0882 0.0937 -0.9917
vn 0.0776 -0.0278 -0.9966
vn 0.0504 -0.0114 -0.9987
vn 0.1504 0.0474 -0.9875
vn 0.1442 0.0886 -0.9856
vn 0.1339 0.0832 -0.9875
vn 0.1201 0.0417 -0.9919
vn 0.1156 -0.0183 -0.9931
vn 0.1336 -0.0307 -0.9906
vn 0.1894 0.0525 -0.9805
vn 0.1373 0.0210 -0.9903
vn 0.1901 0.0201 -0.9816
vn 0.3255 0.0276 -0.9451
vn 0.4091 0.0294 -0.9120
vn 0.3878 0.0447 -0.9207
vn 0.4323 0.0449 -0.9006
vn 0.4814 0.0439 -0.8754
vn -0.2587 0.1973 0.9456
vn -0.0380 0.0309 0.9988
vn -0.1085 0.0310 0.9936
vn -0.2404 0.0199 0.9705
vn -0.2336 0.1326 0.9633
vn -0.1602 0.0483 0.9859
vn -0.1535 -0.0054 0.9881
vn -0.1353 0.0119 0.9907
vn -0.2552 -0.0280 0.9665
vn -0.2478 0.0887 0.9648
vn -0.3271 0.2621 0.9079
vn -0.3491 0.1332 0.9276
vn -0.3179 -0.0090 0.9481
vn -0.3326 -0.1089 0.9368
vn -0.3860 -0.0909 0.9180
vn -0.3630 -0.0608 0.9298
vn -0.4272 0.2392 0.8719
vn -0.4932 0.1906 0.8488
vn -0.5192 -0.0111 0.8546
vn -0.4980 -0.0948 0.8620
vn -0.6954 0.1813 0.6954
vn -0.6956 0.1441 0.7038
vn -0.5605 0.1339 0.8172
vn -0.6931 0.1376 0.7076
vn -0.5524 0.1003 0.8275
vn -0.5634 -0.0368 0.8253
vn -0.7175 -0.0055 0.6965
vn -0.7283 -0.1376 0.6714
vn -0.5304 -0.1911 0.8259
vn -0.6640 -0.1040 0.7405
vn -0.7534 -0.0958 0.6506
vn 0.5483 0.0824 -0.8322
vn -0.8365 0.1017 0.5385
vn -0.8730 0.0604 0.4839
vn -0.7899 0.0389 0.6120
vn -0.7914 -0.0014 0.6113
vn -0.8788 -0.0244 0.4765
vn 0.6463 0.0509 -0.7614
vn -0.8546 -0.1051 0.5085
vn 0.6440 0.0208 -0.7647
vn -0.7273 -0.1747 0.6637
vn -0.8439 -0.1060 0.5259
vn -0.8438 -0.0745 0.5315
vn -0.8553 0.0632 0.5142
vn -0.8542 0.0564 0.5168
vn 0.6968 0.1009 -0.7101
vn 0.7083 0.0893 -0.7002
vn -0.8817 0.0172 0.4716
vn 0.6943 0.0333 -0.7189
vn 0.7034 0.0378 -0.7098
vn -0.8561 -0.1006 0.5069
vn 0.7584 0.0799 -0.6469
vn -0.8391 -0.0248 0.5434
vn -0.0217 0.0236 -0.9995
vn -0.0262 -0.0454 -0.9986
vn 0.0587 -0.0928 -0.9940
vn 0.0614 -0.1134 -0.9917
vn 0.1890 -0.1752 -0.9662
vn -0.0106 0.0316 -0.9994
vn 0.0464 -0.0297 -0.9985
vn 0.1374 -0.0472 -0.9894
vn 0.1972 -0.1252 -0.9723
vn 0.0815 0.0649 -0.9946
vn 0.0810 0.0661 -0.9945
vn 0.1662 0.0797 -0.9829
vn 0.2728 0.0049 -0.9621
vn 0.2627 -0.0445 -0.9638
vn 0.2873 -0.1091 -0.9516
vn 0.1193 0.0369 -0.9922
vn 0.1871 0.1876 -0.9643
vn 0.3248 0.0871 -0.9418
vn 0.3345 -0.0410 -0.9415
vn 0.2730 0.2385 -0.9320
vn 0.2886 0.1233 -0.9495
vn 0.3633 -0.0205 -0.9314
vn 0.3949 -0.0776 -0.9154
vn 0.3945 0.2130 -0.8939
vn -0.2298 0.1029 0.9678
vn -0.1994 0.1575 0.9672
vn -0.1601 0.1325 0.9782
vn -0.1927 0.0921 0.9769
vn -0.1513 0.2544 0.9552
vn -0.1450 0.0537 0.9880
vn -0.3132 0.1004 0.9443
vn -0.3215 0.1909 0.9275
vn -0.3555 0.0721 0.9319
vn -0.4642 0.0521 0.8842
vn -0.3368 0.0599 0.9397
vn -0.3364 0.0603 0.9398
vn -0.4034 0.1799 0.8972
vn -0.4033 0.0919 0.9104
vn -0.4133 0.0560 0.9089
vn -0.4995 0.0675 0.8637
vn -0.4959 0.1971 0.8457
vn 0.3917 0.1384 -0.9096
vn -0.4538 0.1280 0.8819
vn 0.3931 0.0090 -0.9194
vn -0.5659 0.1044 0.8178
vn -0.4526 0.0691 0.8891
vn -0.6703 0.0517 0.7403
vn -0.7484 0.1448 0.6472
vn -0.7835 0.0567 0.6188
vn -0.5808 0.1426 0.8015
vn -0.5983 0.1177 0.7926
vn -0.7583 0.1037 0.6436
vn 0.4836 -0.1088 -0.8685
vn -0.6558 0.1415 0.7415
vn -0.7266 0.1592 0.6683
vn -0.6093 0.2244 0.7606
vn -0.8323 0.0188 0.5540
vn -0.8576 0.0727 0.5091
vn 0.5042 0.1261 -0.8543
vn -0.8626 0.0825 0.4990
vn 0.5033 0.0018 -0.8641
vn -0.8012 0.1088 0.5884
vn 0.5015 -0.1168 -0.8572
vn -0.8820 0.1597 0.4433
vn -0.8079 0.2010 0.5540
vn -0.8443 0.1714 0.5077
vn 0.4950 -0.1315 -0.8589
vn 0.5945 0.1522 -0.7895
vn 0.7228 0.1213 -0.6804
vn -0.7843 0.0456 0.6188
vn 0.5511 0.1704 -0.8168
vn 0.6093 0.0059 -0.7929
vn 0.6052 0.0088 -0.7960
vn -0.8226 0.1087 0.5581
vn -0.7451 0.0864 0.6614
vn 0.5834 -0.1240 -0.8027
vn -0.7263 0.2117 0.6540
vn -0.8362 0.1969 0.5118
vn -0.7552 0.2207 0.6173
vn 0.1726 -0.0203 -0.9848
vn 0.6538 0.3703 -0.6599
vn 0.1941 0.7137 -0.6730
vn 0.1880 0.7553 -0.6278
vn 0.0758 0.8928 -0.4440
vn 0.1150 0.8783 -0.4640
vn 0.2593 -0.1416 -0.9553
vn 0.1617 0.3331 -0.9289
vn -0.0753 0.6198 -0.7812
vn 0.0027 0.8599 -0.5104
vn 0.2889 -0.1245 -0.9492
vn 0.3075 0.1941 -0.9315
vn 0.1620 0.3871 -0.9077
vn 0.3329 0.7894 -0.5158
vn 0.0386 0.9433 -0.3297
vn 0.3829 -0.0861 -0.9198
vn 0.3903 0.0310 -0.9202
vn 0.5462 0.2246 -0.8070
vn 0.3328 0.4546 -0.8262
vn 0.3659 0.5575 -0.7452
vn 0.3775 0.1653 -0.9112
vn 0.3252 0.4468 -0.8334
vn 0.3858 -0.0989 -0.9173
vn 0.3779 0.0960 -0.9208
vn 0.0144 0.0157 0.9998
vn -0.3029 0.0529 0.9516
vn 0.0467 0.2060 0.9774
vn -0.2586 0.1882 0.9475
vn 0.1700 0.9847 -0.0374
vn -0.0076 0.5123 0.8588
vn -0.3394 0.1009 0.9352
vn -0.0120 0.9983 -0.0576
vn -0.3203 0.5199 0.7919
vn -0.4867 0.7124 0.5056
vn -0.3889 0.0960 0.9163
vn -0.2990 0.1453 0.9431
vn -0.1903 0.9504 -0.2459
vn -0.1955 0.9311 0.3078
vn -0.3234 0.2692 0.9072
vn -0.3807 0.1125 0.9178
vn -0.0246 0.9242 -0.3810
vn -0.0883 0.9698 0.2275
vn -0.1324 0.4006 0.9066
vn -0.3280 0.1426 0.9339
vn -0.2498 0.4338 0.8657
vn -0.3187 0.2689 0.9089
vn 0.3069 0.8103 -0.4992
vn 0.0937 0.9008 -0.4239
vn 0.1417 0.9898 0.0141
vn -0.2861 0.4883 0.8244
vn -0.4389 0.1936 0.8774
vn 0.4831 0.1927 -0.8541
vn 0.3214 0.3631 -0.8746
vn -0.4398 0.5293 0.7256
vn -0.3984 0.3168 0.8608
vn -0.6193 0.2970 0.7268
vn 0.4198 0.5583 -0.7156
vn -0.0176 0.9983 -0.0564
vn -0.3107 0.6728 0.6714
vn -0.4078 0.8335 0.3729
vn -0.6883 0.2360 0.6860
vn 0.4853 0.0820 -0.8705
vn -0.6533 0.3454 0.6737
vn -0.7780 0.3015 0.5513
vn 0.2252 0.4471 -0.8657
vn -0.1549 0.8948 -0.4188
vn -0.1954 0.9632 0.1844
vn -0.5850 0.5103 0.6304
vn -0.4135 0.7759 0.4764
vn 0.5010 0.0935 -0.8604
vn -0.7937 0.3484 0.4986
vn -0.8118 0.3259 0.4845
vn 0.4882 0.2369 -0.8400
vn 0.6577 0.4516 -0.6029
vn 0.2135 0.8571 -0.4688
vn 0.2296 0.9480 -0.2202
vn -0.3320 0.9176 0.2185
vn -0.6620 0.6005 0.4485
vn -0.5216 0.8194 0.2376
vn -0.7202 0.6349 0.2797
vn 0.6696 0.0883 -0.7375
vn 0.7679 0.0914 -0.6341
vn 0.7795 0.1287 -0.6131
vn 0.7617 0.0731 -0.6438
vn 0.7558 0.0338 -0.6540
vn 0.6101 0.1441 -0.7791
vn 0.6374 0.1373 -0.7582
vn 0.6935 0.0450 -0.7190
vn 0.7563 0.0779 -0.6496
vn 0.5518 0.1481 -0.8208
vn 0.3717 0.2239 -0.9009
vn 0.5209 0.1770 -0.8350
vn 0.5077 0.1008 -0.8557
vn 0.4999 0.0455 -0.8649
vn 0.5729 0.0509 -0.8180
vn 0.3356 0.2197 -0.9160
vn 0.3671 0.1189 -0.9226
vn 0.3671 0.1760 -0.9134
vn 0.4555 0.1449 -0.8784
vn 0.4080 0.0908 -0.9084
vn 0.4666 0.0419 -0.8835
vn 0.3641 0.0608 -0.9294
vn 0.4205 0.0622 -0.9051
vn 0.5216 0.1005 -0.8472
vn 0.5877 0.0457 -0.8078
vn 0.5713 -0.0051 -0.8208
vn 0.5423 0.0386 -0.8393
vn 0.6443 0.0853 -0.7600
vn 0.6866 0.0598 -0.7246
vn 0.6895 0.0991 -0.7175
vn 0.5758 0.1079 -0.8105
vn 0.6392 0.0350 -0.7682
vn 0.7264 0.0633 -0.6843
vn 0.7376 0.1217 -0.6642
vn 0.7203 0.0665 -0.6905
vn 0.7072 0.0184 -0.7068
vn 0.6393 -0.0987 -0.7626
vn -0.7260 0.1163 0.6778
vn -0.5592 0.2120 0.8015
vn 0.5640 -0.1919 -0.8031
vn -0.5200 0.2496 0.8169
vn 0.5309 -0.1519 -0.8337
vn 0.6033 0.0422 -0.7964
vn 0.6079 0.0380 -0.7931
vn 0.5845 -0.0236 -0.8111
vn 0.5977 -0.2060 -0.7748
vn 0.5862 -0.2290 -0.7771
vn 0.4587 0.0308 -0.8880
vn 0.5441 -0.1455 -0.8263
vn 0.4761 -0.1000 -0.8737
vn -0.4083 0.2279 0.8840
vn 0.3285 0.0262 -0.9441
vn 0.4375 -0.1458 -0.8873
vn 0.5374 -0.2011 -0.8190
vn 0.3575 0.0433 -0.9329
vn 0.3574 0.0337 -0.9333
vn 0.4068 0.0494 -0.9122
vn 0.4268 -0.0297 -0.9039
vn 0.4220 -0.0281 -0.9062
vn 0.5755 -0.1094 -0.8104
vn 0.5631 -0.1389 -0.8146
vn 0.3787 0.0661 -0.9232
vn 0.4809 0.1094 -0.8699
vn 0.5060 0.0887 -0.8580
vn 0.5337 0.0415 -0.8446
vn 0.5256 0.0025 -0.8508
vn 0.6002 -0.0390 -0.7989
vn 0.7222 0.0852 -0.6864
vn 0.6865 0.0627 -0.7244
vn 0.6430 0.0674 -0.7629
vn 0.6272 0.0150 -0.7787
vn 0.6101 -0.0067 -0.7923
vn -0.6427 0.2173 0.7347
vn 0.5605 0.1006 -0.8220
vn 0.5220 0.3967 -0.7551
vn 0.5378 0.6728 -0.5080
vn 0.1105 0.9286 -0.3542
vn 0.1182 0.9557 -0.2696
vn -0.5240 0.8507 0.0425
vn -0.5630 0.8058 0.1838
vn -0.6912 0.5965 0.4081
vn -0.4722 0.2022 0.8580
vn 0.5413 -0.0300 -0.8403
vn 0.6650 0.1003 -0.7401
vn 0.5029 0.3347 -0.7969
vn -0.5948 0.2210 0.7729
vn 0.5275 0.4234 -0.7365
vn -0.0156 0.8482 -0.5295
vn -0.2744 0.9384 -0.2102
vn -0.2927 0.9552 -0.0435
vn -0.5487 0.7757 0.3119
vn -0.6084 0.3211 0.7258
vn -0.7126 0.3632 0.6003
vn -0.1697 0.9854 -0.0104
vn -0.2662 0.9638 -0.0155
vn 0.5620 -0.1959 -0.8036
vn -0.5679 0.1149 0.8150
vn 0.5559 0.0543 -0.8295
vn -0.5664 0.1772 0.8049
vn 0.4992 0.3355 -0.7989
vn 0.5795 0.4794 -0.6591
vn 0.2616 0.7677 -0.5849
vn 0.2983 0.8589 -0.4163
vn 0.0675 0.9710 -0.2293
vn -0.0856 0.9954 -0.0421
vn -0.6841 0.6642 0.3014
vn -0.2433 0.9589 0.1461
vn 0.5812 -0.1394 -0.8017
vn 0.5846 0.0329 -0.8107
vn 0.5694 0.3087 -0.7619
vn 0.6428 0.5638 -0.5186
vn 0.2603 0.8529 -0.4525
vn 0.1745 0.8840 -0.4336
vn -0.0589 0.9779 -0.2007
vn -0.0393 0.9978 0.0533
vn -0.4423 0.5145 0.7346
vn 0.6271 -0.0313 -0.7783
vn 0.6951 0.0752 -0.7150
vn 0.6248 0.1881 -0.7578
vn 0.6296 0.3569 -0.6901
vn 0.4853 0.7220 -0.4931
vn 0.2967 0.8217 -0.4866
vn 0.3119 0.8639 -0.3955
vn 0.1734 0.9812 -0.0850
vn 0.0203 0.9982 -0.0561
vn 0.6229 -0.0337 -0.7816
vn 0.7241 0.2915 -0.6251
vn 0.3983 0.8283 -0.3941
vn 0.4351 0.8854 -0.1635
vn 0.4443 0.8794 -0.1709
vn 0.7164 0.2142 -0.6640
vn 0.6385 0.2059 -0.7416
vn 0.6778 0.4634 -0.5708
vn 0.5480 0.7789 -0.3051
vn 0.6104 0.7329 -0.3004
vn 0.4583 0.8495 -0.2614
vn 0.6793 0.0664 -0.7308
vn 0.7262 0.0252 -0.6870
vn 0.6581 0.2514 -0.7098
vn 0.7069 0.3621 -0.6076
vn 0.6030 0.5524 -0.5755
vn 0.6016 0.6052 -0.5214
vn 0.8170 0.0412 -0.5752
vn 0.7433 0.1009 -0.6613
vn 0.8183 0.0591 -0.5717
vn 0.7118 0.0754 -0.6984
vn 0.8131 0.0751 -0.5772
vn 0.7474 0.0280 -0.6638
vn 0.8116 0.0767 -0.5792
vn 0.7436 0.0591 -0.6661
vn 0.7362 0.0455 -0.6753
vn 0.7665 0.0050 -0.6422
vn 0.7631 -0.0109 -0.6461
vn 0.7255 0.2052 -0.6569
vn -0.8138 0.0011 0.5812
vn -0.8535 -0.0032 0.5211
vn -0.8746 0.0209 0.4843
vn -0.8633 -0.0222 0.5043
vn -0.8178 -0.0103 0.5754
vn -0.7978 -0.0324 0.6020
vn -0.7702 -0.0019 0.6378
vn -0.7537 0.0562 0.6548
vn -0.7413 0.0338 0.6704
vn -0.6449 0.1345 0.7523
vn -0.5678 0.0244 0.8228
vn -0.6708 -0.0660 0.7387
vn -0.7355 -0.0197 0.6772
vn -0.5994 0.0591 0.7983
vn -0.6343 0.0523 0.7713
vn -0.4578 0.1892 0.8687
vn -0.4515 0.1452 0.8804
vn -0.4819 0.1024 0.8702
vn -0.4321 0.0053 0.9018
vn -0.3490 0.2280 0.9090
vn -0.3771 0.1474 0.9144
vn -0.3625 0.0778 0.9287
vn -0.3040 0.0598 0.9508
vn -0.3204 0.1971 0.9265
vn -0.4462 0.1373 0.8843
vn -0.4297 0.0717 0.9001
vn -0.1489 0.0440 0.9879
vn -0.1757 0.1805 0.9678
vn -0.2704 0.2325 0.9343
vn -0.4288 0.1882 0.8836
vn -0.5437 0.0886 0.8346
vn -0.2421 -0.0166 0.9701
vn -0.2649 0.0371 0.9636
vn -0.3457 -0.0088 0.9383
vn -0.3985 -0.0101 0.9171
vn -0.3989 0.0141 0.9169
vn -0.4895 -0.0024 0.8720
vn -0.4886 0.0215 0.8722
vn -0.4352 -0.0235 0.9000
vn -0.4628 -0.0593 0.8845
vn -0.4900 0.0002 0.8717
vn -0.5546 0.0533 0.8304
vn -0.6053 0.0973 0.7901
vn -0.4680 0.0505 0.8823
vn -0.3975 0.0422 0.9167
vn -0.4724 0.0971 0.8760
vn -0.4381 0.2067 0.8748
vn -0.3983 0.2457 0.8837
vn -0.4061 0.2918 0.8660
vn -0.4264 0.0146 0.9044
vn -0.4290 0.1192 0.8954
vn -0.5471 0.0712 0.8340
vn -0.5301 0.2665 0.8049
vn -0.4697 0.2301 0.8523
vn -0.5439 0.1873 0.8180
vn -0.5635 0.1167 0.8179
vn -0.4528 0.0047 0.8916
vn -0.4879 -0.0120 0.8728
vn -0.6155 0.1289 0.7775
vn -0.6708 0.1019 0.7346
vn -0.7002 0.0262 0.7134
vn -0.5597 0.0192 0.8285
vn -0.5590 -0.0104 0.8291
vn -0.5578 0.0633 0.8276
vn -0.5578 0.0635 0.8276
vn -0.6870 0.0162 0.7265
vn -0.5231 0.0549 0.8505
vn -0.5529 0.0025 0.8332
vn -0.6015 0.0116 0.7988
vn -0.6319 0.0164 0.7749
vn -0.4881 0.0087 0.8728
vn -0.4615 -0.0267 0.8867
vn -0.4739 -0.0116 0.8805
vn -0.5658 0.3218 0.7591
vn -0.6171 0.0519 0.7852
vn -0.6661 0.0395 0.7448
vn -0.6118 0.2146 0.7614
vn -0.5520 0.6555 0.5154
vn -0.7048 0.0348 0.7086
vn -0.6717 0.3166 0.6698
vn -0.7247 0.1798 0.6652
vn -0.6963 0.3478 0.6278
vn -0.6174 0.5336 0.5779
vn -0.0904 0.9955 0.0281
vn -0.5267 0.5649 0.6352
vn -0.6291 0.2486 0.7365
vn -0.6990 0.1231 0.7044
vn -0.7511 0.1582 0.6410
vn -0.2514 0.8872 0.3868
vn -0.7094 0.4205 0.5656
vn -0.3604 0.7828 0.5074
vn 0.5020 0.8645 -0.0248
vn 0.0010 1.0000 -0.0000
vn -0.0583 0.7533 0.6551
vn -0.5136 0.4413 0.7358
vn -0.6195 0.1093 0.7774
vn 0.4613 0.8679 -0.1844
vn 0.3230 0.9441 0.0656
vn -0.1747 0.9568 0.2326
vn -0.5616 0.5455 0.6221
vn -0.4407 0.8096 0.3878
vn -0.4444 0.0977 0.8905
vn -0.6443 0.2573 0.7202
vn 0.3433 0.9006 -0.2666
vn 0.2036 0.9715 -0.1212
vn 0.2073 0.9779 -0.0277
vn -0.0902 0.9810 0.1715
vn -0.4033 0.4982 0.7676
vn -0.3066 -0.0135 0.9518
vn -0.2823 -0.0424 0.9584
vn 0.7953 0.0354 -0.6052
vn -0.3153 -0.0658 0.9467
vn -0.2563 0.0062 0.9666
vn 0.4619 -0.0065 0.8869
vn 0.1742 -0.0192 0.9845
vn 0.1743 -0.0217 0.9844
vn 0.6558 0.0493 -0.7533
vn 0.5411 -0.0017 0.8409
vn 0.6562 0.0669 -0.7517
vn 0.2644 -0.0326 0.9639
vn 0.6477 -0.0134 -0.7618
vn 0.6862 0.0703 -0.7240
vn 0.8916 0.0438 -0.4508
vn 0.9833 0.0158 -0.1815
vn 0.9610 0.0111 0.2764
vn 0.7907 0.0110 0.6121
vn 0.6693 0.0303 -0.7423
vn 0.8853 0.0252 -0.4644
vn 0.9653 0.0098 -0.2610
vn 0.7615 0.0144 -0.6481
vn 0.9430 -0.0138 -0.3325
vn 0.9484 -0.0030 0.3170
vn 0.8257 -0.0096 0.5640
vn 0.7836 0.0122 -0.6211
vn 0.7000 0.0284 -0.7136
vn -0.2771 0.0325 0.9603
vn -0.2876 -0.0390 0.9569
vn 0.7036 0.0101 -0.7105
vn -0.2151 -0.0174 0.9764
vn 0.6100 -0.0254 -0.7920
vn 0.6143 -0.0134 -0.7890
vn 0.4580 -0.0017 0.8890
vn 0.2913 0.0079 0.9566
vn 0.5698 0.0176 -0.8216
vn 0.2375 -0.0093 0.9713
vn 0.5730 0.0229 -0.8192
vn 0.2962 -0.0114 0.9551
vn 0.5630 0.0229 0.8262
vn 0.8280 -0.0031 -0.5607
vn 0.9458 0.0173 -0.3242
vn 0.8256 -0.0094 0.5642
vn 0.5643 -0.0359 -0.8248
vn 0.9619 0.0044 0.2734
vn 0.9069 0.0198 -0.4208
vn 0.9624 -0.0066 0.2717
vn 0.4825 -0.0173 0.8757
vn 0.9017 0.0314 -0.4312
vn 0.9696 0.0609 -0.2371
vn 0.8613 -0.0096 0.5080
vn 0.9785 0.0740 0.1926
vn 0.9172 0.0374 0.3967
vn 0.4676 0.0240 0.8836
vn 0.9725 -0.0121 -0.2328
vn 0.9807 -0.0330 0.1928
vn 0.9201 0.0159 -0.3913
vn 0.8341 0.0427 0.5500
vn -0.2149 0.1007 0.9714
vn 0.7954 0.3650 -0.4838
vn 0.5928 0.6191 -0.5151
vn -0.1519 0.6189 0.7706
vn -0.2032 0.2184 0.9545
vn 0.5676 0.7483 -0.3433
vn 0.3227 0.9299 -0.1765
vn 0.1847 0.9775 -0.1017
vn 0.1446 0.9871 -0.0690
vn 0.1414 0.9892 0.0374
vn -0.2123 0.6653 0.7158
vn 0.5921 0.0815 -0.8017
vn 0.5563 0.1822 -0.8108
vn 0.6854 0.1374 0.7150
vn 0.3124 0.0834 0.9463
vn 0.6264 0.2727 -0.7303
vn 0.7417 0.4721 -0.4765
vn 0.5672 0.6924 -0.4460
vn 0.6874 0.6893 -0.2287
vn 0.6719 0.2391 0.7009
vn 0.4568 0.7395 0.4944
vn 0.1662 0.3107 0.9359
vn 0.6393 0.7595 -0.1206
vn 0.7965 0.5934 0.1160
vn 0.1023 0.9947 0.0086
vn 0.1662 0.8874 0.4301
vn 0.8646 0.1046 -0.4915
vn 0.9666 0.1189 -0.2271
vn 0.9799 0.1171 0.1617
vn 0.8210 0.2228 0.5257
vn 0.8433 0.2428 -0.4795
vn 0.9461 0.3130 -0.0838
vn 0.6654 0.7406 -0.0935
vn 0.9626 0.2257 0.1496
vn 0.6528 0.7540 0.0734
vn 0.6523 0.4067 0.6397
s 0
f 4//1 1//1 2//1
f 6//2 3//2 1//2
f 6//3 4//3 7//3
f 2//4 11//4 12//4
f 3//5 9//5 10//5
f 14//6 10//6 11//6
f 15//7 2//7 12//7
f 17//8 13//8 3//8
f 17//9 3//9 5//9
f 7//10 15//10 18//10
f 23//11 9//11 22//11
f 23//12 20//12 24//12
f 24//13 10//13 23//13
f 24//14 20//14 21//14
f 24//15 8//15 12//15
f 25//16 9//16 13//16
f 26//17 13//17 16//17
f 28//18 19//18 27//18
f 29//19 19//19 28//19
f 30//20 20//20 29//20
f 31//21 19//21 22//21
f 25//22 31//22 22//22
f 26//23 32//23 25//23
f 35//24 27//24 34//24
f 36//25 29//25 35//25
f 31//26 34//26 27//26
f 32//27 37//27 31//27
f 38//28 32//28 33//28
f 35//29 39//29 40//29
f 41//30 35//30 40//30
f 37//31 39//31 34//31
f 32//32 42//32 37//32
f 38//33 43//33 32//33
f 48//34 8//34 21//34
f 49//35 8//35 48//35
f 51//36 45//36 49//36
f 51//37 50//37 46//37
f 48//38 30//38 53//38
f 55//39 48//39 53//39
f 55//40 54//40 56//40
f 50//41 55//41 56//41
f 58//42 50//42 56//42
f 52//43 58//43 59//43
f 54//44 36//44 60//44
f 61//45 54//45 60//45
f 63//46 58//46 62//46
f 36//47 41//47 306//47
f 57//48 64//48 65//48
f 66//49 57//49 65//49
f 67//50 62//50 66//50
f 69//51 5//51 6//51
f 70//52 6//52 7//52
f 71//53 69//53 72//53
f 73//54 69//54 70//54
f 75//55 71//55 72//55
f 76//56 72//56 73//56
f 77//57 16//57 17//57
f 68//58 17//58 5//58
f 79//59 70//59 18//59
f 78//60 77//60 80//60
f 80//61 68//61 71//61
f 80//62 71//62 74//62
f 83//63 76//63 79//63
f 78//64 84//64 16//64
f 81//65 85//65 78//65
f 85//66 81//66 82//66
f 88//67 26//67 84//67
f 88//68 84//68 85//68
f 90//69 85//69 86//69
f 90//70 87//70 89//70
f 91//71 33//71 88//71
f 92//72 88//72 89//72
f 91//73 44//73 38//73
f 92//74 94//74 91//74
f 93//75 96//75 92//75
f 97//76 18//76 47//76
f 98//77 79//77 97//77
f 47//78 52//78 100//78
f 99//79 100//79 101//79
f 98//80 99//80 102//80
f 102//81 101//81 103//81
f 100//82 59//82 104//82
f 104//83 63//83 105//83
f 106//84 100//84 104//84
f 106//85 104//85 105//85
f 101//86 106//86 107//86
f 101//87 107//87 108//87
f 103//88 108//88 109//88
f 111//89 105//89 110//89
f 107//90 111//90 112//90
f 108//91 112//91 113//91
f 109//92 113//92 114//92
f 115//93 63//93 67//93
f 111//94 110//94 116//94
f 111//95 116//95 117//95
f 112//96 111//96 117//96
f 75//97 76//97 118//97
f 119//98 74//98 75//98
f 120//99 119//99 118//99
f 121//100 74//100 119//100
f 123//101 122//101 80//101
f 118//102 83//102 124//102
f 125//103 123//103 126//103
f 86//104 82//104 122//104
f 129//105 128//105 130//105
f 125//106 130//106 122//106
f 132//107 129//107 130//107
f 87//108 86//108 128//108
f 133//109 127//109 129//109
f 131//110 134//110 129//110
f 87//111 93//111 89//111
f 127//112 93//112 87//112
f 133//113 136//113 127//113
f 134//114 137//114 133//114
f 139//115 134//115 135//115
f 136//116 140//116 93//116
f 143//117 141//117 142//117
f 137//118 142//118 136//118
f 144//119 137//119 138//119
f 145//120 138//120 139//120
f 83//121 98//121 146//121
f 124//122 146//122 147//122
f 148//123 102//123 103//123
f 102//124 148//124 149//124
f 147//125 102//125 150//125
f 151//126 102//126 149//126
f 152//127 103//127 109//127
f 149//128 152//128 153//128
f 154//129 149//129 153//129
f 155//130 151//130 154//130
f 156//131 109//131 114//131
f 152//132 156//132 157//132
f 158//133 153//133 157//133
f 159//134 153//134 158//134
f 157//135 156//135 162//135
f 163//136 157//136 162//136
f 160//137 164//137 165//137
f 160//138 165//138 166//138
f 168//139 74//139 121//139
f 168//140 120//140 169//140
f 120//141 124//141 170//141
f 167//142 126//142 74//142
f 169//143 170//143 172//143
f 174//144 132//144 175//144
f 174//145 175//145 176//145
f 171//146 175//146 125//146
f 177//147 171//147 173//147
f 135//148 131//148 132//148
f 178//149 132//149 174//149
f 179//150 174//150 176//150
f 177//151 180//151 176//151
f 181//152 135//152 178//152
f 182//153 178//153 179//153
f 180//154 182//154 179//154
f 181//155 185//155 139//155
f 186//156 181//156 182//156
f 187//157 182//157 183//157
f 184//158 188//158 183//158
f 189//159 170//159 147//159
f 150//160 151//160 190//160
f 191//161 147//161 150//161
f 191//162 190//162 192//162
f 193//163 191//163 192//163
f 194//164 189//164 191//164
f 195//165 191//165 193//165
f 196//166 151//166 155//166
f 197//167 190//167 196//167
f 193//168 198//168 199//168
f 193//169 199//169 200//169
f 200//170 199//170 201//170
f 202//171 155//171 160//171
f 197//172 202//172 203//172
f 204//173 197//173 203//173
f 198//174 204//174 205//174
f 206//175 198//175 205//175
f 201//176 206//176 207//176
f 203//177 202//177 166//177
f 209//178 203//178 208//178
f 205//179 209//179 210//179
f 206//180 205//180 211//180
f 212//181 206//181 211//181
f 214//182 167//182 168//182
f 215//183 168//183 169//183
f 216//184 214//184 217//184
f 217//185 215//185 218//185
f 219//186 217//186 220//186
f 221//187 217//187 218//187
f 213//188 126//188 167//188
f 173//189 126//189 222//189
f 216//190 222//190 213//190
f 224//191 223//191 222//191
f 224//192 216//192 219//192
f 226//193 173//193 223//193
f 225//194 229//194 223//194
f 228//195 177//195 226//195
f 232//196 229//196 227//196
f 228//197 184//197 177//197
f 226//198 230//198 228//198
f 230//199 226//199 229//199
f 229//200 231//200 230//200
f 234//201 228//201 230//201
f 230//202 231//202 235//202
f 236//203 231//203 232//203
f 218//204 189//204 237//204
f 238//205 194//205 195//205
f 239//206 194//206 238//206
f 195//207 200//207 240//207
f 240//208 201//208 207//208
f 240//209 207//209 241//209
f 238//210 240//210 242//210
f 243//211 239//211 242//211
f 241//212 244//212 245//212
f 241//213 246//213 242//213
f 242//214 246//214 247//214
f 247//215 246//215 248//215
f 247//216 248//216 249//216
f 250//217 243//217 247//217
f 245//218 244//218 212//218
f 246//219 245//219 251//219
f 249//220 248//220 252//220
f 253//221 220//221 254//221
f 255//222 220//222 221//222
f 256//223 224//223 253//223
f 253//224 224//224 219//224
f 257//225 253//225 254//225
f 256//226 253//226 259//226
f 259//227 257//227 260//227
f 261//228 254//228 255//228
f 255//229 258//229 261//229
f 262//230 261//230 263//230
f 264//231 225//231 256//231
f 266//232 256//232 259//232
f 267//233 259//233 260//233
f 268//234 267//234 269//234
f 262//235 267//235 260//235
f 270//236 262//236 263//236
f 271//237 227//237 264//237
f 265//238 271//238 264//238
f 273//239 265//239 266//239
f 274//240 273//240 268//240
f 268//241 273//241 266//241
f 275//242 268//242 269//242
f 270//243 275//243 269//243
f 278//244 271//244 272//244
f 274//245 278//245 272//245
f 280//246 274//246 268//246
f 275//247 280//247 268//247
f 281//248 275//248 276//248
f 277//249 236//249 232//249
f 278//250 282//250 277//250
f 279//251 283//251 278//251
f 280//252 284//252 279//252
f 281//253 285//253 280//253
f 287//254 258//254 237//254
f 263//255 287//255 288//255
f 237//256 239//256 289//256
f 287//257 237//257 290//257
f 290//258 289//258 291//258
f 288//259 270//259 263//259
f 288//260 290//260 292//260
f 293//261 290//261 291//261
f 289//262 243//262 294//262
f 295//263 289//263 294//263
f 296//264 294//264 250//264
f 292//265 276//265 270//265
f 293//266 297//266 292//266
f 296//267 298//267 295//267
f 297//268 281//268 276//268
f 293//269 299//269 297//269
f 293//270 298//270 300//270
f 301//271 249//271 252//271
f 296//272 301//272 302//272
f 299//273 286//273 281//273
f 300//274 298//274 303//274
f 304//275 298//275 302//275
f 40//276 39//276 305//276
f 41//277 40//277 305//277
f 308//278 39//278 307//278
f 309//279 42//279 43//279
f 44//280 309//280 43//280
f 41//281 310//281 311//281
f 308//282 310//282 305//282
f 309//283 312//283 307//283
f 314//284 309//284 376//284
f 308//285 312//285 317//285
f 308//286 315//286 310//286
f 318//287 312//287 313//287
f 319//288 318//288 313//288
f 311//289 321//289 322//289
f 316//290 322//290 323//290
f 317//291 321//291 315//291
f 325//292 321//292 324//292
f 318//293 324//293 317//293
f 325//294 324//294 327//294
f 325//295 326//295 322//295
f 320//296 328//296 318//296
f 323//297 330//297 331//297
f 327//298 330//298 326//298
f 333//299 330//299 332//299
f 334//300 327//300 328//300
f 329//301 334//301 328//301
f 334//302 336//302 332//302
f 335//303 337//303 334//303
f 339//304 331//304 333//304
f 341//305 336//305 337//305
f 338//306 341//306 337//306
f 64//307 342//307 343//307
f 65//308 64//308 343//308
f 67//309 66//309 413//309
f 343//310 342//310 345//310
f 346//311 343//311 345//311
f 348//312 306//312 316//312
f 345//313 348//313 349//313
f 346//314 345//314 349//314
f 346//315 350//315 351//315
f 344//316 346//316 351//316
f 347//317 344//317 351//317
f 348//318 316//318 355//318
f 349//319 348//319 355//319
f 347//320 353//320 354//320
f 352//321 347//321 354//321
f 350//322 356//322 357//322
f 358//323 323//323 331//323
f 367//324 355//324 358//324
f 356//325 355//325 367//325
f 357//326 356//326 359//326
f 353//327 359//327 360//327
f 354//328 360//328 361//328
f 362//329 354//329 361//329
f 359//330 356//330 363//330
f 360//331 363//331 364//331
f 361//332 360//332 364//332
f 362//333 361//333 366//333
f 367//334 331//334 340//334
f 356//335 367//335 368//335
f 363//336 368//336 369//336
f 371//337 363//337 369//337
f 371//338 370//338 372//338
f 365//339 371//339 372//339
f 373//340 365//340 372//340
f 366//341 373//341 375//341
f 94//342 376//342 44//342
f 377//343 381//343 376//343
f 95//344 377//344 94//344
f 378//345 95//345 96//345
f 381//346 314//346 376//346
f 378//347 381//347 377//347
f 379//348 382//348 378//348
f 319//349 314//349 380//349
f 385//350 380//350 382//350
f 383//351 386//351 382//351
f 384//352 386//352 383//352
f 387//353 319//353 385//353
f 386//354 387//354 385//354
f 390//355 386//355 384//355
f 389//356 388//356 390//356
f 387//357 391//357 320//357
f 394//358 387//358 388//358
f 389//359 395//359 388//359
f 391//360 335//360 329//360
f 392//361 397//361 391//361
f 393//362 398//362 392//362
f 399//363 393//363 394//363
f 395//364 399//364 394//364
f 401//365 395//365 396//365
f 397//366 338//366 335//366
f 403//367 397//367 398//367
f 399//368 404//368 398//368
f 407//369 401//369 402//369
f 403//370 408//370 338//370
f 410//371 403//371 404//371
f 405//372 410//372 404//372
f 410//373 405//373 406//373
f 407//374 412//374 406//374
f 115//375 67//375 413//375
f 414//376 115//376 413//376
f 415//377 115//377 414//377
f 417//378 112//378 416//378
f 117//379 418//379 419//379
f 420//380 413//380 352//380
f 416//381 419//381 421//381
f 424//382 417//382 421//382
f 426//383 420//383 352//383
f 422//384 420//384 426//384
f 424//385 427//385 428//385
f 426//386 352//386 362//386
f 429//387 422//387 426//387
f 430//388 422//388 429//388
f 427//389 423//389 430//389
f 428//390 431//390 432//390
f 433//391 366//391 436//391
f 426//392 433//392 434//392
f 430//393 429//393 434//393
f 428//394 435//394 431//394
f 434//395 436//395 437//395
f 435//396 437//396 439//396
f 431//397 439//397 440//397
f 441//398 96//398 140//398
f 142//399 141//399 442//399
f 442//400 140//400 142//400
f 144//401 444//401 143//401
f 145//402 445//402 144//402
f 384//403 379//403 441//403
f 447//404 384//404 448//404
f 448//405 441//405 442//405
f 449//406 442//406 443//406
f 444//407 449//407 443//407
f 445//408 450//408 444//408
f 446//409 451//409 445//409
f 454//410 453//410 447//410
f 449//411 454//411 448//411
f 450//412 455//412 449//412
f 451//413 456//413 450//413
f 459//414 451//414 452//414
f 390//415 384//415 447//415
f 460//416 453//416 454//416
f 455//417 460//417 454//417
f 456//418 461//418 455//418
f 464//419 462//419 457//419
f 464//420 463//420 462//420
f 465//421 457//421 458//421
f 453//422 396//422 389//422
f 468//423 453//423 460//423
f 468//424 460//424 461//424
f 463//425 468//425 461//425
f 470//426 463//426 464//426
f 402//427 401//427 467//427
f 471//428 467//428 469//428
f 469//429 472//429 477//429
f 470//430 472//430 469//430
f 477//431 472//431 473//431
f 473//432 470//432 466//432
f 471//433 474//433 402//433
f 475//434 471//434 477//434
f 475//435 480//435 474//435
f 656//436 476//436 477//436
f 478//437 656//437 477//437
f 114//438 417//438 161//438
f 156//439 161//439 482//439
f 162//440 156//440 482//440
f 158//441 483//441 484//441
f 165//442 484//442 485//442
f 486//443 165//443 485//443
f 482//444 487//444 488//444
f 484//445 483//445 489//445
f 490//446 484//446 489//446
f 491//447 417//447 424//447
f 492//448 488//448 491//448
f 483//449 492//449 493//449
f 494//450 483//450 493//450
f 490//451 494//451 495//451
f 491//452 425//452 496//452
f 492//453 496//453 497//453
f 498//454 492//454 497//454
f 499//455 493//455 498//455
f 500//456 494//456 499//456
f 432//457 425//457 428//457
f 496//458 425//458 432//458
f 500//459 502//459 503//459
f 497//460 504//460 505//460
f 501//461 498//461 505//461
f 502//462 499//462 506//462
f 508//463 432//463 431//463
f 509//464 504//464 508//464
f 510//465 505//465 509//465
f 506//466 510//466 511//466
f 512//467 506//467 511//467
f 507//468 512//468 514//468
f 515//469 508//469 440//469
f 516//470 508//470 515//470
f 517//471 509//471 516//471
f 511//472 517//472 518//472
f 519//473 511//473 518//473
f 520//474 513//474 514//474
f 520//475 512//475 519//475
f 521//476 339//476 336//476
f 341//477 521//477 336//477
f 524//478 339//478 523//478
f 521//479 523//479 339//479
f 522//480 525//480 341//480
f 524//481 526//481 527//481
f 528//482 523//482 521//482
f 525//483 528//483 521//483
f 527//484 530//484 531//484
f 528//485 530//485 526//485
f 532//486 528//486 529//486
f 530//487 534//487 535//487
f 532//488 534//488 528//488
f 536//489 532//489 533//489
f 535//490 534//490 538//490
f 535//491 537//491 531//491
f 540//492 534//492 539//492
f 542//493 537//493 538//493
f 540//494 542//494 538//494
f 543//495 539//495 536//495
f 545//496 542//496 540//496
f 543//497 545//497 540//497
f 367//498 340//498 547//498
f 548//499 367//499 547//499
f 370//500 548//500 549//500
f 551//501 370//501 549//501
f 551//502 550//502 552//502
f 553//503 372//503 551//503
f 549//504 548//504 554//504
f 550//505 554//505 555//505
f 552//506 555//506 556//506
f 558//507 552//507 556//507
f 558//508 557//508 559//508
f 560//509 553//509 558//509
f 560//510 558//510 559//510
f 547//511 527//511 561//511
f 554//512 547//512 561//512
f 555//513 554//513 562//513
f 556//514 562//514 563//514
f 561//515 527//515 531//515
f 565//516 554//516 564//516
f 562//517 565//517 566//517
f 563//518 566//518 567//518
f 568//519 563//519 567//519
f 569//520 557//520 568//520
f 560//521 569//521 570//521
f 561//522 531//522 571//522
f 564//523 571//523 572//523
f 566//524 565//524 573//524
f 567//525 566//525 573//525
f 567//526 574//526 575//526
f 568//527 567//527 575//527
f 577//528 568//528 575//528
f 577//529 576//529 578//529
f 570//530 577//530 579//530
f 579//531 578//531 580//531
f 565//532 572//532 581//532
f 574//533 581//533 582//533
f 584//534 574//534 582//534
f 584//535 583//535 585//535
f 576//536 584//536 585//536
f 586//537 576//537 585//537
f 580//538 586//538 587//538
f 571//539 541//539 588//539
f 582//540 597//540 590//540
f 583//541 590//541 591//541
f 592//542 583//542 591//542
f 593//543 585//543 592//543
f 588//544 541//544 594//544
f 588//545 594//545 595//545
f 596//546 588//546 595//546
f 581//547 589//547 597//547
f 591//548 598//548 599//548
f 544//549 594//549 541//549
f 601//550 594//550 600//550
f 602//551 544//551 545//551
f 603//552 545//552 546//552
f 606//553 409//553 410//553
f 411//554 606//554 410//554
f 412//555 411//555 410//555
f 605//556 522//556 408//556
f 605//557 408//557 409//557
f 607//558 606//558 411//558
f 604//559 607//559 411//559
f 479//560 608//560 604//560
f 533//561 525//561 609//561
f 609//562 605//562 606//562
f 607//563 610//563 606//563
f 611//564 607//564 608//564
f 613//565 612//565 611//565
f 610//566 614//566 609//566
f 616//567 610//567 611//567
f 612//568 616//568 611//568
f 617//569 533//569 614//569
f 615//570 617//570 614//570
f 618//571 615//571 616//571
f 612//572 619//572 616//572
f 620//573 617//573 618//573
f 619//574 622//574 618//574
f 626//575 621//575 622//575
f 624//576 546//576 620//576
f 624//577 603//577 546//577
f 627//578 624//578 625//578
f 628//579 625//579 626//579
f 437//580 630//580 633//580
f 438//581 437//581 633//581
f 375//582 560//582 632//582
f 633//583 630//583 632//583
f 633//584 632//584 635//584
f 634//585 635//585 636//585
f 637//586 632//586 570//586
f 635//587 637//587 638//587
f 636//588 635//588 639//588
f 639//589 635//589 638//589
f 631//590 636//590 640//590
f 637//591 580//591 641//591
f 638//592 637//592 642//592
f 643//593 638//593 642//593
f 644//594 639//594 643//594
f 636//595 639//595 644//595
f 645//596 642//596 641//596
f 646//597 643//597 642//597
f 646//598 645//598 647//598
f 701//599 648//599 646//599
f 868//600 580//600 587//600
f 647//601 649//601 646//601
f 627//602 651//602 624//602
f 654//603 479//603 474//603
f 480//604 654//604 474//604
f 476//605 655//605 481//605
f 657//606 480//606 655//606
f 656//607 657//607 655//607
f 654//608 660//608 613//608
f 657//609 661//609 654//609
f 658//610 662//610 657//610
f 659//611 662//611 658//611
f 662//612 665//612 661//612
f 659//613 667//613 662//613
f 660//614 619//614 612//614
f 663//615 669//615 619//615
f 670//616 663//616 664//616
f 671//617 664//617 665//617
f 671//618 665//618 666//618
f 667//619 671//619 666//619
f 668//620 671//620 667//620
f 673//621 623//621 669//621
f 674//622 669//622 670//622
f 671//623 675//623 670//623
f 676//624 671//624 672//624
f 629//625 626//625 673//625
f 676//626 677//626 675//626
f 517//627 516//627 680//627
f 518//628 680//628 683//628
f 684//629 518//629 683//629
f 681//630 519//630 684//630
f 515//631 679//631 682//631
f 681//632 684//632 685//632
f 515//633 682//633 686//633
f 516//634 686//634 687//634
f 680//635 687//635 688//635
f 689//636 683//636 688//636
f 689//637 688//637 690//637
f 694//638 689//638 690//638
f 691//639 640//639 644//639
f 686//640 640//640 692//640
f 687//641 686//641 692//641
f 693//642 688//642 687//642
f 690//643 693//643 695//643
f 696//644 694//644 695//644
f 691//645 648//645 697//645
f 687//646 692//646 698//646
f 700//647 693//647 698//647
f 700//648 699//648 1293//648
f 692//649 701//649 703//649
f 704//650 701//650 702//650
f 705//651 674//651 675//651
f 703//652 704//652 706//652
f 698//653 703//653 707//653
f 709//654 699//654 707//654
f 702//655 653//655 712//655
f 674//656 711//656 629//656
f 704//657 702//657 712//657
f 707//658 706//658 713//658
f 710//659 713//659 715//659
f 596//660 716//660 717//660
f 589//661 717//661 718//661
f 597//662 718//662 719//662
f 598//663 719//663 720//663
f 599//664 598//664 720//664
f 601//665 721//665 722//665
f 601//666 716//666 595//666
f 723//667 716//667 722//667
f 602//668 721//668 600//668
f 724//669 721//669 602//669
f 718//670 725//670 726//670
f 719//671 726//671 727//671
f 723//672 728//672 729//672
f 723//673 725//673 717//673
f 730//674 725//674 729//674
f 724//675 728//675 722//675
f 731//676 728//676 724//676
f 732//677 724//677 603//677
f 727//678 733//678 734//678
f 735//679 727//679 734//679
f 736//680 719//680 735//680
f 730//681 737//681 738//681
f 730//682 733//682 726//682
f 739//683 733//683 738//683
f 731//684 737//684 729//684
f 741//685 731//685 732//685
f 741//686 740//686 737//686
f 735//687 743//687 744//687
f 745//688 735//688 744//688
f 755//689 736//689 745//689
f 739//690 746//690 747//690
f 739//691 743//691 734//691
f 740//692 746//692 738//692
f 749//693 746//693 748//693
f 742//694 748//694 740//694
f 744//695 750//695 751//695
f 745//696 744//696 751//696
f 747//697 750//697 743//697
f 753//698 750//698 752//698
f 749//699 752//699 747//699
f 745//700 754//700 755//700
f 753//701 756//701 757//701
f 753//702 754//702 751//702
f 749//703 756//703 752//703
f 759//704 749//704 748//704
f 755//705 760//705 761//705
f 757//706 760//706 754//706
f 763//707 760//707 762//707
f 758//708 762//708 757//708
f 759//709 764//709 758//709
f 755//710 765//710 766//710
f 763//711 767//711 768//711
f 763//712 765//712 761//712
f 769//713 765//713 768//713
f 764//714 767//714 762//714
f 770//715 767//715 764//715
f 772//716 603//716 651//716
f 773//717 652//717 628//717
f 773//718 777//718 652//718
f 775//719 732//719 772//719
f 627//720 776//720 651//720
f 652//721 776//721 627//721
f 652//722 777//722 776//722
f 741//723 732//723 775//723
f 779//724 742//724 741//724
f 780//725 775//725 776//725
f 780//726 776//726 777//726
f 782//727 780//727 778//727
f 779//728 783//728 742//728
f 781//729 784//729 779//729
f 786//730 781//730 782//730
f 784//731 787//731 783//731
f 788//732 784//732 789//732
f 785//733 789//733 784//733
f 786//734 789//734 785//734
f 791//735 790//735 789//735
f 787//736 759//736 748//736
f 793//737 787//737 788//737
f 794//738 788//738 790//738
f 791//739 795//739 790//739
f 793//740 796//740 792//740
f 798//741 796//741 797//741
f 799//742 793//742 794//742
f 795//743 799//743 794//743
f 771//744 764//744 759//744
f 796//745 771//745 759//745
f 798//746 803//746 796//746
f 805//747 797//747 804//747
f 804//748 799//748 800//748
f 801//749 804//749 800//749
f 773//750 628//750 629//750
f 711//751 773//751 629//751
f 806//752 773//752 711//752
f 807//753 674//753 705//753
f 808//754 812//754 807//754
f 808//755 705//755 708//755
f 809//756 708//756 677//756
f 678//757 809//757 677//757
f 778//758 777//758 774//758
f 812//759 806//759 807//759
f 810//760 813//760 808//760
f 814//761 813//761 810//761
f 811//762 814//762 810//762
f 782//763 778//763 816//763
f 816//764 778//764 806//764
f 817//765 806//765 812//765
f 817//766 782//766 816//766
f 813//767 817//767 812//767
f 814//768 818//768 813//768
f 820//769 814//769 815//769
f 821//770 782//770 818//770
f 822//771 818//771 819//771
f 821//772 791//772 786//772
f 822//773 823//773 821//773
f 820//774 825//774 822//774
f 829//775 824//775 825//775
f 826//776 829//776 825//776
f 800//777 795//777 827//777
f 802//778 800//778 830//778
f 832//779 827//779 828//779
f 832//780 831//780 830//780
f 833//781 828//781 824//781
f 829//782 833//782 824//782
f 835//783 833//783 834//783
f 834//784 829//784 826//784
f 831//785 836//785 802//785
f 838//786 832//786 833//786
f 856//787 838//787 835//787
f 769//788 840//788 841//788
f 769//789 839//789 766//789
f 770//790 840//790 768//790
f 843//791 840//791 842//791
f 771//792 842//792 770//792
f 843//793 845//793 841//793
f 846//794 842//794 771//794
f 846//795 771//795 847//795
f 797//796 847//796 803//796
f 805//797 847//797 797//797
f 849//798 805//798 804//798
f 850//799 805//799 849//799
f 849//800 804//800 801//800
f 802//801 851//801 801//801
f 853//802 852//802 854//802
f 854//803 850//803 849//803
f 836//804 851//804 802//804
f 855//805 851//805 836//805
f 855//806 836//806 837//806
f 858//807 855//807 837//807
f 856//808 858//808 837//808
f 857//809 858//809 856//809
f 857//810 859//810 858//810
f 862//811 586//811 593//811
f 861//812 599//812 863//812
f 864//813 861//813 863//813
f 865//814 592//814 864//814
f 865//815 864//815 866//815
f 867//816 865//816 866//816
f 868//817 587//817 862//817
f 647//818 869//818 650//818
f 868//819 867//819 870//819
f 869//820 870//820 872//820
f 872//821 871//821 915//821
f 873//822 650//822 872//822
f 653//823 873//823 918//823
f 653//824 918//824 920//824
f 712//825 653//825 920//825
f 715//826 713//826 874//826
f 863//827 599//827 875//827
f 877//828 863//828 875//828
f 877//829 876//829 864//829
f 875//830 720//830 879//830
f 866//831 880//831 882//831
f 878//832 882//832 883//832
f 876//833 736//833 884//833
f 880//834 884//834 885//834
f 887//835 736//835 755//835
f 884//836 887//836 888//836
f 885//837 884//837 888//837
f 885//838 889//838 890//838
f 881//839 885//839 890//839
f 891//840 881//840 890//840
f 886//841 882//841 891//841
f 889//842 892//842 893//842
f 890//843 889//843 893//843
f 892//844 895//844 896//844
f 893//845 896//845 897//845
f 899//846 893//846 897//846
f 899//847 898//847 900//847
f 894//848 899//848 900//848
f 901//849 894//849 900//849
f 903//850 896//850 902//850
f 901//851 904//851 906//851
f 907//852 755//852 766//852
f 902//853 895//853 907//853
f 903//854 902//854 908//854
f 898//855 908//855 909//855
f 910//856 898//856 909//856
f 905//857 910//857 911//857
f 912//858 905//858 911//858
f 871//859 878//859 913//859
f 915//860 913//860 914//860
f 917//861 872//861 915//861
f 873//862 917//862 918//862
f 918//863 917//863 919//863
f 925//864 913//864 883//864
f 921//865 914//865 925//865
f 916//866 921//866 922//866
f 923//867 916//867 922//867
f 924//868 917//868 923//868
f 924//869 923//869 922//869
f 927//870 922//870 926//870
f 929//871 921//871 928//871
f 927//872 926//872 931//872
f 927//873 931//873 930//873
f 928//874 906//874 933//874
f 934//875 933//875 935//875
f 712//876 920//876 919//876
f 939//877 919//877 924//877
f 936//878 939//878 940//878
f 714//879 941//879 942//879
f 944//880 714//880 942//880
f 945//881 944//881 943//881
f 939//882 927//882 946//882
f 940//883 947//883 937//883
f 940//884 946//884 948//884
f 942//885 941//885 947//885
f 942//886 948//886 949//886
f 943//887 942//887 949//887
f 945//888 949//888 950//888
f 951//889 946//889 930//889
f 952//890 948//890 951//890
f 950//891 952//891 953//891
f 951//892 930//892 954//892
f 955//893 951//893 954//893
f 952//894 955//894 956//894
f 952//895 956//895 957//895
f 958//896 952//896 957//896
f 956//897 955//897 957//897
f 959//898 932//898 934//898
f 960//899 955//899 959//899
f 959//900 935//900 961//900
f 960//901 962//901 963//901
f 963//902 962//902 961//902
f 964//903 907//903 839//903
f 965//904 902//904 964//904
f 909//905 965//905 966//905
f 967//906 839//906 841//906
f 910//907 966//907 968//907
f 969//908 910//908 968//908
f 970//909 911//909 969//909
f 964//910 971//910 972//910
f 973//911 964//911 972//911
f 974//912 965//912 973//912
f 967//913 845//913 975//913
f 967//914 971//914 839//914
f 976//915 971//915 975//915
f 977//916 972//916 976//916
f 977//917 974//917 973//917
f 968//918 974//918 978//918
f 979//919 968//919 978//919
f 980//920 845//920 843//920
f 981//921 979//921 978//921
f 970//922 979//922 982//922
f 983//923 843//923 844//923
f 984//924 982//924 981//924
f 976//925 985//925 986//925
f 977//926 986//926 987//926
f 988//927 977//927 987//927
f 980//928 985//928 975//928
f 990//929 985//929 989//929
f 990//930 987//930 986//930
f 991//931 988//931 987//931
f 981//932 988//932 992//932
f 989//933 980//933 983//933
f 993//934 991//934 990//934
f 994//935 992//935 991//935
f 984//936 992//936 995//936
f 996//937 984//937 995//937
f 997//938 912//938 970//938
f 933//939 997//939 998//939
f 983//940 844//940 846//940
f 999//941 970//941 982//941
f 1000//942 846//942 848//942
f 850//943 1000//943 848//943
f 1001//944 997//944 999//944
f 1002//945 850//945 854//945
f 1002//946 854//946 852//946
f 998//947 1001//947 1003//947
f 993//948 989//948 1004//948
f 1006//949 994//949 1005//949
f 1006//950 996//950 995//950
f 1004//951 983//951 1000//951
f 1007//952 1005//952 993//952
f 1007//953 1004//953 1008//953
f 1010//954 1005//954 1009//954
f 1010//955 996//955 1006//955
f 1011//956 999//956 996//956
f 1012//957 1009//957 1007//957
f 1008//958 1000//958 1002//958
f 1014//959 1010//959 1013//959
f 1003//960 1011//960 1014//960
f 935//961 998//961 1015//961
f 961//962 1015//962 1016//962
f 1017//963 961//963 1016//963
f 855//964 1002//964 852//964
f 858//965 1018//965 855//965
f 1015//966 1003//966 1019//966
f 859//967 1018//967 858//967
f 1017//968 1019//968 1021//968
f 1022//969 859//969 860//969
f 1018//970 1008//970 1002//970
f 1023//971 1012//971 1008//971
f 1025//972 1012//972 1024//972
f 1026//973 1009//973 1025//973
f 1026//974 1014//974 1013//974
f 1027//975 1019//975 1014//975
f 1028//976 1025//976 1024//976
f 1028//977 1023//977 1029//977
f 1029//978 1018//978 859//978
f 1030//979 1026//979 1025//979
f 1027//980 1026//980 1031//980
f 1027//981 1020//981 1021//981
f 1022//982 1029//982 859//982
f 1022//983 1028//983 1029//983
f 1032//984 1030//984 1028//984
f 1033//985 1020//985 1031//985
f 185//986 446//986 145//986
f 186//987 1034//987 185//987
f 187//988 1035//988 186//988
f 1036//989 187//989 188//989
f 1038//990 446//990 1034//990
f 1038//991 459//991 452//991
f 1038//992 1034//992 1035//992
f 1040//993 1039//993 1038//993
f 1036//994 1040//994 1035//994
f 1042//995 1036//995 1037//995
f 1043//996 1040//996 1042//996
f 1045//997 459//997 1039//997
f 1041//998 1045//998 1039//998
f 1043//999 1046//999 1041//999
f 1048//1000 458//1000 459//1000
f 1048//1001 466//1001 465//1001
f 1044//1002 1048//1002 459//1002
f 1050//1003 1048//1003 1049//1003
f 1049//1004 1044//1004 1045//1004
f 1052//1005 1051//1005 1049//1005
f 1046//1006 1052//1006 1045//1006
f 1053//1007 1061//1007 1052//1007
f 1047//1008 1053//1008 1046//1008
f 1056//1009 1053//1009 1047//1009
f 1050//1010 1057//1010 1048//1010
f 1060//1011 1050//1011 1051//1011
f 1060//1012 1059//1012 1058//1012
f 1062//1013 1060//1013 1061//1013
f 1054//1014 1062//1014 1061//1014
f 1054//1015 1055//1015 1063//1015
f 1057//1016 473//1016 466//1016
f 1067//1017 1057//1017 1058//1017
f 1067//1018 1066//1018 1065//1018
f 1059//1019 1067//1019 1058//1019
f 1069//1020 1059//1020 1062//1020
f 1070//1021 1062//1021 1063//1021
f 1064//1022 1070//1022 1063//1022
f 478//1023 473//1023 1065//1023
f 1066//1024 478//1024 1065//1024
f 1074//1025 1068//1025 1069//1025
f 1070//1026 1073//1026 1072//1026
f 1076//1027 1070//1027 1071//1027
f 1072//1028 1075//1028 1074//1028
f 1073//1029 1075//1029 1072//1029
f 1077//1030 166//1030 486//1030
f 209//1031 1077//1031 1078//1031
f 210//1032 1079//1032 211//1032
f 210//1033 1078//1033 1080//1033
f 1081//1034 211//1034 1079//1034
f 1082//1035 486//1035 490//1035
f 1077//1036 1082//1036 1088//1036
f 1078//1037 1088//1037 1083//1037
f 1080//1038 1083//1038 1085//1038
f 1080//1039 1085//1039 1079//1039
f 1086//1040 1079//1040 1085//1040
f 1087//1041 490//1041 495//1041
f 1082//1042 1087//1042 1088//1042
f 1083//1043 1089//1043 1091//1043
f 1091//1044 1084//1044 1085//1044
f 1086//1045 1084//1045 1092//1045
f 1087//1046 500//1046 1093//1046
f 1095//1047 1087//1047 1093//1047
f 1090//1048 1095//1048 1094//1048
f 1090//1049 1089//1049 1095//1049
f 1096//1050 1091//1050 1098//1050
f 1093//1051 503//1051 1097//1051
f 1094//1052 1093//1052 1097//1052
f 1100//1053 503//1053 507//1053
f 1094//1054 1100//1054 1101//1054
f 1099//1055 1098//1055 1101//1055
f 1103//1056 1099//1056 1102//1056
f 1100//1057 507//1057 514//1057
f 1104//1058 1100//1058 513//1058
f 1101//1059 1100//1059 1105//1059
f 1106//1060 1101//1060 1105//1060
f 1102//1061 1106//1061 1107//1061
f 1102//1062 1101//1062 1106//1062
f 1108//1063 1102//1063 1107//1063
f 1109//1064 513//1064 520//1064
f 1104//1065 513//1065 1110//1065
f 1111//1066 1106//1066 1110//1066
f 1107//1067 1111//1067 1112//1067
f 1113//1068 1108//1068 1112//1068
f 1037//1069 188//1069 233//1069
f 234//1070 1115//1070 1114//1070
f 235//1071 1117//1071 234//1071
f 236//1072 1117//1072 235//1072
f 1118//1073 1037//1073 1114//1073
f 1118//1074 1043//1074 1042//1074
f 1115//1075 1118//1075 1114//1075
f 1116//1076 1119//1076 1115//1076
f 1117//1077 1120//1077 1116//1077
f 1122//1078 1117//1078 236//1078
f 1123//1079 1043//1079 1119//1079
f 1120//1080 1124//1080 1119//1080
f 1121//1081 1124//1081 1120//1081
f 1126//1082 1125//1082 1124//1082
f 1128//1083 1126//1083 1129//1083
f 1129//1084 1121//1084 1122//1084
f 1130//1085 1047//1085 1123//1085
f 1124//1086 1130//1086 1123//1086
f 1130//1087 1056//1087 1047//1087
f 1064//1088 1055//1088 1130//1088
f 1127//1089 1133//1089 1125//1089
f 1128//1090 1133//1090 1127//1090
f 1138//1091 1133//1091 1134//1091
f 1132//1092 1134//1092 1128//1092
f 1136//1093 1064//1093 1131//1093
f 1133//1094 1136//1094 1131//1094
f 1138//1095 1137//1095 1133//1095
f 1140//1096 1134//1096 1135//1096
f 1141//1097 1071//1097 1136//1097
f 1142//1098 1136//1098 1137//1098
f 1143//1099 1137//1099 1138//1099
f 1139//1100 1143//1100 1138//1100
f 1145//1101 1141//1101 1142//1101
f 1146//1102 1142//1102 1143//1102
f 1139//1103 1146//1103 1143//1103
f 1140//1104 1147//1104 1139//1104
f 1148//1105 212//1105 1081//1105
f 251//1106 245//1106 1148//1106
f 252//1107 1149//1107 1150//1107
f 1151//1108 1148//1108 1086//1108
f 1149//1109 1151//1109 1152//1109
f 1150//1110 1152//1110 1153//1110
f 1151//1111 1092//1111 1154//1111
f 1155//1112 1151//1112 1154//1112
f 1156//1113 1152//1113 1155//1113
f 1092//1114 1096//1114 1157//1114
f 1154//1115 1157//1115 1158//1115
f 1162//1116 1154//1116 1158//1116
f 1159//1117 1155//1117 1162//1117
f 1160//1118 1096//1118 1099//1118
f 1161//1119 1096//1119 1160//1119
f 1158//1120 1157//1120 1161//1120
f 1164//1121 1099//1121 1103//1121
f 1165//1122 1161//1122 1164//1122
f 1158//1123 1165//1123 1166//1123
f 1163//1124 1166//1124 1167//1124
f 1164//1125 1108//1125 1168//1125
f 1165//1126 1168//1126 1169//1126
f 1166//1127 1169//1127 1170//1127
f 1166//1128 1170//1128 1171//1128
f 1172//1129 1166//1129 1171//1129
f 1173//1130 1108//1130 1113//1130
f 1174//1131 1168//1131 1173//1131
f 1169//1132 1174//1132 1175//1132
f 1171//1133 1175//1133 1176//1133
f 1171//1134 1176//1134 1178//1134
f 1179//1135 236//1135 282//1135
f 283//1136 1179//1136 282//1136
f 284//1137 1181//1137 1180//1137
f 1183//1138 285//1138 286//1138
f 1179//1139 1122//1139 236//1139
f 1185//1140 1179//1140 1180//1140
f 1181//1141 1185//1141 1180//1141
f 1186//1142 1181//1142 1182//1142
f 1183//1143 1186//1143 1182//1143
f 286//1144 1187//1144 1183//1144
f 1129//1145 1122//1145 1184//1145
f 1188//1146 1184//1146 1185//1146
f 1189//1147 1185//1147 1181//1147
f 1186//1148 1189//1148 1181//1148
f 1187//1149 1190//1149 1186//1149
f 1195//1150 1189//1150 1190//1150
f 1195//1151 1194//1151 1193//1151
f 1191//1152 1195//1152 1190//1152
f 1197//1153 1191//1153 1187//1153
f 1192//1154 1135//1154 1132//1154
f 1199//1155 1192//1155 1193//1155
f 1194//1156 1199//1156 1193//1156
f 1200//1157 1194//1157 1196//1157
f 1197//1158 1200//1158 1196//1158
f 1201//1159 1135//1159 1198//1159
f 1202//1160 1198//1160 1199//1160
f 1203//1161 1199//1161 1194//1161
f 1200//1162 1203//1162 1194//1162
f 1197//1163 1204//1163 1200//1163
f 1204//1164 1206//1164 1203//1164
f 1207//1165 1204//1165 1205//1165
f 1201//1166 1147//1166 1140//1166
f 1209//1167 1201//1167 1202//1167
f 1206//1168 1209//1168 1202//1168
f 1211//1169 1204//1169 1207//1169
f 1213//1170 299//1170 303//1170
f 304//1171 1213//1171 303//1171
f 1214//1172 1150//1172 1153//1172
f 1212//1173 1187//1173 286//1173
f 1215//1174 1213//1174 304//1174
f 304//1175 1214//1175 1215//1175
f 1214//1176 1156//1176 1217//1176
f 1213//1177 1218//1177 1212//1177
f 1215//1178 1216//1178 1219//1178
f 1215//1179 1214//1179 1217//1179
f 1220//1180 1216//1180 1217//1180
f 1220//1181 1156//1181 1159//1181
f 1218//1182 1197//1182 1187//1182
f 1222//1183 1218//1183 1219//1183
f 1220//1184 1167//1184 1223//1184
f 1220//1185 1159//1185 1163//1185
f 1224//1186 1197//1186 1221//1186
f 1225//1187 1221//1187 1222//1187
f 1225//1188 1216//1188 1223//1188
f 1224//1189 1205//1189 1197//1189
f 1225//1190 1227//1190 1224//1190
f 1225//1191 1226//1191 1228//1191
f 1230//1192 1167//1192 1172//1192
f 1227//1193 1207//1193 1205//1193
f 1228//1194 1230//1194 1231//1194
f 1228//1195 1226//1195 1230//1195
f 1229//1196 1172//1196 1178//1196
f 1233//1197 1207//1197 1231//1197
f 1233//1198 1230//1198 1232//1198
f 1066//1199 658//1199 656//1199
f 1074//1200 1234//1200 1066//1200
f 1075//1201 1235//1201 1074//1201
f 1234//1202 659//1202 658//1202
f 1236//1203 1237//1203 1235//1203
f 1237//1204 1234//1204 1235//1204
f 1240//1205 1237//1205 1238//1205
f 1234//1206 668//1206 659//1206
f 1239//1207 1240//1207 1244//1207
f 1245//1208 1244//1208 1240//1208
f 1241//1209 1245//1209 1240//1209
f 1245//1210 1246//1210 1244//1210
f 672//1211 668//1211 1242//1211
f 1243//1212 1248//1212 1242//1212
f 1244//1213 1248//1213 1243//1213
f 1249//1214 1244//1214 1246//1214
f 1250//1215 1246//1215 1247//1215
f 1252//1216 672//1216 1248//1216
f 1253//1217 1248//1217 1249//1217
f 1254//1218 1249//1218 1250//1218
f 1255//1219 1250//1219 1251//1219
f 678//1220 676//1220 1252//1220
f 1109//1221 681//1221 1256//1221
f 1110//1222 1109//1222 1257//1222
f 1258//1223 1111//1223 1257//1223
f 1112//1224 1258//1224 1259//1224
f 1260//1225 1112//1225 1259//1225
f 1261//1226 1256//1226 681//1226
f 1262//1227 1109//1227 1261//1227
f 1259//1228 1262//1228 1265//1228
f 1266//1229 1259//1229 1265//1229
f 1260//1230 1266//1230 1267//1230
f 681//1231 685//1231 1263//1231
f 1261//1232 681//1232 1263//1232
f 1262//1233 1264//1233 1265//1233
f 1261//1234 1263//1234 1269//1234
f 1264//1235 1269//1235 1270//1235
f 1275//1236 1264//1236 1270//1236
f 1265//1237 1275//1237 1271//1237
f 1272//1238 1265//1238 1271//1238
f 1273//1239 1266//1239 1272//1239
f 1273//1240 1272//1240 1271//1240
f 1268//1241 1273//1241 1274//1241
f 1263//1242 694//1242 696//1242
f 1269//1243 696//1243 1279//1243
f 1276//1244 1275//1244 1270//1244
f 1273//1245 1271//1245 1277//1245
f 1278//1246 1273//1246 1277//1246
f 696//1247 700//1247 1280//1247
f 1281//1248 1280//1248 1282//1248
f 1281//1249 1282//1249 1283//1249
f 1284//1250 1276//1250 1281//1250
f 1284//1251 1283//1251 1285//1251
f 1271//1252 1284//1252 1286//1252
f 1287//1253 1284//1253 1285//1253
f 1286//1254 1287//1254 1288//1254
f 1277//1255 1286//1255 1288//1255
f 1290//1256 1277//1256 1288//1256
f 1290//1257 1289//1257 1291//1257
f 1294//1258 709//1258 710//1258
f 1294//1259 1293//1259 709//1259
f 1296//1260 1252//1260 1253//1260
f 1282//1261 1280//1261 1293//1261
f 1282//1262 1294//1262 1297//1262
f 1298//1263 1282//1263 1297//1263
f 1299//1264 1298//1264 1297//1264
f 1300//1265 1253//1265 1254//1265
f 1301//1266 1285//1266 1299//1266
f 1287//1267 1301//1267 1289//1267
f 1302//1268 1254//1268 1255//1268
f 1292//1269 678//1269 1252//1269
f 1304//1270 710//1270 715//1270
f 1306//1271 1295//1271 1304//1271
f 1299//1272 1297//1272 1295//1272
f 1301//1273 1299//1273 1308//1273
f 1309//1274 1300//1274 1302//1274
f 1309//1275 1307//1275 1300//1275
f 1291//1276 1303//1276 1311//1276
f 1312//1277 1076//1277 1144//1277
f 1145//1278 1312//1278 1144//1278
f 1146//1279 1313//1279 1145//1279
f 1315//1280 1146//1280 1147//1280
f 1317//1281 1312//1281 1313//1281
f 1318//1282 1313//1282 1314//1282
f 1319//1283 1314//1283 1315//1283
f 1320//1284 1315//1284 1316//1284
f 1322//1285 1238//1285 1317//1285
f 1318//1286 1323//1286 1317//1286
f 1319//1287 1324//1287 1318//1287
f 1320//1288 1325//1288 1319//1288
f 1327//1289 1322//1289 1323//1289
f 1324//1290 1327//1290 1323//1290
f 1325//1291 1328//1291 1324//1291
f 1326//1292 1329//1292 1325//1292
f 1330//1293 1247//1293 1321//1293
f 1327//1294 1330//1294 1321//1294
f 1332//1295 1329//1295 1326//1295
f 1330//1296 1251//1296 1247//1296
f 1333//1297 1330//1297 1331//1297
f 1173//1298 1260//1298 1334//1298
f 1338//1299 1173//1299 1334//1299
f 1335//1300 1174//1300 1338//1300
f 1336//1301 1175//1301 1335//1301
f 1334//1302 1267//1302 1337//1302
f 1339//1303 1338//1303 1337//1303
f 1335//1304 1338//1304 1339//1304
f 1335//1305 1339//1305 1341//1305
f 1268//1306 1274//1306 1343//1306
f 1337//1307 1268//1307 1344//1307
f 1344//1308 1268//1308 1343//1308
f 1345//1309 1339//1309 1344//1309
f 1342//1310 1345//1310 1346//1310
f 1343//1311 1278//1311 1347//1311
f 1347//1312 1278//1312 1348//1312
f 1344//1313 1347//1313 1348//1313
f 1344//1314 1348//1314 1349//1314
f 1328//1315 1333//1315 1331//1315
f 1352//1316 1328//1316 1332//1316
f 1353//1317 1345//1317 1349//1317
f 1353//1318 1351//1318 1354//1318
f 1346//1319 1353//1319 1354//1319
f 1348//1320 1290//1320 1356//1320
f 1356//1321 1290//1321 1291//1321
f 1333//1322 1355//1322 1251//1322
f 1348//1323 1356//1323 1358//1323
f 1351//1324 1357//1324 1360//1324
f 1361//1325 1360//1325 1358//1325
f 1354//1326 1360//1326 1363//1326
f 1355//1327 1255//1327 1251//1327
f 1365//1328 1356//1328 1311//1328
f 1366//1329 1355//1329 1333//1329
f 1359//1330 1367//1330 1358//1330
f 1368//1331 1333//1331 1350//1331
f 1369//1332 1350//1332 1352//1332
f 1370//1333 1358//1333 1367//1333
f 1367//1334 1365//1334 1385//1334
f 1362//1335 1369//1335 1352//1335
f 1370//1336 1367//1336 1372//1336
f 1361//1337 1373//1337 1363//1337
f 1361//1338 1370//1338 1374//1338
f 1374//1339 1372//1339 1439//1339
f 1309//1340 1302//1340 1255//1340
f 1355//1341 1309//1341 1255//1341
f 1376//1342 1310//1342 1309//1342
f 1376//1343 1355//1343 1366//1343
f 1376//1344 1378//1344 1377//1344
f 1380//1345 1311//1345 1379//1345
f 1381//1346 1366//1346 1368//1346
f 1381//1347 1378//1347 1376//1347
f 1369//1348 1381//1348 1368//1348
f 1384//1349 1365//1349 1380//1349
f 1385//1350 1383//1350 1386//1350
f 1387//1351 1383//1351 1384//1351
f 1389//1352 1372//1352 1385//1352
f 1208//1353 1316//1353 1147//1353
f 1391//1354 1208//1354 1209//1354
f 1391//1355 1390//1355 1316//1355
f 1206//1356 1391//1356 1209//1356
f 1210//1357 1393//1357 1392//1357
f 1390//1358 1320//1358 1316//1358
f 1392//1359 1395//1359 1390//1359
f 1393//1360 1396//1360 1392//1360
f 1397//1361 1393//1361 1398//1361
f 1399//1362 1320//1362 1395//1362
f 1400//1363 1395//1363 1396//1363
f 1397//1364 1401//1364 1400//1364
f 1404//1365 1399//1365 1400//1365
f 1401//1366 1404//1366 1400//1366
f 1406//1367 1401//1367 1402//1367
f 1403//1368 1362//1368 1326//1368
f 1408//1369 1405//1369 1406//1369
f 1410//1370 1403//1370 1407//1370
f 1411//1371 1336//1371 1412//1371
f 1232//1372 1411//1372 1413//1372
f 1414//1373 1211//1373 1233//1373
f 1414//1374 1232//1374 1413//1374
f 1412//1375 1340//1375 1415//1375
f 1412//1376 1416//1376 1413//1376
f 1414//1377 1398//1377 1394//1377
f 1414//1378 1416//1378 1417//1378
f 1418//1379 1416//1379 1412//1379
f 1415//1380 1342//1380 1419//1380
f 1420//1381 1415//1381 1419//1381
f 1417//1382 1402//1382 1398//1382
f 1418//1383 1421//1383 1417//1383
f 1418//1384 1420//1384 1422//1384
f 1420//1385 1419//1385 1423//1385
f 1421//1386 1406//1386 1402//1386
f 1422//1387 1424//1387 1421//1387
f 1425//1388 1420//1388 1423//1388
f 1426//1389 1346//1389 1354//1389
f 1423//1390 1426//1390 1429//1390
f 1408//1391 1427//1391 1407//1391
f 1424//1392 1408//1392 1406//1392
f 1431//1393 1424//1393 1425//1393
f 1425//1394 1428//1394 1431//1394
f 1432//1395 1364//1395 1363//1395
f 1427//1396 1410//1396 1407//1396
f 1429//1397 1434//1397 1428//1397
f 1429//1398 1364//1398 1435//1398
f 1436//1399 1427//1399 1430//1399
f 1431//1400 1436//1400 1430//1400
f 1431//1401 1434//1401 1437//1401
f 1438//1402 1434//1402 1435//1402
f 1409//1403 1375//1403 1362//1403
f 1373//1404 1374//1404 1439//1404
f 1440//1405 1409//1405 1433//1405
f 1432//1406 1441//1406 1435//1406
f 1432//1407 1373//1407 1442//1407
f 1443//1408 1373//1408 1439//1408
f 1436//1409 1440//1409 1433//1409
f 1437//1410 1444//1410 1436//1410
f 1438//1411 1445//1411 1437//1411
f 1438//1412 1441//1412 1446//1412
f 1447//1413 1441//1413 1442//1413
f 1375//1414 1388//1414 1371//1414
f 1448//1415 1389//1415 1386//1415
f 1443//1416 1450//1416 1442//1416
f 1451//1417 1439//1417 1389//1417
f 1452//1418 1440//1418 1444//1418
f 1445//1419 1452//1419 1444//1419
f 1454//1420 1445//1420 1446//1420
f 1447//1421 1454//1421 1446//1421
f 1447//1422 1450//1422 1455//1422
f 1456//1423 1450//1423 1443//1423
f 1457//1424 1443//1424 1451//1424
f 1458//1425 678//1425 1292//1425
f 1305//1426 1459//1426 1458//1426
f 1307//1427 1460//1427 1305//1427
f 1310//1428 1461//1428 1307//1428
f 1459//1429 1462//1429 815//1429
f 1463//1430 1459//1430 1460//1430
f 1463//1431 1460//1431 1461//1431
f 1464//1432 1461//1432 1465//1432
f 1462//1433 1466//1433 815//1433
f 1463//1434 1467//1434 1462//1434
f 1469//1435 1463//1435 1464//1435
f 1471//1436 1469//1436 1472//1436
f 1473//1437 820//1437 1466//1437
f 1467//1438 1473//1438 1466//1438
f 1474//1439 1467//1439 1468//1439
f 1474//1440 1477//1440 1473//1440
f 1474//1441 1468//1441 1469//1441
f 1470//1442 1474//1442 1469//1442
f 1475//1443 1470//1443 1471//1443
f 1476//1444 820//1444 1473//1444
f 1478//1445 1477//1445 1474//1445
f 1470//1446 1478//1446 1474//1446
f 1475//1447 1478//1447 1470//1447
f 1479//1448 1476//1448 1477//1448
f 1481//1449 1477//1449 1478//1449
f 1481//1450 1480//1450 1479//1450
f 1483//1451 1478//1451 1475//1451
f 1479//1452 1484//1452 826//1452
f 1480//1453 1484//1453 1479//1453
f 1487//1454 1482//1454 1483//1454
f 1488//1455 856//1455 835//1455
f 1488//1456 834//1456 1484//1456
f 1488//1457 1484//1457 1480//1457
f 1490//1458 1488//1458 1491//1458
f 1485//1459 1491//1459 1480//1459
f 1494//1460 1380//1460 1379//1460
f 1384//1461 1494//1461 1496//1461
f 1371//1462 1495//1462 1382//1462
f 1504//1463 1384//1463 1496//1463
f 1387//1464 1498//1464 1386//1464
f 1387//1465 1504//1465 1499//1465
f 1388//1466 1497//1466 1371//1466
f 1493//1467 1465//1467 1378//1467
f 1493//1468 1502//1468 1503//1468
f 1495//1469 1502//1469 1493//1469
f 1497//1470 1502//1470 1495//1470
f 1499//1471 1504//1471 1507//1471
f 1500//1472 1506//1472 1497//1472
f 1499//1473 1507//1473 1508//1473
f 1472//1474 1464//1474 1501//1474
f 1509//1475 1472//1475 1501//1475
f 1503//1476 1509//1476 1501//1476
f 1510//1477 1509//1477 1503//1477
f 1505//1478 1510//1478 1502//1478
f 1506//1479 1510//1479 1505//1479
f 1508//1480 1512//1480 1513//1480
f 1511//1481 1514//1481 1509//1481
f 1506//1482 1515//1482 1510//1482
f 1514//1483 1517//1483 1509//1483
f 1518//1484 1514//1484 1511//1484
f 1520//1485 1511//1485 1515//1485
f 1516//1486 1520//1486 1515//1486
f 1523//1487 1475//1487 1517//1487
f 1524//1488 1483//1488 1523//1488
f 1525//1489 1523//1489 1517//1489
f 1519//1490 1525//1490 1517//1490
f 1520//1491 1526//1491 1519//1491
f 1527//1492 1520//1492 1521//1492
f 1522//1493 1527//1493 1521//1493
f 1529//1494 1487//1494 1524//1494
f 1529//1495 1524//1495 1525//1495
f 1530//1496 1525//1496 1526//1496
f 1531//1497 1526//1497 1527//1497
f 1533//1498 1532//1498 1531//1498
f 1528//1499 1533//1499 1527//1499
f 1448//1500 1498//1500 1534//1500
f 1534//1501 1498//1501 1499//1501
f 1449//1502 1388//1502 1375//1502
f 1537//1503 1449//1503 1453//1503
f 1537//1504 1536//1504 1535//1504
f 1454//1505 1537//1505 1453//1505
f 1539//1506 1454//1506 1455//1506
f 1456//1507 1539//1507 1455//1507
f 1457//1508 1540//1508 1456//1508
f 1457//1509 1451//1509 1541//1509
f 1542//1510 1451//1510 1448//1510
f 1543//1511 1388//1511 1535//1511
f 1536//1512 1543//1512 1535//1512
f 1448//1513 1534//1513 1545//1513
f 1547//1514 1536//1514 1538//1514
f 1539//1515 1547//1515 1538//1515
f 1540//1516 1548//1516 1539//1516
f 1550//1517 1540//1517 1541//1517
f 1542//1518 1550//1518 1541//1518
f 1542//1519 1545//1519 1551//1519
f 1562//1520 1545//1520 1546//1520
f 1552//1521 1550//1521 1553//1521
f 1554//1522 1550//1522 1551//1522
f 1556//1523 1508//1523 1513//1523
f 1557//1524 1500//1524 1544//1524
f 1558//1525 1544//1525 1547//1525
f 1548//1526 1558//1526 1547//1526
f 1560//1527 1548//1527 1549//1527
f 1562//1528 1546//1528 1563//1528
f 1552//1529 1561//1529 1560//1529
f 1554//1530 1552//1530 1553//1530
f 1554//1531 1562//1531 1564//1531
f 1565//1532 1562//1532 1563//1532
f 1555//1533 1516//1533 1506//1533
f 1567//1534 1555//1534 1557//1534
f 1569//1535 1557//1535 1559//1535
f 1569//1536 1568//1536 1567//1536
f 1560//1537 1569//1537 1559//1537
f 1561//1538 1570//1538 1560//1538
f 1571//1539 1561//1539 1552//1539
f 1564//1540 1571//1540 1552//1540
f 1565//1541 1573//1541 1564//1541
f 1565//1542 1572//1542 1574//1542
f 1566//1543 1575//1543 1576//1543
f 1566//1544 1522//1544 1516//1544
f 1575//1545 1566//1545 1567//1545
f 1568//1546 1575//1546 1567//1546
f 1579//1547 1568//1547 1570//1547
f 1579//1548 1578//1548 1577//1548
f 1571//1549 1579//1549 1570//1549
f 1582//1550 1581//1550 1580//1550
f 1573//1551 1582//1551 1571//1551
f 1574//1552 1582//1552 1573//1552
f 1585//1553 1576//1553 1577//1553
f 1585//1554 1584//1554 1576//1554
f 1578//1555 1585//1555 1577//1555
f 1586//1556 1578//1556 1580//1556
f 1581//1557 1586//1557 1580//1557
f 1589//1558 1581//1558 1583//1558
f 1584//1559 1528//1559 1522//1559
f 1590//1560 1584//1560 1585//1560
f 1593//1561 1585//1561 1586//1561
f 1594//1562 1590//1562 1593//1562
f 1587//1563 1593//1563 1586//1563
f 1594//1564 1592//1564 1591//1564
f 1588//1565 1594//1565 1587//1565
f 1584//1566 1533//1566 1528//1566
f 1701//1567 1592//1567 1595//1567
f 1489//1568 857//1568 856//1568
f 1599//1569 1598//1569 1489//1569
f 1485//1570 1599//1570 1490//1570
f 1486//1571 1600//1571 1485//1571
f 1601//1572 1600//1572 1492//1572
f 1598//1573 860//1573 857//1573
f 1530//1574 1601//1574 1492//1574
f 1531//1575 1603//1575 1530//1575
f 1603//1576 1531//1576 1532//1576
f 1605//1577 1532//1577 1596//1577
f 1606//1578 1596//1578 1597//1578
f 1304//1579 874//1579 1607//1579
f 1306//1580 1607//1580 1608//1580
f 1609//1581 1299//1581 1608//1581
f 1610//1582 1308//1582 1609//1582
f 1311//1583 1610//1583 1379//1583
f 1611//1584 1607//1584 938//1584
f 1612//1585 1607//1585 1611//1585
f 1613//1586 1612//1586 1614//1586
f 1609//1587 1613//1587 1615//1587
f 1616//1588 1609//1588 1615//1588
f 938//1589 944//1589 1617//1589
f 1618//1590 1617//1590 945//1590
f 1611//1591 1617//1591 1619//1591
f 1619//1592 1618//1592 1620//1592
f 1612//1593 1619//1593 1621//1593
f 1614//1594 1622//1594 1615//1594
f 1614//1595 1621//1595 1622//1595
f 1616//1596 1622//1596 1623//1596
f 1616//1597 1623//1597 1624//1597
f 1624//1598 1623//1598 1625//1598
f 1626//1599 945//1599 950//1599
f 1620//1600 1618//1600 1626//1600
f 1621//1601 1620//1601 1630//1601
f 1631//1602 1621//1602 1630//1602
f 1623//1603 1631//1603 1627//1603
f 1628//1604 950//1604 953//1604
f 1629//1605 1626//1605 1628//1605
f 1620//1606 1629//1606 1630//1606
f 1627//1607 1631//1607 1632//1607
f 1625//1608 1632//1608 1633//1608
f 1634//1609 953//1609 958//1609
f 1629//1610 1634//1610 1635//1610
f 1635//1611 1634//1611 1636//1611
f 1630//1612 1635//1612 1636//1612
f 1637//1613 1630//1613 1636//1613
f 1632//1614 1638//1614 1639//1614
f 1633//1615 1632//1615 1639//1615
f 1640//1616 958//1616 957//1616
f 1637//1617 1636//1617 1641//1617
f 1638//1618 1637//1618 1641//1618
f 1640//1619 960//1619 1642//1619
f 1641//1620 1642//1620 1643//1620
f 1639//1621 1643//1621 1644//1621
f 1645//1622 960//1622 963//1622
f 1644//1623 1646//1623 1647//1623
f 1379//1624 1616//1624 1648//1624
f 1494//1625 1648//1625 1649//1625
f 1496//1626 1494//1626 1649//1626
f 1648//1627 1624//1627 1650//1627
f 1507//1628 1504//1628 1496//1628
f 1624//1629 1625//1629 1651//1629
f 1652//1630 1650//1630 1651//1630
f 1496//1631 1652//1631 1653//1631
f 1507//1632 1653//1632 1657//1632
f 1507//1633 1657//1633 1512//1633
f 1651//1634 1633//1634 1654//1634
f 1652//1635 1654//1635 1656//1635
f 1653//1636 1656//1636 1658//1636
f 1659//1637 1657//1637 1658//1637
f 1659//1638 1658//1638 1662//1638
f 1660//1639 1662//1639 1663//1639
f 1665//1640 1633//1640 1639//1640
f 1655//1641 1665//1641 1666//1641
f 1663//1642 1662//1642 1667//1642
f 1667//1643 1662//1643 1666//1643
f 1665//1644 1644//1644 1668//1644
f 1669//1645 1666//1645 1668//1645
f 1667//1646 1669//1646 1670//1646
f 1668//1647 1647//1647 1671//1647
f 1672//1648 1668//1648 1671//1648
f 1673//1649 1669//1649 1672//1649
f 1546//1650 1556//1650 1674//1650
f 1556//1651 1659//1651 1675//1651
f 1675//1652 1660//1652 1676//1652
f 1674//1653 1675//1653 1677//1653
f 1677//1654 1675//1654 1676//1654
f 1674//1655 1572//1655 1563//1655
f 1674//1656 1677//1656 1572//1656
f 1677//1657 1676//1657 1680//1657
f 1572//1658 1679//1658 1682//1658
f 1683//1659 1679//1659 1680//1659
f 1678//1660 1583//1660 1574//1660
f 1678//1661 1682//1661 1684//1661
f 1681//1662 1685//1662 1680//1662
f 1681//1663 1664//1663 1686//1663
f 1683//1664 1688//1664 1682//1664
f 1683//1665 1685//1665 1689//1665
f 1690//1666 1685//1666 1686//1666
f 1691//1667 1588//1667 1589//1667
f 1684//1668 1589//1668 1583//1668
f 1691//1669 1682//1669 1688//1669
f 1664//1670 1670//1670 1692//1670
f 1687//1671 1693//1671 1686//1671
f 1687//1672 1692//1672 1694//1672
f 1695//1673 1588//1673 1688//1673
f 1696//1674 1688//1674 1689//1674
f 1690//1675 1696//1675 1689//1675
f 1690//1676 1693//1676 1697//1676
f 1698//1677 1693//1677 1694//1677
f 1670//1678 1699//1678 1692//1678
f 1670//1679 1673//1679 1700//1679
f 1694//1680 1699//1680 1702//1680
f 1702//1681 1699//1681 1700//1681
f 1695//1682 1701//1682 1595//1682
f 1696//1683 1703//1683 1695//1683
f 1705//1684 1696//1684 1697//1684
f 1698//1685 1705//1685 1697//1685
f 1698//1686 1702//1686 1706//1686
f 1707//1687 963//1687 1017//1687
f 1709//1688 1645//1688 1707//1688
f 1646//1689 1709//1689 1711//1689
f 1710//1690 1600//1690 1601//1690
f 1712//1691 1017//1691 1021//1691
f 1713//1692 1712//1692 1020//1692
f 1708//1693 1602//1693 1598//1693
f 1715//1694 1709//1694 1712//1694
f 1716//1695 1708//1695 1710//1695
f 1715//1696 1713//1696 1718//1696
f 1720//1697 1032//1697 1022//1697
f 1722//1698 1032//1698 1721//1698
f 1722//1699 1033//1699 1030//1699
f 1720//1700 860//1700 1602//1700
f 1713//1701 1033//1701 1723//1701
f 1721//1702 1720//1702 1714//1702
f 1725//1703 1721//1703 1724//1703
f 1725//1704 1723//1704 1722//1704
f 1716//1705 1724//1705 1714//1705
f 1726//1706 1725//1706 1724//1706
f 1727//1707 1723//1707 1725//1707
f 1728//1708 1713//1708 1723//1708
f 1717//1709 1726//1709 1716//1709
f 1726//1710 1717//1710 1719//1710
f 1730//1711 1647//1711 1711//1711
f 1672//1712 1730//1712 1732//1712
f 1733//1713 1603//1713 1604//1713
f 1672//1714 1732//1714 1734//1714
f 1729//1715 1717//1715 1710//1715
f 1715//1716 1718//1716 1735//1716
f 1730//1717 1715//1717 1737//1717
f 1736//1718 1729//1718 1731//1718
f 1738//1719 1730//1719 1737//1719
f 1739//1720 1747//1720 1736//1720
f 1732//1721 1738//1721 1742//1721
f 1739//1722 1731//1722 1733//1722
f 1743//1723 1742//1723 1741//1723
f 1744//1724 1734//1724 1742//1724
f 1746//1725 1726//1725 1745//1725
f 1746//1726 1728//1726 1727//1726
f 1719//1727 1747//1727 1745//1727
f 1735//1728 1728//1728 1748//1728
f 1749//1729 1746//1729 1745//1729
f 1750//1730 1735//1730 1748//1730
f 1751//1731 1746//1731 1749//1731
f 1752//1732 1750//1732 1746//1732
f 1738//1733 1735//1733 1753//1733
f 1740//1734 1751//1734 1747//1734
f 1753//1735 1750//1735 1754//1735
f 1753//1736 1741//1736 1742//1736
f 1756//1737 1752//1737 1755//1737
f 1756//1738 1741//1738 1754//1738
f 1757//1739 1755//1739 1751//1739
f 1605//1740 1733//1740 1604//1740
f 1758//1741 1673//1741 1734//1741
f 1701//1742 1606//1742 1597//1742
f 1702//1743 1758//1743 1763//1743
f 1703//1744 1760//1744 1759//1744
f 1704//1745 1761//1745 1760//1745
f 1765//1746 1705//1746 1706//1746
f 1706//1747 1762//1747 1765//1747
f 1766//1748 1733//1748 1605//1748
f 1767//1749 1739//1749 1766//1749
f 1768//1750 1744//1750 1743//1750
f 1769//1751 1734//1751 1744//1751
f 1770//1752 1605//1752 1759//1752
f 1770//1753 1767//1753 1766//1753
f 1760//1754 1770//1754 1759//1754
f 1761//1755 1771//1755 1760//1755
f 1774//1756 1768//1756 1773//1756
f 1774//1757 1762//1757 1763//1757
f 1774//1758 1758//1758 1769//1758
f 1775//1759 1772//1759 1764//1759
f 1775//1760 1762//1760 1773//1760
f 1767//1761 1757//1761 1740//1761
f 1776//1762 1755//1762 1757//1762
f 1778//1763 1755//1763 1777//1763
f 1768//1764 1756//1764 1778//1764
f 1779//1765 1767//1765 1771//1765
f 1779//1766 1777//1766 1776//1766
f 1772//1767 1779//1767 1771//1767
f 1781//1768 1777//1768 1780//1768
f 1781//1769 1772//1769 1773//1769
f 1781//1770 1768//1770 1778//1770
f 6//1771 5//1771 3//1771
f 6//1772 1//1772 4//1772
f 2//1773 1//1773 11//1773
f 3//1774 13//1774 9//1774
f 14//1775 3//1775 10//1775
f 14//1776 1//1776 3//1776
f 14//1777 11//1777 1//1777
f 15//1778 4//1778 2//1778
f 17//1779 16//1779 13//1779
f 7//1780 4//1780 15//1780
f 23//1781 22//1781 19//1781
f 23//1782 10//1782 9//1782
f 23//1783 19//1783 20//1783
f 24//1784 11//1784 10//1784
f 24//1785 12//1785 11//1785
f 24//1786 21//1786 8//1786
f 25//1787 22//1787 9//1787
f 26//1788 25//1788 13//1788
f 29//1789 20//1789 19//1789
f 30//1790 21//1790 20//1790
f 31//1791 27//1791 19//1791
f 25//1792 32//1792 31//1792
f 26//1793 33//1793 32//1793
f 35//1794 28//1794 27//1794
f 29//1795 28//1795 35//1795
f 36//1796 30//1796 29//1796
f 31//1797 37//1797 34//1797
f 35//1798 34//1798 39//1798
f 36//1799 35//1799 41//1799
f 37//1800 42//1800 39//1800
f 32//1801 43//1801 42//1801
f 38//1802 44//1802 43//1802
f 45//1803 12//1803 8//1803
f 15//1804 12//1804 45//1804
f 47//1805 18//1805 15//1805
f 47//1806 15//1806 46//1806
f 49//1807 45//1807 8//1807
f 51//1808 15//1808 45//1808
f 51//1809 49//1809 50//1809
f 46//1810 15//1810 51//1810
f 52//1811 47//1811 46//1811
f 48//1812 21//1812 30//1812
f 55//1813 49//1813 48//1813
f 55//1814 53//1814 54//1814
f 50//1815 49//1815 55//1815
f 58//1816 46//1816 50//1816
f 58//1817 56//1817 57//1817
f 52//1818 46//1818 58//1818
f 36//1819 53//1819 30//1819
f 54//1820 53//1820 36//1820
f 61//1821 56//1821 54//1821
f 57//1822 56//1822 61//1822
f 62//1823 58//1823 57//1823
f 63//1824 59//1824 58//1824
f 60//1825 36//1825 306//1825
f 64//1826 61//1826 60//1826
f 57//1827 61//1827 64//1827
f 66//1828 62//1828 57//1828
f 67//1829 63//1829 62//1829
f 69//1830 68//1830 5//1830
f 70//1831 69//1831 6//1831
f 71//1832 68//1832 69//1832
f 73//1833 72//1833 69//1833
f 75//1834 74//1834 71//1834
f 76//1835 75//1835 72//1835
f 68//1836 77//1836 17//1836
f 18//1837 70//1837 7//1837
f 77//1838 78//1838 16//1838
f 80//1839 77//1839 68//1839
f 79//1840 73//1840 70//1840
f 80//1841 81//1841 78//1841
f 82//1842 81//1842 80//1842
f 79//1843 76//1843 73//1843
f 84//1844 26//1844 16//1844
f 78//1845 85//1845 84//1845
f 86//1846 85//1846 82//1846
f 88//1847 33//1847 26//1847
f 89//1848 88//1848 85//1848
f 90//1849 89//1849 85//1849
f 90//1850 86//1850 87//1850
f 91//1851 38//1851 33//1851
f 92//1852 91//1852 88//1852
f 93//1853 92//1853 89//1853
f 94//1854 44//1854 91//1854
f 92//1855 95//1855 94//1855
f 92//1856 96//1856 95//1856
f 97//1857 79//1857 18//1857
f 98//1858 83//1858 79//1858
f 47//1859 100//1859 99//1859
f 97//1860 47//1860 99//1860
f 98//1861 97//1861 99//1861
f 102//1862 99//1862 101//1862
f 59//1863 100//1863 52//1863
f 104//1864 59//1864 63//1864
f 106//1865 101//1865 100//1865
f 103//1866 101//1866 108//1866
f 111//1867 106//1867 105//1867
f 107//1868 106//1868 111//1868
f 108//1869 107//1869 112//1869
f 109//1870 108//1870 113//1870
f 115//1871 105//1871 63//1871
f 110//1872 105//1872 115//1872
f 119//1873 75//1873 118//1873
f 120//1874 121//1874 119//1874
f 122//1875 82//1875 80//1875
f 118//1876 76//1876 83//1876
f 74//1877 123//1877 80//1877
f 125//1878 122//1878 123//1878
f 124//1879 120//1879 118//1879
f 74//1880 126//1880 123//1880
f 128//1881 86//1881 122//1881
f 129//1882 127//1882 128//1882
f 130//1883 128//1883 122//1883
f 132//1884 131//1884 129//1884
f 125//1885 132//1885 130//1885
f 87//1886 128//1886 127//1886
f 129//1887 134//1887 133//1887
f 131//1888 135//1888 134//1888
f 127//1889 136//1889 93//1889
f 133//1890 137//1890 136//1890
f 138//1891 137//1891 134//1891
f 139//1892 138//1892 134//1892
f 93//1893 140//1893 96//1893
f 136//1894 142//1894 140//1894
f 137//1895 143//1895 142//1895
f 144//1896 143//1896 137//1896
f 145//1897 144//1897 138//1897
f 124//1898 83//1898 146//1898
f 102//1899 146//1899 98//1899
f 147//1900 146//1900 102//1900
f 151//1901 150//1901 102//1901
f 152//1902 148//1902 103//1902
f 149//1903 148//1903 152//1903
f 154//1904 151//1904 149//1904
f 154//1905 153//1905 159//1905
f 156//1906 152//1906 109//1906
f 153//1907 152//1907 157//1907
f 158//1908 157//1908 163//1908
f 160//1909 154//1909 159//1909
f 160//1910 155//1910 154//1910
f 156//1911 114//1911 161//1911
f 164//1912 159//1912 158//1912
f 160//1913 159//1913 164//1913
f 168//1914 167//1914 74//1914
f 168//1915 121//1915 120//1915
f 169//1916 120//1916 170//1916
f 171//1917 125//1917 126//1917
f 173//1918 171//1918 126//1918
f 175//1919 132//1919 125//1919
f 171//1920 176//1920 175//1920
f 177//1921 176//1921 171//1921
f 178//1922 135//1922 132//1922
f 174//1923 179//1923 178//1923
f 176//1924 180//1924 179//1924
f 181//1925 139//1925 135//1925
f 182//1926 181//1926 178//1926
f 180//1927 183//1927 182//1927
f 184//1928 183//1928 180//1928
f 177//1929 184//1929 180//1929
f 185//1930 145//1930 139//1930
f 181//1931 186//1931 185//1931
f 187//1932 186//1932 182//1932
f 183//1933 188//1933 187//1933
f 170//1934 124//1934 147//1934
f 189//1935 172//1935 170//1935
f 191//1936 150//1936 190//1936
f 191//1937 189//1937 147//1937
f 195//1938 194//1938 191//1938
f 196//1939 190//1939 151//1939
f 192//1940 190//1940 197//1940
f 193//1941 192//1941 198//1941
f 195//1942 193//1942 200//1942
f 202//1943 196//1943 155//1943
f 197//1944 196//1944 202//1944
f 204//1945 192//1945 197//1945
f 198//1946 192//1946 204//1946
f 206//1947 199//1947 198//1947
f 206//1948 201//1948 199//1948
f 166//1949 202//1949 160//1949
f 208//1950 203//1950 166//1950
f 209//1951 204//1951 203//1951
f 205//1952 204//1952 209//1952
f 210//1953 211//1953 205//1953
f 212//1954 207//1954 206//1954
f 214//1955 213//1955 167//1955
f 215//1956 214//1956 168//1956
f 216//1957 213//1957 214//1957
f 217//1958 214//1958 215//1958
f 219//1959 216//1959 217//1959
f 221//1960 220//1960 217//1960
f 172//1961 215//1961 169//1961
f 213//1962 222//1962 126//1962
f 223//1963 173//1963 222//1963
f 218//1964 215//1964 172//1964
f 224//1965 222//1965 216//1965
f 225//1966 223//1966 224//1966
f 226//1967 177//1967 173//1967
f 223//1968 229//1968 226//1968
f 225//1969 227//1969 229//1969
f 228//1970 233//1970 184//1970
f 232//1971 231//1971 229//1971
f 184//1972 233//1972 188//1972
f 228//1973 1114//1973 233//1973
f 234//1974 1114//1974 228//1974
f 235//1975 234//1975 230//1975
f 236//1976 235//1976 231//1976
f 218//1977 172//1977 189//1977
f 237//1978 221//1978 218//1978
f 237//1979 189//1979 194//1979
f 239//1980 237//1980 194//1980
f 240//1981 200//1981 201//1981
f 238//1982 195//1982 240//1982
f 241//1983 242//1983 240//1983
f 242//1984 239//1984 238//1984
f 241//1985 207//1985 244//1985
f 243//1986 242//1986 247//1986
f 249//1987 250//1987 247//1987
f 212//1988 244//1988 207//1988
f 246//1989 241//1989 245//1989
f 248//1990 246//1990 251//1990
f 253//1991 219//1991 220//1991
f 255//1992 254//1992 220//1992
f 256//1993 225//1993 224//1993
f 258//1994 255//1994 221//1994
f 259//1995 253//1995 257//1995
f 254//1996 260//1996 257//1996
f 261//1997 260//1997 254//1997
f 262//1998 260//1998 261//1998
f 264//1999 227//1999 225//1999
f 256//2000 265//2000 264//2000
f 266//2001 265//2001 256//2001
f 267//2002 266//2002 259//2002
f 268//2003 266//2003 267//2003
f 262//2004 269//2004 267//2004
f 270//2005 269//2005 262//2005
f 271//2006 232//2006 227//2006
f 265//2007 272//2007 271//2007
f 273//2008 272//2008 265//2008
f 274//2009 272//2009 273//2009
f 270//2010 276//2010 275//2010
f 271//2011 277//2011 232//2011
f 278//2012 277//2012 271//2012
f 274//2013 279//2013 278//2013
f 280//2014 279//2014 274//2014
f 275//2015 281//2015 280//2015
f 277//2016 282//2016 236//2016
f 278//2017 283//2017 282//2017
f 279//2018 284//2018 283//2018
f 280//2019 285//2019 284//2019
f 281//2020 286//2020 285//2020
f 237//2021 258//2021 221//2021
f 287//2022 261//2022 258//2022
f 263//2023 261//2023 287//2023
f 290//2024 237//2024 289//2024
f 288//2025 292//2025 270//2025
f 288//2026 287//2026 290//2026
f 293//2027 292//2027 290//2027
f 289//2028 239//2028 243//2028
f 295//2029 291//2029 289//2029
f 296//2030 295//2030 294//2030
f 292//2031 297//2031 276//2031
f 293//2032 291//2032 295//2032
f 250//2033 294//2033 243//2033
f 297//2034 299//2034 281//2034
f 293//2035 300//2035 299//2035
f 293//2036 295//2036 298//2036
f 301//2037 250//2037 249//2037
f 296//2038 302//2038 298//2038
f 296//2039 250//2039 301//2039
f 300//2040 303//2040 299//2040
f 304//2041 303//2041 298//2041
f 42//2042 307//2042 39//2042
f 308//2043 305//2043 39//2043
f 309//2044 307//2044 42//2044
f 44//2045 376//2045 309//2045
f 41//2046 305//2046 310//2046
f 306//2047 41//2047 311//2047
f 308//2048 307//2048 312//2048
f 309//2049 313//2049 312//2049
f 314//2050 313//2050 309//2050
f 311//2051 310//2051 315//2051
f 316//2052 306//2052 311//2052
f 308//2053 317//2053 315//2053
f 318//2054 317//2054 312//2054
f 314//2055 319//2055 313//2055
f 319//2056 320//2056 318//2056
f 311//2057 315//2057 321//2057
f 316//2058 311//2058 322//2058
f 317//2059 324//2059 321//2059
f 325//2060 322//2060 321//2060
f 323//2061 322//2061 326//2061
f 325//2062 327//2062 326//2062
f 318//2063 328//2063 324//2063
f 328//2064 327//2064 324//2064
f 320//2065 329//2065 328//2065
f 323//2066 326//2066 330//2066
f 327//2067 332//2067 330//2067
f 333//2068 331//2068 330//2068
f 334//2069 332//2069 327//2069
f 329//2070 335//2070 334//2070
f 333//2071 332//2071 336//2071
f 334//2072 337//2072 336//2072
f 335//2073 338//2073 337//2073
f 339//2074 333//2074 336//2074
f 339//2075 340//2075 331//2075
f 338//2076 522//2076 341//2076
f 342//2077 60//2077 306//2077
f 64//2078 60//2078 342//2078
f 66//2079 65//2079 344//2079
f 346//2080 65//2080 343//2080
f 344//2081 65//2081 346//2081
f 347//2082 66//2082 344//2082
f 413//2083 66//2083 347//2083
f 348//2084 342//2084 306//2084
f 345//2085 342//2085 348//2085
f 346//2086 349//2086 350//2086
f 352//2087 413//2087 347//2087
f 353//2088 351//2088 350//2088
f 347//2089 351//2089 353//2089
f 355//2090 316//2090 323//2090
f 356//2091 349//2091 355//2091
f 350//2092 349//2092 356//2092
f 353//2093 350//2093 357//2093
f 358//2094 355//2094 323//2094
f 353//2095 357//2095 359//2095
f 354//2096 353//2096 360//2096
f 362//2097 352//2097 354//2097
f 360//2098 359//2098 363//2098
f 361//2099 364//2099 365//2099
f 367//2100 358//2100 331//2100
f 363//2101 356//2101 368//2101
f 371//2102 364//2102 363//2102
f 371//2103 369//2103 370//2103
f 365//2104 364//2104 371//2104
f 373//2105 361//2105 365//2105
f 366//2106 361//2106 373//2106
f 374//2107 375//2107 373//2107
f 94//2108 377//2108 376//2108
f 378//2109 377//2109 95//2109
f 379//2110 378//2110 96//2110
f 381//2111 380//2111 314//2111
f 381//2112 382//2112 380//2112
f 378//2113 382//2113 381//2113
f 379//2114 383//2114 382//2114
f 385//2115 319//2115 380//2115
f 382//2116 386//2116 385//2116
f 387//2117 320//2117 319//2117
f 388//2118 387//2118 386//2118
f 390//2119 388//2119 386//2119
f 391//2120 329//2120 320//2120
f 387//2121 392//2121 391//2121
f 393//2122 392//2122 387//2122
f 394//2123 393//2123 387//2123
f 388//2124 395//2124 394//2124
f 389//2125 396//2125 395//2125
f 391//2126 397//2126 335//2126
f 392//2127 398//2127 397//2127
f 399//2128 398//2128 393//2128
f 395//2129 400//2129 399//2129
f 401//2130 400//2130 395//2130
f 397//2131 403//2131 338//2131
f 398//2132 404//2132 403//2132
f 399//2133 405//2133 404//2133
f 400//2134 405//2134 399//2134
f 400//2135 406//2135 405//2135
f 401//2136 406//2136 400//2136
f 407//2137 406//2137 401//2137
f 338//2138 408//2138 522//2138
f 403//2139 409//2139 408//2139
f 410//2140 409//2140 403//2140
f 412//2141 410//2141 406//2141
f 415//2142 110//2142 115//2142
f 116//2143 110//2143 415//2143
f 416//2144 112//2144 117//2144
f 417//2145 113//2145 112//2145
f 418//2146 116//2146 415//2146
f 117//2147 116//2147 418//2147
f 416//2148 117//2148 419//2148
f 414//2149 413//2149 420//2149
f 415//2150 414//2150 420//2150
f 417//2151 416//2151 421//2151
f 422//2152 415//2152 420//2152
f 418//2153 415//2153 422//2153
f 423//2154 419//2154 418//2154
f 421//2155 419//2155 423//2155
f 423//2156 418//2156 422//2156
f 427//2157 421//2157 423//2157
f 424//2158 421//2158 427//2158
f 425//2159 424//2159 428//2159
f 430//2160 423//2160 422//2160
f 433//2161 362//2161 366//2161
f 426//2162 362//2162 433//2162
f 436//2163 434//2163 433//2163
f 434//2164 429//2164 426//2164
f 435//2165 427//2165 430//2165
f 428//2166 427//2166 435//2166
f 436//2167 366//2167 375//2167
f 430//2168 434//2168 437//2168
f 435//2169 430//2169 437//2169
f 438//2170 439//2170 437//2170
f 439//2171 431//2171 435//2171
f 441//2172 379//2172 96//2172
f 442//2173 441//2173 140//2173
f 443//2174 442//2174 141//2174
f 143//2175 443//2175 141//2175
f 143//2176 444//2176 443//2176
f 144//2177 445//2177 444//2177
f 145//2178 446//2178 445//2178
f 384//2179 383//2179 379//2179
f 448//2180 384//2180 441//2180
f 454//2181 447//2181 448//2181
f 449//2182 448//2182 442//2182
f 444//2183 450//2183 449//2183
f 445//2184 451//2184 450//2184
f 446//2185 452//2185 451//2185
f 449//2186 455//2186 454//2186
f 450//2187 456//2187 455//2187
f 451//2188 457//2188 456//2188
f 457//2189 462//2189 456//2189
f 451//2190 458//2190 457//2190
f 459//2191 458//2191 451//2191
f 453//2192 389//2192 390//2192
f 453//2193 390//2193 447//2193
f 455//2194 461//2194 460//2194
f 456//2195 462//2195 461//2195
f 462//2196 463//2196 461//2196
f 465//2197 464//2197 457//2197
f 465//2198 466//2198 464//2198
f 453//2199 467//2199 396//2199
f 468//2200 467//2200 453//2200
f 468//2201 469//2201 467//2201
f 463//2202 469//2202 468//2202
f 470//2203 469//2203 463//2203
f 466//2204 470//2204 464//2204
f 467//2205 401//2205 396//2205
f 471//2206 402//2206 467//2206
f 469//2207 477//2207 471//2207
f 470//2208 473//2208 472//2208
f 474//2209 407//2209 402//2209
f 475//2210 474//2210 471//2210
f 477//2211 476//2211 475//2211
f 473//2212 478//2212 477//2212
f 479//2213 412//2213 407//2213
f 474//2214 479//2214 407//2214
f 475//2215 481//2215 480//2215
f 476//2216 481//2216 475//2216
f 114//2217 113//2217 417//2217
f 483//2218 163//2218 162//2218
f 158//2219 163//2219 483//2219
f 164//2220 158//2220 484//2220
f 165//2221 164//2221 484//2221
f 486//2222 166//2222 165//2222
f 487//2223 161//2223 417//2223
f 482//2224 161//2224 487//2224
f 488//2225 162//2225 482//2225
f 483//2226 162//2226 488//2226
f 490//2227 485//2227 484//2227
f 490//2228 486//2228 485//2228
f 491//2229 487//2229 417//2229
f 491//2230 488//2230 487//2230
f 483//2231 488//2231 492//2231
f 494//2232 489//2232 483//2232
f 490//2233 489//2233 494//2233
f 425//2234 491//2234 424//2234
f 492//2235 491//2235 496//2235
f 498//2236 493//2236 492//2236
f 499//2237 494//2237 493//2237
f 500//2238 495//2238 494//2238
f 501//2239 499//2239 498//2239
f 502//2240 500//2240 499//2240
f 504//2241 496//2241 432//2241
f 497//2242 496//2242 504//2242
f 498//2243 497//2243 505//2243
f 506//2244 499//2244 501//2244
f 507//2245 503//2245 502//2245
f 508//2246 504//2246 432//2246
f 509//2247 505//2247 504//2247
f 510//2248 501//2248 505//2248
f 506//2249 501//2249 510//2249
f 512//2250 502//2250 506//2250
f 507//2251 502//2251 512//2251
f 508//2252 431//2252 440//2252
f 516//2253 509//2253 508//2253
f 517//2254 510//2254 509//2254
f 511//2255 510//2255 517//2255
f 519//2256 512//2256 511//2256
f 520//2257 514//2257 512//2257
f 524//2258 340//2258 339//2258
f 341//2259 525//2259 521//2259
f 524//2260 523//2260 526//2260
f 528//2261 526//2261 523//2261
f 525//2262 529//2262 528//2262
f 527//2263 526//2263 530//2263
f 529//2264 533//2264 532//2264
f 530//2265 528//2265 534//2265
f 530//2266 535//2266 531//2266
f 535//2267 538//2267 537//2267
f 532//2268 539//2268 534//2268
f 540//2269 538//2269 534//2269
f 536//2270 539//2270 532//2270
f 542//2271 541//2271 537//2271
f 543//2272 540//2272 539//2272
f 542//2273 544//2273 541//2273
f 545//2274 544//2274 542//2274
f 543//2275 536//2275 546//2275
f 543//2276 546//2276 545//2276
f 548//2277 368//2277 367//2277
f 548//2278 369//2278 368//2278
f 370//2279 369//2279 548//2279
f 551//2280 372//2280 370//2280
f 551//2281 549//2281 550//2281
f 553//2282 373//2282 372//2282
f 553//2283 551//2283 552//2283
f 374//2284 373//2284 553//2284
f 547//2285 340//2285 524//2285
f 550//2286 549//2286 554//2286
f 552//2287 550//2287 555//2287
f 558//2288 553//2288 552//2288
f 558//2289 556//2289 557//2289
f 560//2290 374//2290 553//2290
f 547//2291 524//2291 527//2291
f 554//2292 548//2292 547//2292
f 556//2293 555//2293 562//2293
f 557//2294 556//2294 563//2294
f 564//2295 554//2295 561//2295
f 562//2296 554//2296 565//2296
f 563//2297 562//2297 566//2297
f 568//2298 557//2298 563//2298
f 569//2299 559//2299 557//2299
f 560//2300 559//2300 569//2300
f 564//2301 561//2301 571//2301
f 567//2302 573//2302 574//2302
f 577//2303 569//2303 568//2303
f 577//2304 575//2304 576//2304
f 570//2305 569//2305 577//2305
f 579//2306 577//2306 578//2306
f 571//2307 531//2307 537//2307
f 565//2308 564//2308 572//2308
f 581//2309 573//2309 565//2309
f 574//2310 573//2310 581//2310
f 584//2311 575//2311 574//2311
f 584//2312 582//2312 583//2312
f 576//2313 575//2313 584//2313
f 586//2314 578//2314 576//2314
f 580//2315 578//2315 586//2315
f 571//2316 537//2316 541//2316
f 588//2317 572//2317 571//2317
f 581//2318 572//2318 589//2318
f 582//2319 581//2319 597//2319
f 583//2320 582//2320 590//2320
f 592//2321 585//2321 583//2321
f 593//2322 586//2322 585//2322
f 596//2323 572//2323 588//2323
f 589//2324 572//2324 596//2324
f 598//2325 590//2325 597//2325
f 591//2326 590//2326 598//2326
f 544//2327 600//2327 594//2327
f 601//2328 595//2328 594//2328
f 602//2329 600//2329 544//2329
f 603//2330 602//2330 545//2330
f 412//2331 604//2331 411//2331
f 412//2332 479//2332 604//2332
f 605//2333 525//2333 522//2333
f 606//2334 605//2334 409//2334
f 604//2335 608//2335 607//2335
f 605//2336 609//2336 525//2336
f 533//2337 529//2337 525//2337
f 606//2338 610//2338 609//2338
f 611//2339 610//2339 607//2339
f 613//2340 611//2340 608//2340
f 533//2341 609//2341 614//2341
f 610//2342 615//2342 614//2342
f 616//2343 615//2343 610//2343
f 617//2344 536//2344 533//2344
f 615//2345 618//2345 617//2345
f 619//2346 618//2346 616//2346
f 618//2347 621//2347 620//2347
f 618//2348 622//2348 621//2348
f 619//2349 623//2349 622//2349
f 617//2350 546//2350 536//2350
f 620//2351 546//2351 617//2351
f 621//2352 624//2352 620//2352
f 621//2353 625//2353 624//2353
f 626//2354 625//2354 621//2354
f 623//2355 626//2355 622//2355
f 624//2356 651//2356 603//2356
f 628//2357 627//2357 625//2357
f 626//2358 629//2358 628//2358
f 630//2359 436//2359 375//2359
f 437//2360 436//2360 630//2360
f 631//2361 440//2361 439//2361
f 375//2362 374//2362 560//2362
f 630//2363 375//2363 632//2363
f 438//2364 633//2364 634//2364
f 439//2365 438//2365 634//2365
f 631//2366 439//2366 634//2366
f 635//2367 634//2367 633//2367
f 631//2368 634//2368 636//2368
f 570//2369 632//2369 560//2369
f 635//2370 632//2370 637//2370
f 637//2371 570//2371 579//2371
f 637//2372 579//2372 580//2372
f 641//2373 642//2373 637//2373
f 639//2374 638//2374 643//2374
f 640//2375 636//2375 644//2375
f 646//2376 642//2376 645//2376
f 644//2377 643//2377 646//2377
f 644//2378 646//2378 648//2378
f 868//2379 641//2379 580//2379
f 645//2380 641//2380 868//2380
f 647//2381 650//2381 649//2381
f 701//2382 646//2382 649//2382
f 628//2383 652//2383 627//2383
f 653//2384 649//2384 650//2384
f 481//2385 655//2385 480//2385
f 476//2386 656//2386 655//2386
f 479//2387 613//2387 608//2387
f 654//2388 613//2388 479//2388
f 657//2389 654//2389 480//2389
f 656//2390 658//2390 657//2390
f 613//2391 660//2391 612//2391
f 654//2392 661//2392 660//2392
f 657//2393 662//2393 661//2393
f 661//2394 663//2394 660//2394
f 661//2395 664//2395 663//2395
f 661//2396 665//2396 664//2396
f 662//2397 666//2397 665//2397
f 662//2398 667//2398 666//2398
f 659//2399 668//2399 667//2399
f 663//2400 619//2400 660//2400
f 669//2401 623//2401 619//2401
f 670//2402 669//2402 663//2402
f 671//2403 670//2403 664//2403
f 668//2404 672//2404 671//2404
f 673//2405 626//2405 623//2405
f 674//2406 673//2406 669//2406
f 670//2407 675//2407 674//2407
f 676//2408 675//2408 671//2408
f 676//2409 678//2409 677//2409
f 679//2410 440//2410 631//2410
f 515//2411 440//2411 679//2411
f 518//2412 517//2412 680//2412
f 684//2413 519//2413 518//2413
f 681//2414 520//2414 519//2414
f 682//2415 679//2415 631//2415
f 516//2416 515//2416 686//2416
f 680//2417 516//2417 687//2417
f 683//2418 680//2418 688//2418
f 689//2419 684//2419 683//2419
f 685//2420 684//2420 689//2420
f 640//2421 682//2421 631//2421
f 686//2422 682//2422 640//2422
f 694//2423 685//2423 689//2423
f 691//2424 692//2424 640//2424
f 690//2425 688//2425 693//2425
f 690//2426 695//2426 694//2426
f 691//2427 644//2427 648//2427
f 697//2428 648//2428 701//2428
f 691//2429 697//2429 692//2429
f 698//2430 693//2430 687//2430
f 700//2431 695//2431 693//2431
f 700//2432 698//2432 699//2432
f 696//2433 695//2433 700//2433
f 674//2434 629//2434 673//2434
f 692//2435 697//2435 701//2435
f 704//2436 703//2436 701//2436
f 698//2437 692//2437 703//2437
f 707//2438 703//2438 706//2438
f 675//2439 708//2439 705//2439
f 699//2440 698//2440 707//2440
f 710//2441 709//2441 707//2441
f 709//2442 1293//2442 699//2442
f 653//2443 701//2443 649//2443
f 702//2444 701//2444 653//2444
f 714//2445 713//2445 706//2445
f 708//2446 675//2446 677//2446
f 710//2447 707//2447 713//2447
f 596//2448 595//2448 716//2448
f 589//2449 596//2449 717//2449
f 597//2450 589//2450 718//2450
f 598//2451 597//2451 719//2451
f 601//2452 600//2452 721//2452
f 601//2453 722//2453 716//2453
f 723//2454 717//2454 716//2454
f 724//2455 722//2455 721//2455
f 603//2456 724//2456 602//2456
f 718//2457 717//2457 725//2457
f 719//2458 718//2458 726//2458
f 723//2459 722//2459 728//2459
f 723//2460 729//2460 725//2460
f 730//2461 726//2461 725//2461
f 731//2462 729//2462 728//2462
f 732//2463 731//2463 724//2463
f 727//2464 726//2464 733//2464
f 735//2465 719//2465 727//2465
f 736//2466 720//2466 719//2466
f 730//2467 729//2467 737//2467
f 730//2468 738//2468 733//2468
f 739//2469 734//2469 733//2469
f 740//2470 738//2470 737//2470
f 741//2471 737//2471 731//2471
f 741//2472 742//2472 740//2472
f 735//2473 734//2473 743//2473
f 745//2474 736//2474 735//2474
f 739//2475 738//2475 746//2475
f 739//2476 747//2476 743//2476
f 740//2477 748//2477 746//2477
f 749//2478 747//2478 746//2478
f 744//2479 743//2479 750//2479
f 747//2480 752//2480 750//2480
f 753//2481 751//2481 750//2481
f 745//2482 751//2482 754//2482
f 753//2483 752//2483 756//2483
f 753//2484 757//2484 754//2484
f 749//2485 758//2485 756//2485
f 758//2486 757//2486 756//2486
f 759//2487 758//2487 749//2487
f 755//2488 754//2488 760//2488
f 757//2489 762//2489 760//2489
f 763//2490 761//2490 760//2490
f 758//2491 764//2491 762//2491
f 755//2492 761//2492 765//2492
f 763//2493 762//2493 767//2493
f 763//2494 768//2494 765//2494
f 769//2495 766//2495 765//2495
f 770//2496 768//2496 767//2496
f 764//2497 771//2497 770//2497
f 775//2498 772//2498 651//2498
f 773//2499 774//2499 777//2499
f 772//2500 732//2500 603//2500
f 651//2501 776//2501 775//2501
f 779//2502 741//2502 775//2502
f 780//2503 779//2503 775//2503
f 781//2504 779//2504 780//2504
f 777//2505 778//2505 780//2505
f 782//2506 781//2506 780//2506
f 783//2507 748//2507 742//2507
f 779//2508 784//2508 783//2508
f 781//2509 785//2509 784//2509
f 786//2510 785//2510 781//2510
f 783//2511 787//2511 748//2511
f 784//2512 788//2512 787//2512
f 790//2513 788//2513 789//2513
f 786//2514 791//2514 789//2514
f 792//2515 759//2515 787//2515
f 793//2516 792//2516 787//2516
f 794//2517 793//2517 788//2517
f 790//2518 795//2518 794//2518
f 792//2519 796//2519 759//2519
f 793//2520 797//2520 796//2520
f 799//2521 797//2521 793//2521
f 795//2522 800//2522 799//2522
f 802//2523 801//2523 800//2523
f 796//2524 803//2524 771//2524
f 798//2525 797//2525 803//2525
f 799//2526 804//2526 797//2526
f 806//2527 774//2527 773//2527
f 674//2528 807//2528 711//2528
f 807//2529 806//2529 711//2529
f 808//2530 807//2530 705//2530
f 809//2531 808//2531 708//2531
f 809//2532 810//2532 808//2532
f 809//2533 811//2533 810//2533
f 806//2534 778//2534 774//2534
f 813//2535 812//2535 808//2535
f 811//2536 815//2536 814//2536
f 817//2537 816//2537 806//2537
f 817//2538 818//2538 782//2538
f 813//2539 818//2539 817//2539
f 814//2540 819//2540 818//2540
f 820//2541 819//2541 814//2541
f 821//2542 786//2542 782//2542
f 822//2543 821//2543 818//2543
f 820//2544 822//2544 819//2544
f 821//2545 827//2545 791//2545
f 821//2546 823//2546 827//2546
f 822//2547 824//2547 823//2547
f 825//2548 824//2548 822//2548
f 820//2549 826//2549 825//2549
f 791//2550 827//2550 795//2550
f 823//2551 828//2551 827//2551
f 823//2552 824//2552 828//2552
f 830//2553 800//2553 827//2553
f 831//2554 802//2554 830//2554
f 832//2555 830//2555 827//2555
f 833//2556 832//2556 828//2556
f 829//2557 834//2557 833//2557
f 832//2558 837//2558 831//2558
f 838//2559 837//2559 832//2559
f 835//2560 838//2560 833//2560
f 856//2561 837//2561 838//2561
f 769//2562 768//2562 840//2562
f 769//2563 841//2563 839//2563
f 770//2564 842//2564 840//2564
f 843//2565 841//2565 840//2565
f 844//2566 843//2566 842//2566
f 846//2567 844//2567 842//2567
f 771//2568 803//2568 847//2568
f 847//2569 848//2569 846//2569
f 805//2570 848//2570 847//2570
f 850//2571 848//2571 805//2571
f 801//2572 851//2572 849//2572
f 851//2573 854//2573 849//2573
f 853//2574 854//2574 851//2574
f 855//2575 852//2575 853//2575
f 855//2576 853//2576 851//2576
f 831//2577 837//2577 836//2577
f 857//2578 860//2578 859//2578
f 592//2579 591//2579 861//2579
f 862//2580 587//2580 586//2580
f 867//2581 862//2581 593//2581
f 861//2582 591//2582 599//2582
f 864//2583 592//2583 861//2583
f 865//2584 593//2584 592//2584
f 867//2585 593//2585 865//2585
f 645//2586 868//2586 869//2586
f 647//2587 645//2587 869//2587
f 868//2588 862//2588 867//2588
f 871//2589 870//2589 867//2589
f 869//2590 868//2590 870//2590
f 872//2591 870//2591 871//2591
f 872//2592 650//2592 869//2592
f 653//2593 650//2593 873//2593
f 877//2594 864//2594 863//2594
f 877//2595 875//2595 876//2595
f 878//2596 867//2596 866//2596
f 875//2597 599//2597 720//2597
f 876//2598 875//2598 879//2598
f 880//2599 864//2599 876//2599
f 866//2600 864//2600 880//2600
f 882//2601 880//2601 881//2601
f 878//2602 866//2602 882//2602
f 736//2603 879//2603 720//2603
f 876//2604 879//2604 736//2604
f 880//2605 876//2605 884//2605
f 881//2606 880//2606 885//2606
f 886//2607 883//2607 882//2607
f 884//2608 736//2608 887//2608
f 885//2609 888//2609 889//2609
f 891//2610 882//2610 881//2610
f 892//2611 888//2611 887//2611
f 889//2612 888//2612 892//2612
f 891//2613 890//2613 894//2613
f 895//2614 887//2614 755//2614
f 892//2615 887//2615 895//2615
f 893//2616 892//2616 896//2616
f 899//2617 890//2617 893//2617
f 899//2618 897//2618 898//2618
f 894//2619 890//2619 899//2619
f 901//2620 891//2620 894//2620
f 886//2621 891//2621 901//2621
f 902//2622 896//2622 895//2622
f 903//2623 897//2623 896//2623
f 898//2624 897//2624 903//2624
f 904//2625 900//2625 898//2625
f 901//2626 900//2626 904//2626
f 906//2627 904//2627 905//2627
f 907//2628 895//2628 755//2628
f 898//2629 903//2629 908//2629
f 910//2630 904//2630 898//2630
f 905//2631 904//2631 910//2631
f 912//2632 906//2632 905//2632
f 871//2633 867//2633 878//2633
f 915//2634 871//2634 913//2634
f 917//2635 915//2635 916//2635
f 873//2636 872//2636 917//2636
f 919//2637 920//2637 918//2637
f 913//2638 878//2638 883//2638
f 925//2639 914//2639 913//2639
f 921//2640 915//2640 914//2640
f 916//2641 915//2641 921//2641
f 923//2642 917//2642 916//2642
f 924//2643 919//2643 917//2643
f 925//2644 883//2644 886//2644
f 927//2645 924//2645 922//2645
f 928//2646 925//2646 886//2646
f 928//2647 921//2647 925//2647
f 929//2648 922//2648 921//2648
f 926//2649 922//2649 929//2649
f 931//2650 926//2650 929//2650
f 928//2651 886//2651 901//2651
f 932//2652 931//2652 929//2652
f 932//2653 930//2653 931//2653
f 928//2654 901//2654 906//2654
f 934//2655 929//2655 928//2655
f 934//2656 932//2656 929//2656
f 933//2657 906//2657 912//2657
f 934//2655 928//2655 933//2655
f 936//2658 704//2658 712//2658
f 937//2659 706//2659 704//2659
f 937//2660 704//2660 936//2660
f 714//2661 706//2661 937//2661
f 938//2662 713//2662 714//2662
f 874//2663 713//2663 938//2663
f 936//2664 712//2664 919//2664
f 939//2665 936//2665 919//2665
f 940//2666 937//2666 936//2666
f 941//2667 714//2667 937//2667
f 944//2668 938//2668 714//2668
f 944//2669 942//2669 943//2669
f 939//2670 924//2670 927//2670
f 940//2671 939//2671 946//2671
f 940//2672 948//2672 947//2672
f 941//2673 937//2673 947//2673
f 942//2674 947//2674 948//2674
f 945//2675 943//2675 949//2675
f 930//2676 946//2676 927//2676
f 951//2677 948//2677 946//2677
f 952//2678 949//2678 948//2678
f 950//2679 949//2679 952//2679
f 952//2680 951//2680 955//2680
f 958//2681 953//2681 952//2681
f 954//2682 930//2682 932//2682
f 959//2683 954//2683 932//2683
f 955//2684 954//2684 959//2684
f 960//2685 957//2685 955//2685
f 935//2686 959//2686 934//2686
f 962//2687 959//2687 961//2687
f 960//2688 959//2688 962//2688
f 907//2689 766//2689 839//2689
f 964//2690 902//2690 907//2690
f 965//2691 908//2691 902//2691
f 909//2692 908//2692 965//2692
f 910//2693 909//2693 966//2693
f 969//2694 911//2694 910//2694
f 970//2695 912//2695 911//2695
f 964//2696 839//2696 971//2696
f 973//2697 965//2697 964//2697
f 974//2698 966//2698 965//2698
f 967//2699 841//2699 845//2699
f 967//2700 975//2700 971//2700
f 976//2701 972//2701 971//2701
f 977//2702 973//2702 972//2702
f 977//2703 978//2703 974//2703
f 968//2704 966//2704 974//2704
f 979//2705 969//2705 968//2705
f 980//2706 975//2706 845//2706
f 981//2707 982//2707 979//2707
f 970//2708 969//2708 979//2708
f 983//2709 980//2709 843//2709
f 976//2710 975//2710 985//2710
f 977//2711 976//2711 986//2711
f 988//2712 978//2712 977//2712
f 980//2713 989//2713 985//2713
f 990//2714 986//2714 985//2714
f 990//2715 991//2715 987//2715
f 991//2716 992//2716 988//2716
f 981//2717 978//2717 988//2717
f 993//2718 990//2718 989//2718
f 993//2719 994//2719 991//2719
f 994//935 995//935 992//935
f 984//2720 981//2720 992//2720
f 996//2721 982//2721 984//2721
f 997//2722 933//2722 912//2722
f 935//2723 933//2723 998//2723
f 999//2724 997//2724 970//2724
f 1000//2725 983//2725 846//2725
f 1001//2726 998//2726 997//2726
f 1002//2727 1000//2727 850//2727
f 1004//2728 989//2728 983//2728
f 1005//2729 994//2729 993//2729
f 1006//2730 995//2730 994//2730
f 999//2731 982//2731 996//2731
f 1007//2732 993//2732 1004//2732
f 1008//2733 1004//2733 1000//2733
f 1007//2734 1009//2734 1005//2734
f 1010//2735 1006//2735 1005//2735
f 1010//2736 1011//2736 996//2736
f 1012//2737 1007//2737 1008//2737
f 1001//2738 999//2738 1011//2738
f 1003//2739 1001//2739 1011//2739
f 1009//2740 1013//2740 1010//2740
f 1014//2741 1011//2741 1010//2741
f 961//2742 935//2742 1015//2742
f 1017//2743 963//2743 961//2743
f 855//2744 1018//2744 1002//2744
f 1015//2745 998//2745 1003//2745
f 1016//2746 1015//2746 1019//2746
f 1017//2747 1016//2747 1019//2747
f 1018//2748 1023//2748 1008//2748
f 1023//2749 1024//2749 1012//2749
f 1025//2750 1009//2750 1012//2750
f 1026//2751 1013//2751 1009//2751
f 1019//2752 1003//2752 1014//2752
f 1026//2753 1027//2753 1014//2753
f 1023//2754 1028//2754 1024//2754
f 1029//2755 1023//2755 1018//2755
f 1028//2756 1030//2756 1025//2756
f 1030//2757 1031//2757 1026//2757
f 1027//2758 1031//2758 1020//2758
f 1027//2759 1021//2759 1019//2759
f 1022//2760 1032//2760 1028//2760
f 1033//2761 1031//2761 1030//2761
f 185//2762 1034//2762 446//2762
f 1035//2763 1034//2763 186//2763
f 1036//2764 1035//2764 187//2764
f 1037//2765 1036//2765 188//2765
f 1038//2766 452//2766 446//2766
f 1039//2767 459//2767 1038//2767
f 1035//2768 1040//2768 1038//2768
f 1040//2769 1041//2769 1039//2769
f 1042//2770 1040//2770 1036//2770
f 1043//2771 1041//2771 1040//2771
f 1045//2772 1044//2772 459//2772
f 1041//2773 1046//2773 1045//2773
f 1043//2774 1047//2774 1046//2774
f 1048//2775 465//2775 458//2775
f 1044//2776 1049//2776 1048//2776
f 1051//2777 1050//2777 1049//2777
f 1052//2778 1049//2778 1045//2778
f 1052//2779 1061//2779 1051//2779
f 1046//2780 1053//2780 1052//2780
f 1053//2781 1054//2781 1061//2781
f 1055//2782 1054//2782 1053//2782
f 1056//2783 1055//2783 1053//2783
f 1048//2784 1057//2784 466//2784
f 1050//2785 1058//2785 1057//2785
f 1060//2786 1058//2786 1050//2786
f 1051//2787 1061//2787 1060//2787
f 1062//2788 1059//2788 1060//2788
f 1054//2789 1063//2789 1062//2789
f 1064//2790 1063//2790 1055//2790
f 1057//2791 1065//2791 473//2791
f 1067//2792 1065//2792 1057//2792
f 1067//2793 1068//2793 1066//2793
f 1059//2794 1068//2794 1067//2794
f 1069//2795 1068//2795 1059//2795
f 1072//2796 1069//2796 1062//2796
f 1070//2797 1072//2797 1062//2797
f 1064//2798 1071//2798 1070//2798
f 1069//2799 1072//2799 1074//2799
f 1076//2800 1073//2800 1070//2800
f 1066//2801 656//2801 478//2801
f 1068//2802 1074//2802 1066//2802
f 1073//2803 1236//2803 1075//2803
f 1073//2804 1076//2804 1236//2804
f 1077//2805 208//2805 166//2805
f 209//2806 208//2806 1077//2806
f 1078//2807 210//2807 209//2807
f 210//2808 1080//2808 1079//2808
f 1081//2809 212//2809 211//2809
f 1077//2810 486//2810 1082//2810
f 1078//2811 1077//2811 1088//2811
f 1080//2812 1078//2812 1083//2812
f 1086//2813 1081//2813 1079//2813
f 1087//2814 1082//2814 490//2814
f 1083//2815 1088//2815 1089//2815
f 1091//2816 1085//2816 1083//2816
f 1086//2817 1085//2817 1084//2817
f 1087//2818 495//2818 500//2818
f 1095//2819 1088//2819 1087//2819
f 1095//2820 1089//2820 1088//2820
f 1090//2821 1091//2821 1089//2821
f 1098//2822 1091//2822 1090//2822
f 1096//2823 1084//2823 1091//2823
f 1092//2824 1084//2824 1096//2824
f 1093//2825 500//2825 503//2825
f 1094//2826 1095//2826 1093//2826
f 1098//2827 1090//2827 1094//2827
f 1096//2828 1098//2828 1099//2828
f 1100//2829 1097//2829 503//2829
f 1094//2830 1097//2830 1100//2830
f 1098//2831 1094//2831 1101//2831
f 1099//2832 1101//2832 1102//2832
f 1100//2833 514//2833 513//2833
f 1104//2834 1105//2834 1100//2834
f 1108//2835 1103//2835 1102//2835
f 1110//2836 513//2836 1109//2836
f 1110//2837 1105//2837 1104//2837
f 1110//2838 1106//2838 1105//2838
f 1111//2839 1107//2839 1106//2839
f 1112//2840 1108//2840 1107//2840
f 233//2841 1114//2841 1037//2841
f 234//2842 1116//2842 1115//2842
f 234//2843 1117//2843 1116//2843
f 1118//2844 1042//2844 1037//2844
f 1118//2845 1119//2845 1043//2845
f 1115//2846 1119//2846 1118//2846
f 1116//2847 1120//2847 1119//2847
f 1117//2848 1121//2848 1120//2848
f 1122//2849 1121//2849 1117//2849
f 1123//2850 1047//2850 1043//2850
f 1119//2851 1124//2851 1123//2851
f 1121//2852 1126//2852 1124//2852
f 1126//2853 1127//2853 1125//2853
f 1126//2854 1128//2854 1127//2854
f 1121//2855 1129//2855 1126//2855
f 1124//2856 1131//2856 1130//2856
f 1125//2857 1131//2857 1124//2857
f 1128//2858 1129//2858 1132//2858
f 1130//2859 1055//2859 1056//2859
f 1131//2860 1064//2860 1130//2860
f 1125//2861 1133//2861 1131//2861
f 1128//2862 1134//2862 1133//2862
f 1132//2863 1135//2863 1134//2863
f 1136//2864 1071//2864 1064//2864
f 1133//2865 1137//2865 1136//2865
f 1134//2866 1139//2866 1138//2866
f 1140//2867 1139//2867 1134//2867
f 1071//2868 1141//2868 1076//2868
f 1142//2869 1141//2869 1136//2869
f 1143//2870 1142//2870 1137//2870
f 1141//2871 1144//2871 1076//2871
f 1145//2872 1144//2872 1141//2872
f 1146//2873 1145//2873 1142//2873
f 1139//2874 1147//2874 1146//2874
f 1148//2875 245//2875 212//2875
f 1149//2876 248//2876 251//2876
f 252//2877 248//2877 1149//2877
f 1086//2878 1148//2878 1081//2878
f 1151//2879 251//2879 1148//2879
f 1149//2880 251//2880 1151//2880
f 1150//2881 1149//2881 1152//2881
f 1151//2882 1086//2882 1092//2882
f 1155//2883 1152//2883 1151//2883
f 1156//2884 1153//2884 1152//2884
f 1154//2885 1092//2885 1157//2885
f 1162//2886 1155//2886 1154//2886
f 1159//2887 1156//2887 1155//2887
f 1161//2888 1157//2888 1096//2888
f 1159//2889 1162//2889 1163//2889
f 1164//2890 1160//2890 1099//2890
f 1164//2891 1161//2891 1160//2891
f 1158//2892 1161//2892 1165//2892
f 1162//2893 1158//2893 1166//2893
f 1163//2894 1162//2894 1166//2894
f 1164//2895 1103//2895 1108//2895
f 1165//2896 1164//2896 1168//2896
f 1166//2897 1165//2897 1169//2897
f 1172//2898 1167//2898 1166//2898
f 1173//2899 1168//2899 1108//2899
f 1174//2900 1169//2900 1168//2900
f 1170//2901 1169//2901 1175//2901
f 1171//2902 1170//2902 1175//2902
f 1178//2903 1172//2903 1171//2903
f 283//2904 1180//2904 1179//2904
f 284//2905 1180//2905 283//2905
f 284//2906 1182//2906 1181//2906
f 285//2907 1182//2907 284//2907
f 1183//2908 1182//2908 285//2908
f 1179//2909 1184//2909 1122//2909
f 1185//2910 1184//2910 1179//2910
f 1183//2911 1187//2911 1186//2911
f 1188//2912 1129//2912 1184//2912
f 1189//2913 1188//2913 1185//2913
f 1186//2914 1190//2914 1189//2914
f 1187//2915 1191//2915 1190//2915
f 1129//2916 1192//2916 1132//2916
f 1188//2917 1192//2917 1129//2917
f 1188//2918 1193//2918 1192//2918
f 1189//2919 1193//2919 1188//2919
f 1195//2920 1193//2920 1189//2920
f 1195//2921 1196//2921 1194//2921
f 1191//2922 1196//2922 1195//2922
f 1197//2923 1196//2923 1191//2923
f 1192//2924 1198//2924 1135//2924
f 1199//2925 1198//2925 1192//2925
f 1201//2926 1140//2926 1135//2926
f 1202//2927 1201//2927 1198//2927
f 1203//2928 1202//2928 1199//2928
f 1200//2929 1204//2929 1203//2929
f 1197//2930 1205//2930 1204//2930
f 1203//2931 1206//2931 1202//2931
f 1201//2932 1208//2932 1147//2932
f 1209//2933 1208//2933 1201//2933
f 1204//2934 1210//2934 1206//2934
f 1211//2935 1210//2935 1204//2935
f 301//2936 252//2936 1150//2936
f 302//2937 301//2937 1150//2937
f 299//2938 1212//2938 286//2938
f 1213//2939 1212//2939 299//2939
f 1214//2940 302//2940 1150//2940
f 304//2941 302//2941 1214//2941
f 1214//2942 1153//2942 1156//2942
f 1212//2943 1218//2943 1187//2943
f 1213//2944 1219//2944 1218//2944
f 1215//2945 1217//2945 1216//2945
f 1215//2946 1219//2946 1213//2946
f 1220//2947 1217//2947 1156//2947
f 1218//2948 1221//2948 1197//2948
f 1222//2949 1221//2949 1218//2949
f 1222//2950 1219//2950 1216//2950
f 1220//2951 1163//2951 1167//2951
f 1220//2952 1223//2952 1216//2952
f 1225//2953 1224//2953 1221//2953
f 1225//2954 1222//2954 1216//2954
f 1226//2955 1223//2955 1167//2955
f 1224//2956 1227//2956 1205//2956
f 1225//2957 1228//2957 1227//2957
f 1225//2958 1223//2958 1226//2958
f 1230//2959 1172//2959 1229//2959
f 1230//2960 1226//2960 1167//2960
f 1227//2961 1231//2961 1207//2961
f 1228//2962 1231//2962 1227//2962
f 1229//2963 1178//2963 1177//2963
f 1232//2964 1230//2964 1229//2964
f 1233//2965 1211//2965 1207//2965
f 1233//2966 1231//2966 1230//2966
f 1066//2967 1234//2967 658//2967
f 1074//2968 1235//2968 1234//2968
f 1075//2969 1236//2969 1235//2969
f 1238//2970 1236//2970 1076//2970
f 1236//2971 1238//2971 1237//2971
f 1237//2972 1239//2972 1234//2972
f 1237//2973 1240//2973 1239//2973
f 1241//2974 1240//2974 1238//2974
f 1234//2975 1242//2975 668//2975
f 1239//2976 1242//2976 1234//2976
f 1239//2977 1243//2977 1242//2977
f 1244//2978 1243//2978 1239//2978
f 1241//2979 1247//2979 1245//2979
f 1245//2980 1247//2980 1246//2980
f 1248//2981 672//2981 1242//2981
f 1244//2982 1249//2982 1248//2982
f 1250//2983 1249//2983 1246//2983
f 1247//2984 1251//2984 1250//2984
f 672//2985 1252//2985 676//2985
f 1253//2986 1252//2986 1248//2986
f 1254//2987 1253//2987 1249//2987
f 1255//2988 1254//2988 1250//2988
f 1109//2989 520//2989 681//2989
f 1111//2990 1110//2990 1257//2990
f 1112//2991 1111//2991 1258//2991
f 1260//2992 1113//2992 1112//2992
f 1261//2993 1109//2993 1256//2993
f 1262//2994 1257//2994 1109//2994
f 1258//2995 1257//2995 1262//2995
f 1259//2996 1258//2996 1262//2996
f 1260//2997 1259//2997 1266//2997
f 1264//2998 1262//2998 1261//2998
f 1263//2999 685//2999 694//2999
f 1264//3000 1261//3000 1269//3000
f 1265//3001 1264//3001 1275//3001
f 1272//3002 1266//3002 1265//3002
f 1273//3003 1267//3003 1266//3003
f 1268//3004 1267//3004 1273//3004
f 1269//3005 1263//3005 696//3005
f 1270//3006 1269//3006 1279//3006
f 1271//3007 1275//3007 1276//3007
f 1278//3008 1274//3008 1273//3008
f 696//3009 1280//3009 1279//3009
f 1293//3010 1280//3010 700//3010
f 1281//3011 1270//3011 1279//3011
f 1281//3012 1279//3012 1280//3012
f 1276//3013 1270//3013 1281//3013
f 1284//3014 1271//3014 1276//3014
f 1284//3015 1281//3015 1283//3015
f 1287//3016 1286//3016 1284//3016
f 1286//3017 1277//3017 1271//3017
f 1290//3018 1278//3018 1277//3018
f 1290//3019 1288//3019 1289//3019
f 1296//3020 1292//3020 1252//3020
f 1282//3021 1293//3021 1294//3021
f 1297//3022 1294//3022 1295//3022
f 1298//3023 1283//3023 1282//3023
f 1285//3024 1283//3024 1298//3024
f 1299//3025 1285//3025 1298//3025
f 1300//3026 1296//3026 1253//3026
f 1301//3027 1287//3027 1285//3027
f 1302//3028 1300//3028 1254//3028
f 1289//3029 1288//3029 1287//3029
f 1303//3030 1289//3030 1301//3030
f 1291//3031 1289//3031 1303//3031
f 1304//3032 1294//3032 710//3032
f 1304//3033 1295//3033 1294//3033
f 1292//3034 1305//3034 1458//3034
f 1305//3035 1292//3035 1296//3035
f 1306//3036 1299//3036 1295//3036
f 1296//3037 1300//3037 1305//3037
f 1300//3038 1307//3038 1305//3038
f 1303//3039 1301//3039 1308//3039
f 1309//3040 1310//3040 1307//3040
f 1311//3041 1303//3041 1308//3041
f 1312//3042 1238//3042 1076//3042
f 1145//3043 1313//3043 1312//3043
f 1146//3044 1314//3044 1313//3044
f 1315//3045 1314//3045 1146//3045
f 1147//3046 1316//3046 1315//3046
f 1317//3047 1238//3047 1312//3047
f 1318//3048 1317//3048 1313//3048
f 1319//3049 1318//3049 1314//3049
f 1320//3050 1319//3050 1315//3050
f 1238//3051 1321//3051 1241//3051
f 1322//3052 1321//3052 1238//3052
f 1323//3053 1322//3053 1317//3053
f 1318//3054 1324//3054 1323//3054
f 1319//3055 1325//3055 1324//3055
f 1320//3056 1326//3056 1325//3056
f 1321//3057 1247//3057 1241//3057
f 1327//3058 1321//3058 1322//3058
f 1324//3059 1328//3059 1327//3059
f 1325//3060 1329//3060 1328//3060
f 1327//3061 1331//3061 1330//3061
f 1328//3062 1331//3062 1327//3062
f 1329//3063 1332//3063 1328//3063
f 1326//3064 1362//3064 1332//3064
f 1333//3065 1251//3065 1330//3065
f 1173//3066 1113//3066 1260//3066
f 1338//3067 1174//3067 1173//3067
f 1335//3068 1175//3068 1174//3068
f 1336//3069 1176//3069 1175//3069
f 1178//3070 1336//3070 1177//3070
f 1336//3071 1178//3071 1176//3071
f 1334//3072 1260//3072 1267//3072
f 1334//3073 1337//3073 1338//3073
f 1340//3074 1336//3074 1335//3074
f 1268//3075 1337//3075 1267//3075
f 1340//3076 1335//3076 1341//3076
f 1342//3077 1340//3077 1341//3077
f 1339//3078 1337//3078 1344//3078
f 1341//3079 1339//3079 1345//3079
f 1342//3080 1341//3080 1345//3080
f 1343//3081 1274//3081 1278//3081
f 1344//3082 1343//3082 1347//3082
f 1328//3083 1350//3083 1333//3083
f 1345//3084 1344//3084 1349//3084
f 1352//3085 1350//3085 1328//3085
f 1353//3086 1349//3086 1351//3086
f 1346//3087 1345//3087 1353//3087
f 1348//3088 1278//3088 1290//3088
f 1348//3089 1358//3089 1357//3089
f 1359//3090 1358//3090 1356//3090
f 1349//3091 1348//3091 1357//3091
f 1351//3092 1349//3092 1357//3092
f 1358//3093 1360//3093 1357//3093
f 1362//3094 1352//3094 1332//3094
f 1354//3095 1351//3095 1360//3095
f 1361//3096 1363//3096 1360//3096
f 1354//3097 1363//3097 1364//3097
f 1311//3098 1356//3098 1291//3098
f 1365//3099 1359//3099 1356//3099
f 1368//3100 1366//3100 1333//3100
f 1367//3101 1359//3101 1365//3101
f 1369//3102 1368//3102 1350//3102
f 1370//3103 1361//3103 1358//3103
f 1362//3104 1371//3104 1369//3104
f 1385//3105 1372//3105 1367//3105
f 1361//3106 1374//3106 1373//3106
f 1372//3107 1374//3107 1370//3107
f 1375//3108 1371//3108 1362//3108
f 1355//3109 1376//3109 1309//3109
f 1376//3110 1377//3110 1310//3110
f 1380//3111 1365//3111 1311//3111
f 1381//3112 1376//3112 1366//3112
f 1381//3113 1382//3113 1378//3113
f 1369//3114 1382//3114 1381//3114
f 1383//3115 1385//3115 1365//3115
f 1384//3116 1383//3116 1365//3116
f 1371//3117 1382//3117 1369//3117
f 1387//3118 1386//3118 1383//3118
f 1389//3119 1439//3119 1372//3119
f 1386//3120 1389//3120 1385//3120
f 1391//3121 1316//3121 1208//3121
f 1391//3122 1392//3122 1390//3122
f 1206//3123 1392//3123 1391//3123
f 1210//3124 1392//3124 1206//3124
f 1210//3125 1394//3125 1393//3125
f 1211//3126 1394//3126 1210//3126
f 1390//3127 1395//3127 1320//3127
f 1392//3128 1396//3128 1395//3128
f 1397//3129 1396//3129 1393//3129
f 1394//3130 1398//3130 1393//3130
f 1399//3131 1326//3131 1320//3131
f 1400//3132 1399//3132 1395//3132
f 1397//3133 1400//3133 1396//3133
f 1397//3134 1402//3134 1401//3134
f 1398//3135 1402//3135 1397//3135
f 1399//3136 1403//3136 1326//3136
f 1404//3137 1403//3137 1399//3137
f 1404//3138 1405//3138 1403//3138
f 1401//3139 1405//3139 1404//3139
f 1406//3140 1405//3140 1401//3140
f 1405//3141 1407//3141 1403//3141
f 1408//3142 1407//3142 1405//3142
f 1403//3143 1409//3143 1362//3143
f 1410//3144 1409//3144 1403//3144
f 1411//3145 1229//3145 1177//3145
f 1411//3146 1177//3146 1336//3146
f 1232//3147 1229//3147 1411//3147
f 1412//3148 1413//3148 1411//3148
f 1414//3149 1394//3149 1211//3149
f 1414//3150 1233//3150 1232//3150
f 1412//3151 1336//3151 1340//3151
f 1414//3152 1417//3152 1398//3152
f 1414//3153 1413//3153 1416//3153
f 1418//3154 1417//3154 1416//3154
f 1415//3155 1340//3155 1342//3155
f 1420//3156 1412//3156 1415//3156
f 1417//3157 1421//3157 1402//3157
f 1418//3158 1422//3158 1421//3158
f 1418//3159 1412//3159 1420//3159
f 1419//3160 1342//3160 1346//3160
f 1421//3161 1424//3161 1406//3161
f 1422//3162 1425//3162 1424//3162
f 1425//3163 1422//3163 1420//3163
f 1426//3164 1419//3164 1346//3164
f 1423//3165 1429//3165 1428//3165
f 1423//3166 1419//3166 1426//3166
f 1408//3167 1430//3167 1427//3167
f 1424//3168 1430//3168 1408//3168
f 1431//3169 1430//3169 1424//3169
f 1425//3170 1423//3170 1428//3170
f 1426//3171 1354//3171 1364//3171
f 1410//3172 1433//3172 1409//3172
f 1427//3173 1433//3173 1410//3173
f 1429//3174 1435//3174 1434//3174
f 1429//3175 1426//3175 1364//3175
f 1432//3176 1435//3176 1364//3176
f 1436//3177 1433//3177 1427//3177
f 1431//3178 1437//3178 1436//3178
f 1431//3179 1428//3179 1434//3179
f 1438//3180 1437//3180 1434//3180
f 1432//3181 1363//3181 1373//3181
f 1440//3182 1375//3182 1409//3182
f 1432//3183 1442//3183 1441//3183
f 1443//3184 1442//3184 1373//3184
f 1436//3185 1444//3185 1440//3185
f 1437//3186 1445//3186 1444//3186
f 1438//3187 1446//3187 1445//3187
f 1438//3188 1435//3188 1441//3188
f 1447//3189 1446//3189 1441//3189
f 1440//3190 1449//3190 1375//3190
f 1451//3191 1443//3191 1439//3191
f 1448//3192 1451//3192 1389//3192
f 1452//3193 1449//3193 1440//3193
f 1452//3194 1453//3194 1449//3194
f 1445//3195 1453//3195 1452//3195
f 1454//3196 1453//3196 1445//3196
f 1447//3197 1455//3197 1454//3197
f 1447//3198 1442//3198 1450//3198
f 1456//3199 1455//3199 1450//3199
f 1457//3200 1456//3200 1443//3200
f 1458//3201 809//3201 678//3201
f 1458//3202 811//3202 809//3202
f 1459//3203 811//3203 1458//3203
f 1305//3204 1460//3204 1459//3204
f 1307//3205 1461//3205 1460//3205
f 1459//3206 815//3206 811//3206
f 1463//3207 1462//3207 1459//3207
f 1464//3208 1463//3208 1461//3208
f 1310//3209 1465//3209 1461//3209
f 1466//3210 820//3210 815//3210
f 1467//3211 1466//3211 1462//3211
f 1463//3212 1468//3212 1467//3212
f 1463//3213 1469//3213 1468//3213
f 1471//3214 1470//3214 1469//3214
f 1472//3215 1469//3215 1464//3215
f 1474//3216 1473//3216 1467//3216
f 1476//3217 826//3217 820//3217
f 1477//3218 1476//3218 1473//3218
f 1479//3219 826//3219 1476//3219
f 1481//3220 1479//3220 1477//3220
f 1482//3221 1480//3221 1481//3221
f 1483//3222 1481//3222 1478//3222
f 1483//3223 1482//3223 1481//3223
f 826//3224 1484//3224 834//3224
f 1482//3225 1485//3225 1480//3225
f 1486//3226 1485//3226 1482//3226
f 1487//3227 1486//3227 1482//3227
f 1488//3228 835//3228 834//3228
f 1488//3229 1489//3229 856//3229
f 1490//3230 1489//3230 1488//3230
f 1480//3231 1491//3231 1488//3231
f 1485//3232 1490//3232 1491//3232
f 1487//3233 1492//3233 1486//3233
f 1377//3234 1465//3234 1310//3234
f 1377//3235 1378//3235 1465//3235
f 1382//3236 1493//3236 1378//3236
f 1382//3237 1495//3237 1493//3237
f 1384//3238 1380//3238 1494//3238
f 1504//3239 1387//3239 1384//3239
f 1497//3240 1495//3240 1371//3240
f 1387//3241 1499//3241 1498//3241
f 1388//3242 1500//3242 1497//3242
f 1465//3243 1501//3243 1464//3243
f 1493//3244 1501//3244 1465//3244
f 1493//3245 1503//3245 1501//3245
f 1497//3246 1505//3246 1502//3246
f 1497//3247 1506//3247 1505//3247
f 1509//3248 1471//3248 1472//3248
f 1502//3249 1510//3249 1503//3249
f 1510//3250 1511//3250 1509//3250
f 1508//3251 1507//3251 1512//3251
f 1509//3252 1475//3252 1471//3252
f 1510//3253 1515//3253 1511//3253
f 1506//3254 1516//3254 1515//3254
f 1509//3255 1517//3255 1475//3255
f 1518//3256 1517//3256 1514//3256
f 1518//3257 1519//3257 1517//3257
f 1520//3258 1518//3258 1511//3258
f 1520//3259 1519//3259 1518//3259
f 1516//3260 1521//3260 1520//3260
f 1522//3261 1521//3261 1516//3261
f 1523//3262 1483//3262 1475//3262
f 1524//3263 1487//3263 1483//3263
f 1525//3264 1524//3264 1523//3264
f 1519//3265 1526//3265 1525//3265
f 1520//3266 1527//3266 1526//3266
f 1522//3267 1528//3267 1527//3267
f 1529//3268 1492//3268 1487//3268
f 1529//3269 1530//3269 1492//3269
f 1530//3270 1529//3270 1525//3270
f 1531//3271 1530//3271 1526//3271
f 1527//3272 1533//3272 1531//3272
f 1448//3273 1386//3273 1498//3273
f 1449//3274 1535//3274 1388//3274
f 1537//3275 1535//3275 1449//3275
f 1537//3276 1538//3276 1536//3276
f 1454//3277 1538//3277 1537//3277
f 1539//3278 1538//3278 1454//3278
f 1456//3279 1540//3279 1539//3279
f 1457//3280 1541//3280 1540//3280
f 1542//3281 1541//3281 1451//3281
f 1534//3282 1499//3282 1508//3282
f 1543//3283 1500//3283 1388//3283
f 1543//3284 1544//3284 1500//3284
f 1536//3285 1544//3285 1543//3285
f 1546//3286 1545//3286 1534//3286
f 1547//3287 1544//3287 1536//3287
f 1539//3288 1548//3288 1547//3288
f 1540//3289 1549//3289 1548//3289
f 1550//3290 1549//3290 1540//3290
f 1542//3291 1551//3291 1550//3291
f 1542//3292 1448//3292 1545//3292
f 1562//3293 1551//3293 1545//3293
f 1552//3294 1549//3294 1550//3294
f 1554//3295 1553//3295 1550//3295
f 1500//3296 1555//3296 1506//3296
f 1556//3297 1534//3297 1508//3297
f 1557//3298 1555//3298 1500//3298
f 1546//3299 1534//3299 1556//3299
f 1558//3300 1557//3300 1544//3300
f 1558//3301 1559//3301 1557//3301
f 1548//3302 1559//3302 1558//3302
f 1560//3303 1559//3303 1548//3303
f 1552//3304 1560//3304 1549//3304
f 1554//3305 1564//3305 1552//3305
f 1554//3306 1551//3306 1562//3306
f 1565//3307 1564//3307 1562//3307
f 1555//3308 1566//3308 1516//3308
f 1567//3309 1566//3309 1555//3309
f 1569//3310 1567//3310 1557//3310
f 1569//3311 1570//3311 1568//3311
f 1560//3312 1570//3312 1569//3312
f 1561//3313 1571//3313 1570//3313
f 1564//3314 1573//3314 1571//3314
f 1565//3315 1574//3315 1573//3315
f 1565//3316 1563//3316 1572//3316
f 1566//3317 1576//3317 1522//3317
f 1575//3318 1577//3318 1576//3318
f 1568//3319 1577//3319 1575//3319
f 1579//3320 1577//3320 1568//3320
f 1579//3321 1580//3321 1578//3321
f 1571//3322 1580//3322 1579//3322
f 1582//3323 1580//3323 1571//3323
f 1582//3324 1583//3324 1581//3324
f 1574//3325 1583//3325 1582//3325
f 1576//3326 1584//3326 1522//3326
f 1586//3327 1585//3327 1578//3327
f 1581//3328 1587//3328 1586//3328
f 1581//3329 1588//3329 1587//3329
f 1589//3330 1588//3330 1581//3330
f 1590//3331 1591//3331 1584//3331
f 1593//3332 1590//3332 1585//3332
f 1594//3333 1591//3333 1590//3333
f 1587//3334 1594//3334 1593//3334
f 1594//3335 1595//3335 1592//3335
f 1588//3336 1595//3336 1594//3336
f 1584//3337 1596//3337 1533//3337
f 1596//3338 1532//3338 1533//3338
f 1591//3339 1596//3339 1584//3339
f 1591//3340 1597//3340 1596//3340
f 1592//3341 1597//3341 1591//3341
f 1701//3342 1597//3342 1592//3342
f 1489//3343 1598//3343 857//3343
f 1490//3344 1599//3344 1489//3344
f 1708//3345 1598//3345 1599//3345
f 1485//3346 1600//3346 1599//3346
f 1600//3347 1708//3347 1599//3347
f 1486//3348 1492//3348 1600//3348
f 1598//3349 1602//3349 860//3349
f 1530//3350 1729//3350 1601//3350
f 1530//3351 1603//3351 1729//3351
f 1604//3352 1603//3352 1532//3352
f 1605//3353 1604//3353 1532//3353
f 1606//3354 1605//3354 1596//3354
f 1304//3355 715//3355 874//3355
f 1306//3356 1304//3356 1607//3356
f 1299//3357 1306//3357 1608//3357
f 1609//3358 1308//3358 1299//3358
f 1610//3359 1311//3359 1308//3359
f 1607//3360 874//3360 938//3360
f 1612//3361 1608//3361 1607//3361
f 1613//3362 1608//3362 1612//3362
f 1609//3363 1608//3363 1613//3363
f 1614//3364 1615//3364 1613//3364
f 1616//3365 1610//3365 1609//3365
f 945//3366 1617//3366 944//3366
f 1611//3367 938//3367 1617//3367
f 1619//3368 1617//3368 1618//3368
f 1612//3369 1611//3369 1619//3369
f 1620//3370 1621//3370 1619//3370
f 1621//3371 1614//3371 1612//3371
f 1616//3372 1615//3372 1622//3372
f 1626//3373 1618//3373 945//3373
f 1631//3374 1622//3374 1621//3374
f 1623//3375 1622//3375 1631//3375
f 1625//3376 1623//3376 1627//3376
f 1628//3377 1626//3377 950//3377
f 1629//3378 1620//3378 1626//3378
f 1632//3379 1631//3379 1637//3379
f 1625//3380 1627//3380 1632//3380
f 1634//3381 1628//3381 953//3381
f 1629//3382 1628//3382 1634//3382
f 1630//3383 1629//3383 1635//3383
f 1637//3384 1631//3384 1630//3384
f 1632//3385 1637//3385 1638//3385
f 1640//3386 1634//3386 958//3386
f 1636//3387 1634//3387 1640//3387
f 1640//3388 957//3388 960//3388
f 1642//3389 1636//3389 1640//3389
f 1641//3390 1636//3390 1642//3390
f 1643//3391 1638//3391 1641//3391
f 1639//3392 1638//3392 1643//3392
f 1645//3393 1642//3393 960//3393
f 1643//3394 1642//3394 1645//3394
f 1644//3395 1643//3395 1646//3395
f 1616//3396 1379//3396 1610//3396
f 1494//3397 1379//3397 1648//3397
f 1624//3398 1648//3398 1616//3398
f 1651//3399 1650//3399 1624//3399
f 1650//3400 1649//3400 1648//3400
f 1496//3401 1649//3401 1650//3401
f 1496//3402 1650//3402 1652//3402
f 1507//3403 1496//3403 1653//3403
f 1651//3404 1625//3404 1633//3404
f 1652//3405 1651//3405 1654//3405
f 1655//3406 1656//3406 1654//3406
f 1653//3407 1658//3407 1657//3407
f 1653//3408 1652//3408 1656//3408
f 1659//3409 1512//3409 1657//3409
f 1513//3410 1512//3410 1659//3410
f 1654//3411 1633//3411 1661//3411
f 1655//3412 1654//3412 1661//3412
f 1662//3413 1658//3413 1656//3413
f 1660//3414 1659//3414 1662//3414
f 1664//3415 1660//3415 1663//3415
f 1665//3416 1661//3416 1633//3416
f 1655//3417 1661//3417 1665//3417
f 1666//3418 1656//3418 1655//3418
f 1662//3419 1656//3419 1666//3419
f 1667//3420 1664//3420 1663//3420
f 1665//3421 1639//3421 1644//3421
f 1666//3422 1665//3422 1668//3422
f 1667//3423 1666//3423 1669//3423
f 1670//3424 1664//3424 1667//3424
f 1647//3425 1668//3425 1644//3425
f 1669//3426 1668//3426 1672//3426
f 1673//3427 1670//3427 1669//3427
f 1674//3428 1563//3428 1546//3428
f 1556//3429 1513//3429 1659//3429
f 1675//3430 1659//3430 1660//3430
f 1674//3431 1556//3431 1675//3431
f 1678//3432 1574//3432 1572//3432
f 1676//3433 1660//3433 1664//3433
f 1677//3434 1680//3434 1679//3434
f 1681//3435 1680//3435 1676//3435
f 1572//3436 1677//3436 1679//3436
f 1683//3437 1682//3437 1679//3437
f 1678//3438 1684//3438 1583//3438
f 1678//3439 1572//3439 1682//3439
f 1681//3440 1686//3440 1685//3440
f 1681//3441 1676//3441 1664//3441
f 1687//3442 1686//3442 1664//3442
f 1683//3443 1689//3443 1688//3443
f 1683//3444 1680//3444 1685//3444
f 1690//3445 1689//3445 1685//3445
f 1691//3446 1688//3446 1588//3446
f 1684//3447 1691//3447 1589//3447
f 1691//3448 1684//3448 1682//3448
f 1687//3449 1694//3449 1693//3449
f 1687//3450 1664//3450 1692//3450
f 1695//3451 1595//3451 1588//3451
f 1696//3452 1695//3452 1688//3452
f 1690//3453 1697//3453 1696//3453
f 1690//3454 1686//3454 1693//3454
f 1698//3455 1697//3455 1693//3455
f 1670//3456 1700//3456 1699//3456
f 1694//3457 1692//3457 1699//3457
f 1695//3458 1703//3458 1701//3458
f 1696//3459 1704//3459 1703//3459
f 1705//3460 1704//3460 1696//3460
f 1698//3461 1706//3461 1705//3461
f 1698//3462 1694//3462 1702//3462
f 1707//3463 1645//3463 963//3463
f 1709//3464 1643//3464 1645//3464
f 1710//3465 1708//3465 1600//3465
f 1646//3466 1643//3466 1709//3466
f 1711//3467 1647//3467 1646//3467
f 1020//3468 1712//3468 1021//3468
f 1712//3469 1707//3469 1017//3469
f 1712//3470 1709//3470 1707//3470
f 1714//3471 1602//3471 1708//3471
f 1715//3472 1712//3472 1713//3472
f 1716//3473 1714//3473 1708//3473
f 1715//3474 1711//3474 1709//3474
f 1710//3475 1717//3475 1716//3475
f 860//3476 1720//3476 1022//3476
f 1720//3477 1721//3477 1032//3477
f 1722//3478 1030//3478 1032//3478
f 1723//3479 1033//3479 1722//3479
f 1713//3480 1020//3480 1033//3480
f 1714//3481 1720//3481 1602//3481
f 1714//3482 1724//3482 1721//3482
f 1725//3483 1722//3483 1721//3483
f 1716//3484 1726//3484 1724//3484
f 1726//3485 1727//3485 1725//3485
f 1727//3486 1728//3486 1723//3486
f 1728//3487 1718//3487 1713//3487
f 1601//3488 1729//3488 1710//3488
f 1603//3489 1731//3489 1729//3489
f 1730//3490 1671//3490 1647//3490
f 1672//3491 1671//3491 1730//3491
f 1733//3492 1731//3492 1603//3492
f 1673//3493 1672//3493 1734//3493
f 1729//3494 1719//3494 1717//3494
f 1729//3495 1736//3495 1719//3495
f 1737//3496 1715//3496 1735//3496
f 1730//3497 1711//3497 1715//3497
f 1739//3498 1736//3498 1731//3498
f 1738//3499 1732//3499 1730//3499
f 1740//3500 1747//3500 1739//3500
f 1742//3501 1734//3501 1732//3501
f 1743//3502 1744//3502 1742//3502
f 1745//3503 1726//3503 1719//3503
f 1746//3504 1727//3504 1726//3504
f 1728//3505 1735//3505 1718//3505
f 1719//3506 1736//3506 1747//3506
f 1746//3507 1748//3507 1728//3507
f 1749//3508 1745//3508 1747//3508
f 1750//3509 1748//3509 1746//3509
f 1738//3510 1737//3510 1735//3510
f 1751//3511 1749//3511 1747//3511
f 1751//3512 1752//3512 1746//3512
f 1750//3513 1753//3513 1735//3513
f 1752//3514 1754//3514 1750//3514
f 1753//3515 1754//3515 1741//3515
f 1753//3516 1742//3516 1738//3516
f 1751//3517 1755//3517 1752//3517
f 1756//3518 1754//3518 1752//3518
f 1740//3519 1757//3519 1751//3519
f 1743//3520 1741//3520 1756//3520
f 1758//3521 1700//3521 1673//3521
f 1606//3522 1759//3522 1605//3522
f 1701//3523 1759//3523 1606//3523
f 1702//3524 1763//3524 1762//3524
f 1702//3525 1700//3525 1758//3525
f 1703//3526 1759//3526 1701//3526
f 1703//3527 1704//3527 1760//3527
f 1704//3528 1764//3528 1761//3528
f 1705//3529 1764//3529 1704//3529
f 1765//3530 1764//3530 1705//3530
f 1706//3531 1702//3531 1762//3531
f 1766//3532 1739//3532 1733//3532
f 1767//3533 1740//3533 1739//3533
f 1768//3534 1769//3534 1744//3534
f 1769//3535 1758//3535 1734//3535
f 1770//3536 1766//3536 1605//3536
f 1770//3537 1771//3537 1767//3537
f 1760//3538 1771//3538 1770//3538
f 1761//3539 1772//3539 1771//3539
f 1774//3540 1769//3540 1768//3540
f 1774//3541 1773//3541 1762//3541
f 1774//3542 1763//3542 1758//3542
f 1764//3543 1772//3543 1761//3543
f 1775//3544 1773//3544 1772//3544
f 1765//3545 1775//3545 1764//3545
f 1775//3546 1765//3546 1762//3546
f 1767//3547 1776//3547 1757//3547
f 1776//3548 1777//3548 1755//3548
f 1778//3549 1756//3549 1755//3549
f 1768//3550 1743//3550 1756//3550
f 1779//3551 1776//3551 1767//3551
f 1779//3552 1780//3552 1777//3552
f 1772//3553 1780//3553 1779//3553
f 1781//3554 1778//3554 1777//3554
f 1781//3555 1780//3555 1772//3555
f 1781//3556 1773//3556 1768//3556
